01-01-2003,
02-01-2003,1647654.00
03-01-2003,1656389.00
04-01-2003,
05-01-2003,
06-01-2003,1654607.00
07-01-2003,1660803.00
08-01-2003,1677753.00
09-01-2003,1682447.00
10-01-2003,1677726.00
11-01-2003,
12-01-2003,
13-01-2003,1664619.00
14-01-2003,1664227.00
15-01-2003,1665248.00
16-01-2003,1668206.00
17-01-2003,1663465.00
18-01-2003,
19-01-2003,
20-01-2003,1662843.00
21-01-2003,1667118.00
22-01-2003,1660433.00
23-01-2003,1669658.00
24-01-2003,1665925.00
25-01-2003,
26-01-2003,
27-01-2003,1661242.00
28-01-2003,1663596.00
29-01-2003,1660787.00
30-01-2003,1659199.00
31-01-2003,1650139.00
01-02-2003,
02-02-2003,
03-02-2003,1643418.00
04-02-2003,1637657.00
05-02-2003,1639065.00
06-02-2003,1648562.00
07-02-2003,1635427.00
08-02-2003,
09-02-2003,
10-02-2003,1633099.00
11-02-2003,
12-02-2003,
13-02-2003,
14-02-2003,
15-02-2003,
16-02-2003,
17-02-2003,1633099.00
18-02-2003,1642384.00
19-02-2003,1626780.00
20-02-2003,1626447.00
21-02-2003,1633086.00
22-02-2003,
23-02-2003,
24-02-2003,1625009.00
25-02-2003,1620978.00
26-02-2003,1620257.00
27-02-2003,1621166.00
28-02-2003,1610527.00
01-03-2003,
02-03-2003,
03-03-2003,1596241.00
04-03-2003,1651912.00
05-03-2003,1637214.00
06-03-2003,1609306.00
07-03-2003,1608446.00
08-03-2003,
09-03-2003,
10-03-2003,1612096.00
11-03-2003,1606758.00
12-03-2003,1617534.00
13-03-2003,1620116.00
14-03-2003,1630955.00
15-03-2003,
16-03-2003,
17-03-2003,1647014.00
18-03-2003,1684311.00
19-03-2003,1647951.00
20-03-2003,1695776.00
21-03-2003,1707194.00
22-03-2003,
23-03-2003,
24-03-2003,1722047.00
25-03-2003,1754813.00
26-03-2003,1742605.00
27-03-2003,1708266.00
28-03-2003,1713785.00
29-03-2003,
30-03-2003,
31-03-2003,1716452.00
01-04-2003,1708273.00
02-04-2003,1703926.00
03-04-2003,1695588.00
04-04-2003,1677342.00
05-04-2003,
06-04-2003,
07-04-2003,1656445.00
08-04-2003,1649862.00
09-04-2003,1637630.00
10-04-2003,1648767.00
11-04-2003,1658254.00
12-04-2003,
13-04-2003,
14-04-2003,1649410.00
15-04-2003,1632467.00
16-04-2003,1619115.00
17-04-2003,1616583.00
18-04-2003,1609576.00
19-04-2003,
20-04-2003,
21-04-2003,1606246.00
22-04-2003,1596555.00
23-04-2003,
24-04-2003,1597801.00
25-04-2003,1598764.00
26-04-2003,
27-04-2003,
28-04-2003,1594127.00
29-04-2003,1589166.00
30-04-2003,1590042.00
01-05-2003,1574838.00
02-05-2003,1556291.00
03-05-2003,
04-05-2003,
05-05-2003,1540563.00
06-05-2003,1534916.00
07-05-2003,1535263.00
08-05-2003,1532716.00
09-05-2003,1518971.00
10-05-2003,
11-05-2003,
12-05-2003,1504307.00
13-05-2003,1498736.00
14-05-2003,1495028.00
15-05-2003,1486596.00
16-05-2003,1487998.00
17-05-2003,
18-05-2003,
19-05-2003,
20-05-2003,1497070.00
21-05-2003,1473075.00
22-05-2003,1465300.00
23-05-2003,1477582.00
24-05-2003,
25-05-2003,
26-05-2003,1462833.00
27-05-2003,1459420.00
28-05-2003,1456354.00
29-05-2003,1449440.00
30-05-2003,1441583.00
31-05-2003,
01-06-2003,
02-06-2003,1426609.00
03-06-2003,1422203.00
04-06-2003,1436470.00
05-06-2003,1426415.00
06-06-2003,1443460.00
07-06-2003,
08-06-2003,
09-06-2003,1429855.00
10-06-2003,1415628.00
11-06-2003,1424875.00
12-06-2003,1424079.00
13-06-2003,1418253.00
14-06-2003,
15-06-2003,
16-06-2003,1415352.00
17-06-2003,1417773.00
18-06-2003,1414332.00
19-06-2003,1415938.00
20-06-2003,1426158.00
21-06-2003,
22-06-2003,
23-06-2003,1417044.00
24-06-2003,1432287.00
25-06-2003,1436997.00
26-06-2003,1438720.00
27-06-2003,1433809.00
28-06-2003,
29-06-2003,
30-06-2003,1428574.00
01-07-2003,1414436.00
02-07-2003,1409565.00
03-07-2003,1403808.00
04-07-2003,1397879.00
05-07-2003,
06-07-2003,
07-07-2003,1394761.00
08-07-2003,1403967.00
09-07-2003,1402513.00
10-07-2003,1419755.00
11-07-2003,1409215.00
12-07-2003,
13-07-2003,
14-07-2003,1394608.00
15-07-2003,1387347.00
16-07-2003,1379822.00
17-07-2003,1381999.00
18-07-2003,1384673.00
19-07-2003,
20-07-2003,
21-07-2003,1396273.00
22-07-2003,1390224.00
23-07-2003,1391031.00
24-07-2003,1401174.00
25-07-2003,1426481.00
26-07-2003,
27-07-2003,
28-07-2003,1418934.00
29-07-2003,1414256.00
30-07-2003,1437044.00
31-07-2003,1428702.00
01-08-2003,1418626.00
02-08-2003,
03-08-2003,
04-08-2003,1436057.00
05-08-2003,1421091.00
06-08-2003,1406452.00
07-08-2003,1401731.00
08-08-2003,1411100.00
09-08-2003,
10-08-2003,
11-08-2003,1401878.00
12-08-2003,1401928.00
13-08-2003,1403147.00
14-08-2003,1400818.00
15-08-2003,1402018.00
16-08-2003,
17-08-2003,
18-08-2003,1396215.00
19-08-2003,1396765.00
20-08-2003,1404102.00
21-08-2003,1400496.00
22-08-2003,1397889.00
23-08-2003,
24-08-2003,
25-08-2003,1393681.00
26-08-2003,1390170.00
27-08-2003,1388823.00
28-08-2003,1399920.00
29-08-2003,1407755.00
30-08-2003,
31-08-2003,
01-09-2003,1399508.00
02-09-2003,1391600.00
03-09-2003,1394411.00
04-09-2003,1394589.00
05-09-2003,1388006.00
06-09-2003,
07-09-2003,
08-09-2003,1384519.00
09-09-2003,1383485.00
10-09-2003,1389011.00
11-09-2003,1384058.00
12-09-2003,1386065.00
13-09-2003,
14-09-2003,
15-09-2003,1376772.00
16-09-2003,1375524.00
17-09-2003,1373532.00
18-09-2003,1374821.00
19-09-2003,1374374.00
20-09-2003,
21-09-2003,
22-09-2003,1370517.00
23-09-2003,1358643.00
24-09-2003,1354525.00
25-09-2003,1355519.00
26-09-2003,1372629.00
27-09-2003,
28-09-2003,
29-09-2003,1371762.00
30-09-2003,1383347.00
01-10-2003,1391055.00
02-10-2003,1393447.00
03-10-2003,1406156.00
04-10-2003,
05-10-2003,
06-10-2003,1395742.00
07-10-2003,1367643.00
08-10-2003,1378684.00
09-10-2003,1377954.00
10-10-2003,1384427.00
11-10-2003,
12-10-2003,
13-10-2003,1389577.00
14-10-2003,1398875.00
15-10-2003,1416020.00
16-10-2003,1408422.00
17-10-2003,1414267.00
18-10-2003,
19-10-2003,
20-10-2003,1438528.00
21-10-2003,1458944.00
22-10-2003,1456602.00
23-10-2003,1475728.00
24-10-2003,1474539.00
25-10-2003,
26-10-2003,
27-10-2003,1486458.00
28-10-2003,1503557.00
29-10-2003,
30-10-2003,1503557.00
31-10-2003,1498592.00
01-11-2003,
02-11-2003,
03-11-2003,1486044.00
04-11-2003,1477917.00
05-11-2003,1473170.00
06-11-2003,1478151.00
07-11-2003,1495712.00
08-11-2003,
09-11-2003,
10-11-2003,1504757.00
11-11-2003,1491831.00
12-11-2003,1485596.00
13-11-2003,1489130.00
14-11-2003,1481428.00
15-11-2003,
16-11-2003,
17-11-2003,1474303.00
18-11-2003,1470501.00
19-11-2003,1464344.00
20-11-2003,1458867.00
21-11-2003,1477045.00
22-11-2003,
23-11-2003,
24-11-2003,1471828.00
25-11-2003,
26-11-2003,
27-11-2003,
28-11-2003,1471828.00
29-11-2003,
30-11-2003,
01-12-2003,1462304.00
02-12-2003,1454169.00
03-12-2003,1457619.00
04-12-2003,1462160.00
05-12-2003,1455116.00
06-12-2003,
07-12-2003,
08-12-2003,1452649.00
09-12-2003,1441914.00
10-12-2003,1433525.00
11-12-2003,1434632.00
12-12-2003,1443481.00
13-12-2003,
14-12-2003,
15-12-2003,1438623.00
16-12-2003,1434879.00
17-12-2003,1425887.00
18-12-2003,1432007.00
19-12-2003,1428638.00
20-12-2003,
21-12-2003,
22-12-2003,1428217.00
23-12-2003,1432911.00
24-12-2003,1430911.00
25-12-2003,1427843.00
26-12-2003,1419346.00
27-12-2003,
28-12-2003,
29-12-2003,1414344.00
30-12-2003,1414467.00
31-12-2003,1402567.00
01-01-2004,
02-01-2004,1399998.00
03-01-2004,
04-01-2004,
05-01-2004,1395983.00
06-01-2004,1377990.00
07-01-2004,1369962.00
08-01-2004,1370241.00
09-01-2004,1367887.00
10-01-2004,
11-01-2004,
12-01-2004,1361470.00
13-01-2004,1338697.00
14-01-2004,1336082.00
15-01-2004,1347561.00
16-01-2004,1342679.00
17-01-2004,
18-01-2004,
19-01-2004,1340468.00
20-01-2004,1355695.00
21-01-2004,1339430.00
22-01-2004,1332689.00
23-01-2004,1329012.00
24-01-2004,
25-01-2004,
26-01-2004,1327332.00
27-01-2004,1325741.00
28-01-2004,1321924.00
29-01-2004,1327445.00
30-01-2004,1339619.00
31-01-2004,
01-02-2004,
02-02-2004,
03-02-2004,
04-02-2004,
05-02-2004,1343450.00
06-02-2004,1327696.00
07-02-2004,
08-02-2004,
09-02-2004,1339229.00
10-02-2004,1348606.00
11-02-2004,1345300.00
12-02-2004,1341164.00
13-02-2004,1321265.00
14-02-2004,
15-02-2004,
16-02-2004,1317509.00
17-02-2004,1323113.00
18-02-2004,1320252.00
19-02-2004,1322274.00
20-02-2004,1327253.00
21-02-2004,
22-02-2004,
23-02-2004,1329280.00
24-02-2004,1329990.00
25-02-2004,1325906.00
26-02-2004,1321065.00
27-02-2004,1330297.00
28-02-2004,
29-02-2004,
01-03-2004,1327679.00
02-03-2004,1321167.00
03-03-2004,1320596.00
04-03-2004,1332769.00
05-03-2004,1329357.00
06-03-2004,
07-03-2004,
08-03-2004,1329601.00
09-03-2004,1320780.00
10-03-2004,1317540.00
11-03-2004,1318973.00
12-03-2004,1324223.00
13-03-2004,
14-03-2004,
15-03-2004,1322177.00
16-03-2004,1317509.00
17-03-2004,1317569.00
18-03-2004,1322213.00
19-03-2004,1327673.00
20-03-2004,
21-03-2004,
22-03-2004,1318535.00
23-03-2004,1319323.00
24-03-2004,1319571.00
25-03-2004,1318793.00
26-03-2004,1325489.00
27-03-2004,
28-03-2004,
29-03-2004,1321958.00
30-03-2004,1319591.00
31-03-2004,1317611.00
01-04-2004,1316538.00
02-04-2004,1313062.00
03-04-2004,
04-04-2004,
05-04-2004,1307617.00
06-04-2004,1315617.00
07-04-2004,1311386.00
08-04-2004,1324256.00
09-04-2004,1341950.00
10-04-2004,
11-04-2004,
12-04-2004,1331045.00
13-04-2004,1350435.00
14-04-2004,1360624.00
15-04-2004,1352482.00
16-04-2004,1369417.00
17-04-2004,
18-04-2004,
19-04-2004,1361429.00
20-04-2004,1353109.00
21-04-2004,1368681.00
22-04-2004,1388643.00
23-04-2004,
24-04-2004,
25-04-2004,
26-04-2004,1388620.00
27-04-2004,1376280.00
28-04-2004,1412139.00
29-04-2004,1425137.00
30-04-2004,1447074.00
01-05-2004,
02-05-2004,
03-05-2004,1424135.00
04-05-2004,1438616.00
05-05-2004,1461842.00
06-05-2004,1449641.00
07-05-2004,1453118.00
08-05-2004,
09-05-2004,
10-05-2004,1483666.00
11-05-2004,1534242.00
12-05-2004,1543412.00
13-05-2004,1522837.00
14-05-2004,1548344.00
15-05-2004,
16-05-2004,
17-05-2004,1534922.00
18-05-2004,1531953.00
19-05-2004,
20-05-2004,1552174.00
21-05-2004,1557180.00
22-05-2004,
23-05-2004,
24-05-2004,1558189.00
25-05-2004,1538769.00
26-05-2004,1520715.00
27-05-2004,1508346.00
28-05-2004,1517063.00
29-05-2004,
30-05-2004,
31-05-2004,1492502.00
01-06-2004,1499213.00
02-06-2004,1496951.00
03-06-2004,1517477.00
04-06-2004,1524393.00
05-06-2004,
06-06-2004,
07-06-2004,1503403.00
08-06-2004,1478025.00
09-06-2004,1473545.00
10-06-2004,1488023.00
11-06-2004,1496483.00
12-06-2004,
13-06-2004,
14-06-2004,1492318.00
15-06-2004,1509818.00
16-06-2004,1513875.00
17-06-2004,1493909.00
18-06-2004,1494194.00
19-06-2004,
20-06-2004,
21-06-2004,1492711.00
22-06-2004,1491985.00
23-06-2004,1484392.00
24-06-2004,1491541.00
25-06-2004,1490049.00
26-06-2004,
27-06-2004,
28-06-2004,1491326.00
29-06-2004,1493655.00
30-06-2004,1493078.00
01-07-2004,1488054.00
02-07-2004,1473600.00
03-07-2004,
04-07-2004,
05-07-2004,1461540.00
06-07-2004,1442925.00
07-07-2004,1437932.00
08-07-2004,1445012.00
09-07-2004,1445393.00
10-07-2004,
11-07-2004,
12-07-2004,1446893.00
13-07-2004,1446327.00
14-07-2004,1435771.00
15-07-2004,1433636.00
16-07-2004,1436198.00
17-07-2004,
18-07-2004,
19-07-2004,1438098.00
20-07-2004,1429287.00
21-07-2004,1440030.00
22-07-2004,1450982.00
23-07-2004,1465660.00
24-07-2004,
25-07-2004,
26-07-2004,1460734.00
27-07-2004,1476832.00
28-07-2004,1492454.00
29-07-2004,1492170.00
30-07-2004,1475403.00
31-07-2004,
01-08-2004,
02-08-2004,1469709.00
03-08-2004,1459800.00
04-08-2004,1474553.00
05-08-2004,1480640.00
06-08-2004,1471267.00
07-08-2004,
08-08-2004,
09-08-2004,1469451.00
10-08-2004,1447379.00
11-08-2004,1450855.00
12-08-2004,1459924.00
13-08-2004,1459708.00
14-08-2004,
15-08-2004,
16-08-2004,1473636.00
17-08-2004,1459398.00
18-08-2004,1460114.00
19-08-2004,1458584.00
20-08-2004,1468527.00
21-08-2004,
22-08-2004,
23-08-2004,1474100.00
24-08-2004,1494683.00
25-08-2004,1516160.00
26-08-2004,1499966.00
27-08-2004,1510462.00
28-08-2004,
29-08-2004,
30-08-2004,
31-08-2004,1504413.00
01-09-2004,1509367.00
02-09-2004,1504962.00
03-09-2004,1507961.00
04-09-2004,
05-09-2004,
06-09-2004,1506853.00
07-09-2004,1512687.00
08-09-2004,1505101.00
09-09-2004,1502598.00
10-09-2004,1495471.00
11-09-2004,
12-09-2004,
13-09-2004,1490869.00
14-09-2004,1500451.00
15-09-2004,1501421.00
16-09-2004,1492919.00
17-09-2004,1502470.00
18-09-2004,
19-09-2004,
20-09-2004,1513375.00
21-09-2004,1538766.00
22-09-2004,1526646.00
23-09-2004,1509645.00
24-09-2004,1501069.00
25-09-2004,
26-09-2004,
27-09-2004,1494687.00
28-09-2004,1496862.00
29-09-2004,1503441.00
30-09-2004,1504920.00
01-10-2004,1504571.00
02-10-2004,
03-10-2004,
04-10-2004,1506074.00
05-10-2004,1511665.00
06-10-2004,1507071.00
07-10-2004,1504035.00
08-10-2004,1503594.00
09-10-2004,
10-10-2004,
11-10-2004,1497487.00
12-10-2004,1495523.00
13-10-2004,1496344.00
14-10-2004,1490397.00
15-10-2004,1489303.00
16-10-2004,
17-10-2004,
18-10-2004,1489706.00
19-10-2004,1483756.00
20-10-2004,1476342.00
21-10-2004,1481415.00
22-10-2004,1484235.00
23-10-2004,
24-10-2004,
25-10-2004,1479715.00
26-10-2004,1477414.00
27-10-2004,1482949.00
28-10-2004,1477244.00
29-10-2004,
30-10-2004,
31-10-2004,
01-11-2004,1477244.00
02-11-2004,1478993.00
03-11-2004,1474564.00
04-11-2004,1468295.00
05-11-2004,1465213.00
06-11-2004,
07-11-2004,
08-11-2004,1461473.00
09-11-2004,1456934.00
10-11-2004,1459332.00
11-11-2004,1457845.00
12-11-2004,1458292.00
13-11-2004,
14-11-2004,
15-11-2004,
16-11-2004,
17-11-2004,1455715.00
18-11-2004,1453479.00
19-11-2004,1445184.00
20-11-2004,
21-11-2004,
22-11-2004,1445331.00
23-11-2004,1441547.00
24-11-2004,1437612.00
25-11-2004,1429311.00
26-11-2004,1428445.00
27-11-2004,
28-11-2004,
29-11-2004,1426845.00
30-11-2004,1426245.00
01-12-2004,1432891.00
02-12-2004,1426523.00
03-12-2004,1417300.00
04-12-2004,
05-12-2004,
06-12-2004,1417740.00
07-12-2004,1396800.00
08-12-2004,1397600.00
09-12-2004,1409500.00
10-12-2004,1427400.00
11-12-2004,
12-12-2004,
13-12-2004,1440800.00
14-12-2004,1430000.00
15-12-2004,1418600.00
16-12-2004,1419000.00
17-12-2004,1405600.00
18-12-2004,
19-12-2004,
20-12-2004,1415300.00
21-12-2004,1395900.00
22-12-2004,1391500.00
23-12-2004,1391000.00
24-12-2004,1381600.00
25-12-2004,
26-12-2004,
27-12-2004,1370600.00
28-12-2004,1359200.00
29-12-2004,1349000.00
30-12-2004,1359000.00
31-12-2004,1348600.00
01-01-2005,
02-01-2005,
03-01-2005,1.34
04-01-2005,1.34
05-01-2005,1.35
06-01-2005,1.38
07-01-2005,1.41
08-01-2005,
09-01-2005,
10-01-2005,1.38
11-01-2005,1.39
12-01-2005,1.38
13-01-2005,1.38
14-01-2005,1.36
15-01-2005,
16-01-2005,
17-01-2005,1.36
18-01-2005,1.34
19-01-2005,1.34
20-01-2005,
21-01-2005,
22-01-2005,
23-01-2005,
24-01-2005,1.34
25-01-2005,1.34
26-01-2005,1.33
27-01-2005,1.33
28-01-2005,1.34
29-01-2005,
30-01-2005,
31-01-2005,1.34
01-02-2005,1.34
02-02-2005,1.33
03-02-2005,1.33
04-02-2005,1.32
05-02-2005,
06-02-2005,
07-02-2005,1.32
08-02-2005,1.32
09-02-2005,1.33
10-02-2005,1.33
11-02-2005,1.34
12-02-2005,
13-02-2005,
14-02-2005,1.32
15-02-2005,1.32
16-02-2005,1.31
17-02-2005,1.31
18-02-2005,1.31
19-02-2005,
20-02-2005,
21-02-2005,1.31
22-02-2005,1.31
23-02-2005,1.30
24-02-2005,1.30
25-02-2005,1.30
26-02-2005,
27-02-2005,
28-02-2005,1.29
01-03-2005,1.28
02-03-2005,1.28
03-03-2005,1.28
04-03-2005,1.28
05-03-2005,
06-03-2005,
07-03-2005,1.28
08-03-2005,1.26
09-03-2005,1.26
10-03-2005,1.27
11-03-2005,1.28
12-03-2005,
13-03-2005,
14-03-2005,1.27
15-03-2005,1.28
16-03-2005,1.29
17-03-2005,1.33
18-03-2005,1.32
19-03-2005,
20-03-2005,
21-03-2005,1.32
22-03-2005,1.34
23-03-2005,1.34
24-03-2005,1.36
25-03-2005,1.35
26-03-2005,
27-03-2005,
28-03-2005,1.35
29-03-2005,1.36
30-03-2005,1.39
31-03-2005,1.38
01-04-2005,1.35
02-04-2005,
03-04-2005,
04-04-2005,1.35
05-04-2005,1.37
06-04-2005,1.37
07-04-2005,1.35
08-04-2005,1.34
09-04-2005,
10-04-2005,
11-04-2005,1.35
12-04-2005,1.35
13-04-2005,1.34
14-04-2005,1.34
15-04-2005,1.36
16-04-2005,
17-04-2005,
18-04-2005,1.38
19-04-2005,1.38
20-04-2005,1.38
21-04-2005,1.36
22-04-2005,1.36
23-04-2005,
24-04-2005,
25-04-2005,1.36
26-04-2005,1.36
27-04-2005,1.36
28-04-2005,1.37
29-04-2005,1.38
30-04-2005,
01-05-2005,
02-05-2005,1.39
03-05-2005,1.39
04-05-2005,1.37
05-05-2005,1.35
06-05-2005,1.34
07-05-2005,
08-05-2005,
09-05-2005,1.35
10-05-2005,1.36
11-05-2005,1.36
12-05-2005,1.37
13-05-2005,1.36
14-05-2005,
15-05-2005,
16-05-2005,1.37
17-05-2005,1.38
18-05-2005,1.38
19-05-2005,
20-05-2005,1.38
21-05-2005,
22-05-2005,
23-05-2005,1.36
24-05-2005,1.39
25-05-2005,1.38
26-05-2005,1.39
27-05-2005,1.38
28-05-2005,
29-05-2005,
30-05-2005,1.38
31-05-2005,1.37
01-06-2005,1.36
02-06-2005,1.37
03-06-2005,1.35
04-06-2005,
05-06-2005,
06-06-2005,1.36
07-06-2005,1.37
08-06-2005,1.36
09-06-2005,1.37
10-06-2005,1.36
11-06-2005,
12-06-2005,
13-06-2005,1.36
14-06-2005,1.38
15-06-2005,1.37
16-06-2005,1.38
17-06-2005,1.37
18-06-2005,
19-06-2005,
20-06-2005,1.36
21-06-2005,1.36
22-06-2005,1.36
23-06-2005,1.35
24-06-2005,1.36
25-06-2005,
26-06-2005,
27-06-2005,1.35
28-06-2005,1.35
29-06-2005,1.35
30-06-2005,1.35
01-07-2005,1.34
02-07-2005,
03-07-2005,
04-07-2005,1.34
05-07-2005,1.34
06-07-2005,1.35
07-07-2005,1.35
08-07-2005,1.36
09-07-2005,
10-07-2005,
11-07-2005,1.35
12-07-2005,1.34
13-07-2005,1.34
14-07-2005,1.33
15-07-2005,1.33
16-07-2005,
17-07-2005,
18-07-2005,1.33
19-07-2005,1.33
20-07-2005,1.33
21-07-2005,1.33
22-07-2005,1.33
23-07-2005,
24-07-2005,
25-07-2005,1.33
26-07-2005,1.34
27-07-2005,1.35
28-07-2005,1.34
29-07-2005,1.34
30-07-2005,
31-07-2005,
01-08-2005,1.33
02-08-2005,1.32
03-08-2005,1.32
04-08-2005,1.32
05-08-2005,1.32
06-08-2005,
07-08-2005,
08-08-2005,1.31
09-08-2005,1.32
10-08-2005,1.32
11-08-2005,1.32
12-08-2005,1.33
13-08-2005,
14-08-2005,
15-08-2005,1.34
16-08-2005,1.36
17-08-2005,1.35
18-08-2005,1.37
19-08-2005,1.37
20-08-2005,
21-08-2005,
22-08-2005,1.37
23-08-2005,1.37
24-08-2005,1.36
25-08-2005,1.37
26-08-2005,1.37
27-08-2005,
28-08-2005,
29-08-2005,1.36
30-08-2005,
31-08-2005,1.36
01-09-2005,1.35
02-09-2005,1.34
03-09-2005,
04-09-2005,
05-09-2005,1.34
06-09-2005,1.34
07-09-2005,1.33
08-09-2005,1.33
09-09-2005,1.34
10-09-2005,
11-09-2005,
12-09-2005,1.33
13-09-2005,1.34
14-09-2005,1.34
15-09-2005,1.34
16-09-2005,1.34
17-09-2005,
18-09-2005,
19-09-2005,1.34
20-09-2005,1.35
21-09-2005,1.34
22-09-2005,1.34
23-09-2005,1.34
24-09-2005,
25-09-2005,
26-09-2005,1.34
27-09-2005,1.35
28-09-2005,1.34
29-09-2005,1.35
30-09-2005,1.35
01-10-2005,
02-10-2005,
03-10-2005,1.35
04-10-2005,1.36
05-10-2005,1.34
06-10-2005,1.35
07-10-2005,1.36
08-10-2005,
09-10-2005,
10-10-2005,1.35
11-10-2005,1.34
12-10-2005,1.35
13-10-2005,1.35
14-10-2005,1.37
15-10-2005,
16-10-2005,
17-10-2005,1.37
18-10-2005,1.36
19-10-2005,1.36
20-10-2005,1.37
21-10-2005,1.37
22-10-2005,
23-10-2005,
24-10-2005,1.36
25-10-2005,1.36
26-10-2005,1.36
27-10-2005,1.35
28-10-2005,1.35
29-10-2005,
30-10-2005,
31-10-2005,1.35
01-11-2005,1.35
02-11-2005,1.35
03-11-2005,
04-11-2005,
05-11-2005,
06-11-2005,
07-11-2005,1.35
08-11-2005,1.36
09-11-2005,1.37
10-11-2005,1.36
11-11-2005,1.36
12-11-2005,
13-11-2005,
14-11-2005,1.36
15-11-2005,1.36
16-11-2005,1.36
17-11-2005,1.36
18-11-2005,1.36
19-11-2005,
20-11-2005,
21-11-2005,1.37
22-11-2005,1.37
23-11-2005,1.37
24-11-2005,1.36
25-11-2005,1.36
26-11-2005,
27-11-2005,
28-11-2005,1.36
29-11-2005,1.36
30-11-2005,1.36
01-12-2005,1.36
02-12-2005,1.36
03-12-2005,
04-12-2005,
05-12-2005,1.36
06-12-2005,1.36
07-12-2005,1.36
08-12-2005,1.36
09-12-2005,1.36
10-12-2005,
11-12-2005,
12-12-2005,1.36
13-12-2005,1.35
14-12-2005,1.35
15-12-2005,1.34
16-12-2005,1.35
17-12-2005,
18-12-2005,
19-12-2005,1.35
20-12-2005,1.35
21-12-2005,1.35
22-12-2005,1.35
23-12-2005,1.35
24-12-2005,
25-12-2005,
26-12-2005,1.35
27-12-2005,1.35
28-12-2005,1.35
29-12-2005,1.35
30-12-2005,1.35
31-12-2005,
01-01-2006,
02-01-2006,1.35
03-01-2006,1.35
04-01-2006,1.35
05-01-2006,1.34
06-01-2006,1.34
07-01-2006,
08-01-2006,
09-01-2006,1.33
10-01-2006,
11-01-2006,
12-01-2006,
13-01-2006,
14-01-2006,
15-01-2006,
16-01-2006,1.33
17-01-2006,1.33
18-01-2006,1.33
19-01-2006,1.34
20-01-2006,1.34
21-01-2006,
22-01-2006,
23-01-2006,1.34
24-01-2006,1.33
25-01-2006,1.32
26-01-2006,1.32
27-01-2006,1.32
28-01-2006,
29-01-2006,
30-01-2006,1.32
31-01-2006,1.33
01-02-2006,1.33
02-02-2006,1.32
03-02-2006,1.33
04-02-2006,
05-02-2006,
06-02-2006,1.33
07-02-2006,1.33
08-02-2006,1.33
09-02-2006,1.33
10-02-2006,1.33
11-02-2006,
12-02-2006,
13-02-2006,1.33
14-02-2006,1.33
15-02-2006,1.33
16-02-2006,1.34
17-02-2006,1.33
18-02-2006,
19-02-2006,
20-02-2006,1.33
21-02-2006,1.32
22-02-2006,1.32
23-02-2006,1.33
24-02-2006,1.32
25-02-2006,
26-02-2006,
27-02-2006,1.32
28-02-2006,1.32
01-03-2006,1.31
02-03-2006,1.31
03-03-2006,1.30
04-03-2006,
05-03-2006,
06-03-2006,1.30
07-03-2006,1.31
08-03-2006,1.33
09-03-2006,1.34
10-03-2006,1.34
11-03-2006,
12-03-2006,
13-03-2006,1.35
14-03-2006,1.34
15-03-2006,1.35
16-03-2006,1.34
17-03-2006,1.33
18-03-2006,
19-03-2006,
20-03-2006,1.32
21-03-2006,1.33
22-03-2006,1.34
23-03-2006,1.35
24-03-2006,1.34
25-03-2006,
26-03-2006,
27-03-2006,1.35
28-03-2006,1.35
29-03-2006,1.35
30-03-2006,1.36
31-03-2006,1.35
01-04-2006,
02-04-2006,
03-04-2006,1.35
04-04-2006,1.35
05-04-2006,1.34
06-04-2006,1.34
07-04-2006,1.34
08-04-2006,
09-04-2006,
10-04-2006,1.34
11-04-2006,1.34
12-04-2006,1.34
13-04-2006,1.34
14-04-2006,1.35
15-04-2006,
16-04-2006,
17-04-2006,1.35
18-04-2006,1.35
19-04-2006,1.34
20-04-2006,1.33
21-04-2006,1.33
22-04-2006,
23-04-2006,
24-04-2006,1.33
25-04-2006,1.32
26-04-2006,1.32
27-04-2006,1.33
28-04-2006,1.33
29-04-2006,
30-04-2006,
01-05-2006,1.32
02-05-2006,1.32
03-05-2006,1.32
04-05-2006,1.32
05-05-2006,1.32
06-05-2006,
07-05-2006,
08-05-2006,1.32
09-05-2006,1.32
10-05-2006,1.34
11-05-2006,1.35
12-05-2006,1.36
13-05-2006,
14-05-2006,
15-05-2006,1.40
16-05-2006,1.46
17-05-2006,1.46
18-05-2006,1.43
19-05-2006,
20-05-2006,
21-05-2006,
22-05-2006,1.50
23-05-2006,1.51
24-05-2006,1.52
25-05-2006,1.54
26-05-2006,1.55
27-05-2006,
28-05-2006,
29-05-2006,1.53
30-05-2006,1.53
31-05-2006,1.54
01-06-2006,1.57
02-06-2006,1.57
03-06-2006,
04-06-2006,
05-06-2006,1.53
06-06-2006,1.58
07-06-2006,1.56
08-06-2006,1.56
09-06-2006,1.55
10-06-2006,
11-06-2006,
12-06-2006,1.54
13-06-2006,1.55
14-06-2006,1.61
15-06-2006,1.60
16-06-2006,1.59
17-06-2006,
18-06-2006,
19-06-2006,1.59
20-06-2006,1.60
21-06-2006,1.62
22-06-2006,1.65
23-06-2006,1.67
24-06-2006,
25-06-2006,
26-06-2006,1.70
27-06-2006,1.69
28-06-2006,1.65
29-06-2006,1.62
30-06-2006,1.61
01-07-2006,
02-07-2006,
03-07-2006,1.58
04-07-2006,1.58
05-07-2006,1.54
06-07-2006,1.58
07-07-2006,1.60
08-07-2006,
09-07-2006,
10-07-2006,1.56
11-07-2006,1.56
12-07-2006,1.55
13-07-2006,1.55
14-07-2006,1.59
15-07-2006,
16-07-2006,
17-07-2006,1.58
18-07-2006,1.59
19-07-2006,1.58
20-07-2006,1.58
21-07-2006,1.55
22-07-2006,
23-07-2006,
24-07-2006,1.55
25-07-2006,1.55
26-07-2006,1.54
27-07-2006,1.52
28-07-2006,1.51
29-07-2006,
30-07-2006,
31-07-2006,1.50
01-08-2006,1.49
02-08-2006,1.50
03-08-2006,1.51
04-08-2006,1.50
05-08-2006,
06-08-2006,
07-08-2006,1.49
08-08-2006,1.47
09-08-2006,1.47
10-08-2006,1.45
11-08-2006,1.45
12-08-2006,
13-08-2006,
14-08-2006,1.45
15-08-2006,1.46
16-08-2006,1.47
17-08-2006,1.45
18-08-2006,1.44
19-08-2006,
20-08-2006,
21-08-2006,1.44
22-08-2006,1.46
23-08-2006,1.45
24-08-2006,1.46
25-08-2006,1.48
26-08-2006,
27-08-2006,
28-08-2006,1.48
29-08-2006,1.49
30-08-2006,
31-08-2006,1.48
01-09-2006,1.45
02-09-2006,
03-09-2006,
04-09-2006,1.47
05-09-2006,1.46
06-09-2006,1.45
07-09-2006,1.46
08-09-2006,1.48
09-09-2006,
10-09-2006,
11-09-2006,1.48
12-09-2006,1.48
13-09-2006,1.48
14-09-2006,1.47
15-09-2006,1.48
16-09-2006,
17-09-2006,
18-09-2006,1.47
19-09-2006,1.46
20-09-2006,1.47
21-09-2006,1.47
22-09-2006,1.48
23-09-2006,
24-09-2006,
25-09-2006,1.53
26-09-2006,1.51
27-09-2006,1.52
28-09-2006,1.49
29-09-2006,1.50
30-09-2006,
01-10-2006,
02-10-2006,1.50
03-10-2006,1.51
04-10-2006,1.50
05-10-2006,1.52
06-10-2006,1.50
07-10-2006,
08-10-2006,
09-10-2006,1.49
10-10-2006,1.50
11-10-2006,1.50
12-10-2006,1.49
13-10-2006,1.49
14-10-2006,
15-10-2006,
16-10-2006,1.47
17-10-2006,1.48
18-10-2006,1.48
19-10-2006,1.48
20-10-2006,1.46
21-10-2006,
22-10-2006,
23-10-2006,
24-10-2006,
25-10-2006,
26-10-2006,1.46
27-10-2006,1.45
28-10-2006,
29-10-2006,
30-10-2006,1.45
31-10-2006,1.46
01-11-2006,1.46
02-11-2006,1.46
03-11-2006,1.46
04-11-2006,
05-11-2006,
06-11-2006,1.47
07-11-2006,1.45
08-11-2006,1.44
09-11-2006,1.46
10-11-2006,1.45
11-11-2006,
12-11-2006,
13-11-2006,1.45
14-11-2006,1.45
15-11-2006,1.45
16-11-2006,1.45
17-11-2006,1.44
18-11-2006,
19-11-2006,
20-11-2006,1.44
21-11-2006,1.46
22-11-2006,1.46
23-11-2006,1.47
24-11-2006,1.48
25-11-2006,
26-11-2006,
27-11-2006,1.48
28-11-2006,1.47
29-11-2006,1.48
30-11-2006,1.47
01-12-2006,1.45
02-12-2006,
03-12-2006,
04-12-2006,1.45
05-12-2006,1.46
06-12-2006,1.45
07-12-2006,1.45
08-12-2006,1.43
09-12-2006,
10-12-2006,
11-12-2006,1.43
12-12-2006,1.43
13-12-2006,1.42
14-12-2006,1.43
15-12-2006,1.42
16-12-2006,
17-12-2006,
18-12-2006,1.42
19-12-2006,1.43
20-12-2006,1.43
21-12-2006,1.43
22-12-2006,1.43
23-12-2006,
24-12-2006,
25-12-2006,1.43
26-12-2006,1.43
27-12-2006,1.43
28-12-2006,1.43
29-12-2006,1.42
30-12-2006,
31-12-2006,
01-01-2007,
02-01-2007,
03-01-2007,
04-01-2007,1.41
05-01-2007,1.42
06-01-2007,
07-01-2007,
08-01-2007,1.43
09-01-2007,1.45
10-01-2007,1.43
11-01-2007,1.45
12-01-2007,1.44
13-01-2007,
14-01-2007,
15-01-2007,1.43
16-01-2007,1.43
17-01-2007,1.43
18-01-2007,1.43
19-01-2007,1.42
20-01-2007,
21-01-2007,
22-01-2007,1.42
23-01-2007,1.41
24-01-2007,1.41
25-01-2007,1.41
26-01-2007,1.42
27-01-2007,
28-01-2007,
29-01-2007,1.43
30-01-2007,1.43
31-01-2007,1.43
01-02-2007,1.42
02-02-2007,1.41
03-02-2007,
04-02-2007,
05-02-2007,1.40
06-02-2007,1.41
07-02-2007,1.40
08-02-2007,1.40
09-02-2007,1.40
10-02-2007,
11-02-2007,
12-02-2007,1.40
13-02-2007,1.41
14-02-2007,1.41
15-02-2007,1.40
16-02-2007,1.39
17-02-2007,
18-02-2007,
19-02-2007,1.39
20-02-2007,1.39
21-02-2007,1.38
22-02-2007,1.38
23-02-2007,1.38
24-02-2007,
25-02-2007,
26-02-2007,1.38
27-02-2007,1.39
28-02-2007,1.40
01-03-2007,1.42
02-03-2007,1.42
03-03-2007,
04-03-2007,
05-03-2007,1.43
06-03-2007,1.46
07-03-2007,1.44
08-03-2007,1.43
09-03-2007,1.42
10-03-2007,
11-03-2007,
12-03-2007,1.42
13-03-2007,1.41
14-03-2007,1.41
15-03-2007,1.43
16-03-2007,1.41
17-03-2007,
18-03-2007,
19-03-2007,1.41
20-03-2007,1.40
21-03-2007,1.39
22-03-2007,1.40
23-03-2007,1.38
24-03-2007,
25-03-2007,
26-03-2007,1.38
27-03-2007,1.39
28-03-2007,1.39
29-03-2007,1.39
30-03-2007,1.39
31-03-2007,
01-04-2007,
02-04-2007,1.39
03-04-2007,1.39
04-04-2007,1.38
05-04-2007,1.37
06-04-2007,1.37
07-04-2007,
08-04-2007,
09-04-2007,1.37
10-04-2007,1.37
11-04-2007,1.38
12-04-2007,1.37
13-04-2007,1.38
14-04-2007,
15-04-2007,
16-04-2007,1.37
17-04-2007,1.36
18-04-2007,1.36
19-04-2007,1.35
20-04-2007,1.36
21-04-2007,
22-04-2007,
23-04-2007,
24-04-2007,1.34
25-04-2007,1.34
26-04-2007,1.33
27-04-2007,1.33
28-04-2007,
29-04-2007,
30-04-2007,1.33
01-05-2007,1.37
02-05-2007,1.38
03-05-2007,1.36
04-05-2007,1.35
05-05-2007,
06-05-2007,
07-05-2007,1.35
08-05-2007,1.34
09-05-2007,1.34
10-05-2007,1.34
11-05-2007,1.34
12-05-2007,
13-05-2007,
14-05-2007,1.35
15-05-2007,1.33
16-05-2007,1.34
17-05-2007,1.32
18-05-2007,1.32
19-05-2007,
20-05-2007,
21-05-2007,1.33
22-05-2007,1.32
23-05-2007,1.32
24-05-2007,1.33
25-05-2007,1.33
26-05-2007,
27-05-2007,
28-05-2007,1.33
29-05-2007,1.33
30-05-2007,1.33
31-05-2007,1.33
01-06-2007,1.32
02-06-2007,
03-06-2007,
04-06-2007,1.31
05-06-2007,1.31
06-06-2007,1.31
07-06-2007,1.32
08-06-2007,1.32
09-06-2007,
10-06-2007,
11-06-2007,1.35
12-06-2007,1.34
13-06-2007,1.34
14-06-2007,1.35
15-06-2007,1.33
16-06-2007,
17-06-2007,
18-06-2007,1.32
19-06-2007,1.30
20-06-2007,1.30
21-06-2007,1.30
22-06-2007,1.31
23-06-2007,
24-06-2007,
25-06-2007,1.31
26-06-2007,1.32
27-06-2007,1.33
28-06-2007,1.33
29-06-2007,1.32
30-06-2007,
01-07-2007,
02-07-2007,1.31
03-07-2007,1.30
04-07-2007,1.29
05-07-2007,1.29
06-07-2007,1.29
07-07-2007,
08-07-2007,
09-07-2007,1.30
10-07-2007,1.29
11-07-2007,1.29
12-07-2007,1.29
13-07-2007,1.29
14-07-2007,
15-07-2007,
16-07-2007,1.27
17-07-2007,1.27
18-07-2007,1.28
19-07-2007,1.28
20-07-2007,1.27
21-07-2007,
22-07-2007,
23-07-2007,1.27
24-07-2007,1.25
25-07-2007,1.24
26-07-2007,1.25
27-07-2007,1.27
28-07-2007,
29-07-2007,
30-07-2007,1.31
31-07-2007,1.31
01-08-2007,1.28
02-08-2007,1.31
03-08-2007,1.29
04-08-2007,
05-08-2007,
06-08-2007,1.27
07-08-2007,1.28
08-08-2007,1.27
09-08-2007,1.26
10-08-2007,1.27
11-08-2007,
12-08-2007,
13-08-2007,1.30
14-08-2007,1.29
15-08-2007,1.30
16-08-2007,1.34
17-08-2007,1.39
18-08-2007,
19-08-2007,
20-08-2007,1.39
21-08-2007,1.34
22-08-2007,1.37
23-08-2007,1.34
24-08-2007,1.32
25-08-2007,
26-08-2007,
27-08-2007,1.33
28-08-2007,1.31
29-08-2007,1.32
30-08-2007,
31-08-2007,1.33
01-09-2007,
02-09-2007,
03-09-2007,1.30
04-09-2007,1.30
05-09-2007,1.31
06-09-2007,1.30
07-09-2007,1.30
08-09-2007,
09-09-2007,
10-09-2007,1.29
11-09-2007,1.30
12-09-2007,1.29
13-09-2007,1.28
14-09-2007,1.27
15-09-2007,
16-09-2007,
17-09-2007,1.26
18-09-2007,1.27
19-09-2007,1.27
20-09-2007,1.24
21-09-2007,1.24
22-09-2007,
23-09-2007,
24-09-2007,1.23
25-09-2007,1.22
26-09-2007,1.23
27-09-2007,1.22
28-09-2007,1.22
29-09-2007,
30-09-2007,
01-10-2007,1.21
02-10-2007,1.20
03-10-2007,1.21
04-10-2007,1.20
05-10-2007,1.20
06-10-2007,
07-10-2007,
08-10-2007,1.19
09-10-2007,1.19
10-10-2007,1.19
11-10-2007,1.18
12-10-2007,
13-10-2007,
14-10-2007,
15-10-2007,1.18
16-10-2007,1.20
17-10-2007,1.22
18-10-2007,1.21
19-10-2007,1.20
20-10-2007,
21-10-2007,
22-10-2007,1.20
23-10-2007,1.24
24-10-2007,1.22
25-10-2007,1.21
26-10-2007,1.20
27-10-2007,
28-10-2007,
29-10-2007,
30-10-2007,1.19
31-10-2007,1.19
01-11-2007,1.18
02-11-2007,1.17
03-11-2007,
04-11-2007,
05-11-2007,1.18
06-11-2007,1.19
07-11-2007,1.17
08-11-2007,1.17
09-11-2007,1.18
10-11-2007,
11-11-2007,
12-11-2007,1.19
13-11-2007,1.21
14-11-2007,1.21
15-11-2007,1.18
16-11-2007,1.18
17-11-2007,
18-11-2007,
19-11-2007,1.19
20-11-2007,1.19
21-11-2007,1.19
22-11-2007,1.20
23-11-2007,1.20
24-11-2007,
25-11-2007,
26-11-2007,1.20
27-11-2007,1.19
28-11-2007,1.22
29-11-2007,1.21
30-11-2007,1.19
01-12-2007,
02-12-2007,
03-12-2007,1.18
04-12-2007,1.18
05-12-2007,1.18
06-12-2007,1.18
07-12-2007,1.18
08-12-2007,
09-12-2007,
10-12-2007,1.18
11-12-2007,1.17
12-12-2007,1.17
13-12-2007,1.17
14-12-2007,1.17
15-12-2007,
16-12-2007,
17-12-2007,1.18
18-12-2007,1.19
19-12-2007,1.19
20-12-2007,
21-12-2007,
22-12-2007,
23-12-2007,
24-12-2007,1.19
25-12-2007,1.19
26-12-2007,1.18
27-12-2007,1.18
28-12-2007,1.18
29-12-2007,
30-12-2007,
31-12-2007,1.17
01-01-2008,
02-01-2008,1.16
03-01-2008,1.17
04-01-2008,1.17
05-01-2008,
06-01-2008,
07-01-2008,1.16
08-01-2008,1.17
09-01-2008,1.16
10-01-2008,1.16
11-01-2008,1.16
12-01-2008,
13-01-2008,
14-01-2008,1.15
15-01-2008,1.15
16-01-2008,1.15
17-01-2008,1.17
18-01-2008,1.18
19-01-2008,
20-01-2008,
21-01-2008,1.19
22-01-2008,1.21
23-01-2008,1.23
24-01-2008,1.20
25-01-2008,1.20
26-01-2008,
27-01-2008,
28-01-2008,1.18
29-01-2008,1.19
30-01-2008,1.18
31-01-2008,1.18
01-02-2008,1.17
02-02-2008,
03-02-2008,
04-02-2008,1.17
05-02-2008,1.16
06-02-2008,1.17
07-02-2008,1.19
08-02-2008,1.20
09-02-2008,
10-02-2008,
11-02-2008,1.20
12-02-2008,1.23
13-02-2008,1.22
14-02-2008,1.20
15-02-2008,1.19
16-02-2008,
17-02-2008,
18-02-2008,1.20
19-02-2008,1.20
20-02-2008,1.19
21-02-2008,1.21
22-02-2008,1.21
23-02-2008,
24-02-2008,
25-02-2008,1.21
26-02-2008,1.20
27-02-2008,1.19
28-02-2008,1.18
29-02-2008,1.18
01-03-2008,
02-03-2008,
03-03-2008,1.20
04-03-2008,1.22
05-03-2008,1.21
06-03-2008,1.21
07-03-2008,1.22
08-03-2008,
09-03-2008,
10-03-2008,1.25
11-03-2008,1.24
12-03-2008,1.24
13-03-2008,1.22
14-03-2008,1.24
15-03-2008,
16-03-2008,
17-03-2008,1.23
18-03-2008,1.27
19-03-2008,1.25
20-03-2008,1.23
21-03-2008,1.24
22-03-2008,
23-03-2008,
24-03-2008,1.24
25-03-2008,1.24
26-03-2008,1.24
27-03-2008,1.27
28-03-2008,1.26
29-03-2008,
30-03-2008,
31-03-2008,1.28
01-04-2008,1.31
02-04-2008,1.32
03-04-2008,1.29
04-04-2008,1.28
05-04-2008,
06-04-2008,
07-04-2008,1.30
08-04-2008,1.28
09-04-2008,1.29
10-04-2008,1.29
11-04-2008,1.31
12-04-2008,
13-04-2008,
14-04-2008,1.30
15-04-2008,1.31
16-04-2008,1.31
17-04-2008,1.33
18-04-2008,1.33
19-04-2008,
20-04-2008,
21-04-2008,1.33
22-04-2008,1.31
23-04-2008,
24-04-2008,1.31
25-04-2008,1.30
26-04-2008,
27-04-2008,
28-04-2008,1.29
29-04-2008,1.28
30-04-2008,1.28
01-05-2008,1.29
02-05-2008,1.28
03-05-2008,
04-05-2008,
05-05-2008,1.26
06-05-2008,1.26
07-05-2008,1.26
08-05-2008,1.25
09-05-2008,1.27
10-05-2008,
11-05-2008,
12-05-2008,1.27
13-05-2008,1.26
14-05-2008,1.25
15-05-2008,1.26
16-05-2008,1.25
17-05-2008,
18-05-2008,
19-05-2008,
20-05-2008,1.23
21-05-2008,1.24
22-05-2008,1.24
23-05-2008,1.25
24-05-2008,
25-05-2008,
26-05-2008,1.24
27-05-2008,1.25
28-05-2008,1.25
29-05-2008,1.23
30-05-2008,1.22
31-05-2008,
01-06-2008,
02-06-2008,1.21
03-06-2008,1.23
04-06-2008,1.23
05-06-2008,1.24
06-06-2008,1.23
07-06-2008,
08-06-2008,
09-06-2008,1.24
10-06-2008,1.25
11-06-2008,1.24
12-06-2008,1.25
13-06-2008,1.26
14-06-2008,
15-06-2008,
16-06-2008,1.25
17-06-2008,1.24
18-06-2008,1.23
19-06-2008,1.22
20-06-2008,1.23
21-06-2008,
22-06-2008,
23-06-2008,1.22
24-06-2008,1.23
25-06-2008,1.23
26-06-2008,1.22
27-06-2008,1.22
28-06-2008,
29-06-2008,
30-06-2008,1.23
01-07-2008,1.22
02-07-2008,1.24
03-07-2008,1.24
04-07-2008,1.25
05-07-2008,
06-07-2008,
07-07-2008,1.24
08-07-2008,1.23
09-07-2008,1.23
10-07-2008,1.22
11-07-2008,1.22
12-07-2008,
13-07-2008,
14-07-2008,1.22
15-07-2008,1.22
16-07-2008,1.22
17-07-2008,1.22
18-07-2008,1.21
19-07-2008,
20-07-2008,
21-07-2008,1.19
22-07-2008,1.19
23-07-2008,1.20
24-07-2008,1.20
25-07-2008,1.20
26-07-2008,
27-07-2008,
28-07-2008,1.21
29-07-2008,1.21
30-07-2008,1.21
31-07-2008,1.19
01-08-2008,1.16
02-08-2008,
03-08-2008,
04-08-2008,1.16
05-08-2008,1.15
06-08-2008,1.15
07-08-2008,1.16
08-08-2008,1.17
09-08-2008,
10-08-2008,
11-08-2008,1.18
12-08-2008,1.18
13-08-2008,1.18
14-08-2008,1.18
15-08-2008,1.18
16-08-2008,
17-08-2008,
18-08-2008,1.19
19-08-2008,1.18
20-08-2008,1.19
21-08-2008,1.19
22-08-2008,1.19
23-08-2008,
24-08-2008,
25-08-2008,1.19
26-08-2008,1.19
27-08-2008,1.19
28-08-2008,1.19
29-08-2008,1.19
30-08-2008,
31-08-2008,
01-09-2008,1.18
02-09-2008,1.18
03-09-2008,1.19
04-09-2008,1.21
05-09-2008,1.22
06-09-2008,
07-09-2008,
08-09-2008,1.24
09-09-2008,1.22
10-09-2008,1.22
11-09-2008,1.24
12-09-2008,1.26
13-09-2008,
14-09-2008,
15-09-2008,1.25
16-09-2008,1.26
17-09-2008,1.28
18-09-2008,1.27
19-09-2008,1.28
20-09-2008,
21-09-2008,
22-09-2008,1.26
23-09-2008,1.24
24-09-2008,1.24
25-09-2008,1.24
26-09-2008,1.24
27-09-2008,
28-09-2008,
29-09-2008,1.24
30-09-2008,
01-10-2008,
02-10-2008,
03-10-2008,1.24
04-10-2008,
05-10-2008,
06-10-2008,1.31
07-10-2008,1.34
08-10-2008,1.36
09-10-2008,1.41
10-10-2008,1.38
11-10-2008,
12-10-2008,
13-10-2008,1.43
14-10-2008,1.40
15-10-2008,1.38
16-10-2008,1.40
17-10-2008,1.48
18-10-2008,
19-10-2008,
20-10-2008,1.51
21-10-2008,1.50
22-10-2008,1.53
23-10-2008,1.64
24-10-2008,1.70
25-10-2008,
26-10-2008,
27-10-2008,1.70
28-10-2008,1.69
29-10-2008,
30-10-2008,1.69
31-10-2008,1.50
01-11-2008,
02-11-2008,
03-11-2008,1.57
04-11-2008,1.53
05-11-2008,1.52
06-11-2008,1.51
07-11-2008,1.53
08-11-2008,
09-11-2008,
10-11-2008,1.54
11-11-2008,1.52
12-11-2008,1.59
13-11-2008,1.63
14-11-2008,1.64
15-11-2008,
16-11-2008,
17-11-2008,1.63
18-11-2008,1.62
19-11-2008,1.66
20-11-2008,1.67
21-11-2008,1.70
22-11-2008,
23-11-2008,
24-11-2008,1.68
25-11-2008,1.61
26-11-2008,1.58
27-11-2008,1.59
28-11-2008,1.57
29-11-2008,
30-11-2008,
01-12-2008,1.57
02-12-2008,1.59
03-12-2008,1.60
04-12-2008,1.58
05-12-2008,1.57
06-12-2008,
07-12-2008,
08-12-2008,
09-12-2008,
10-12-2008,
11-12-2008,
12-12-2008,1.57
13-12-2008,
14-12-2008,
15-12-2008,1.57
16-12-2008,1.57
17-12-2008,1.57
18-12-2008,1.54
19-12-2008,1.52
20-12-2008,
21-12-2008,
22-12-2008,1.52
23-12-2008,1.52
24-12-2008,1.52
25-12-2008,1.52
26-12-2008,1.51
27-12-2008,
28-12-2008,
29-12-2008,1.50
30-12-2008,1.51
31-12-2008,1.52
01-01-2009,
02-01-2009,1.53
03-01-2009,
04-01-2009,
05-01-2009,1.54
06-01-2009,1.53
07-01-2009,1.52
08-01-2009,1.52
09-01-2009,1.55
10-01-2009,
11-01-2009,
12-01-2009,1.55
13-01-2009,1.57
14-01-2009,1.60
15-01-2009,1.59
16-01-2009,1.62
17-01-2009,
18-01-2009,
19-01-2009,1.60
20-01-2009,1.64
21-01-2009,1.66
22-01-2009,1.66
23-01-2009,1.65
24-01-2009,
25-01-2009,
26-01-2009,1.67
27-01-2009,1.65
28-01-2009,1.62
29-01-2009,1.62
30-01-2009,1.62
31-01-2009,
01-02-2009,
02-02-2009,1.64
03-02-2009,1.66
04-02-2009,1.65
05-02-2009,1.64
06-02-2009,1.64
07-02-2009,
08-02-2009,
09-02-2009,1.63
10-02-2009,1.61
11-02-2009,1.62
12-02-2009,1.64
13-02-2009,1.65
14-02-2009,
15-02-2009,
16-02-2009,1.64
17-02-2009,1.67
18-02-2009,1.68
19-02-2009,1.70
20-02-2009,1.68
21-02-2009,
22-02-2009,
23-02-2009,1.71
24-02-2009,1.69
25-02-2009,1.70
26-02-2009,1.69
27-02-2009,1.69
28-02-2009,
01-03-2009,
02-03-2009,1.70
03-03-2009,1.73
04-03-2009,1.72
05-03-2009,1.73
06-03-2009,1.74
07-03-2009,
08-03-2009,
09-03-2009,1.79
10-03-2009,1.80
11-03-2009,1.79
12-03-2009,1.74
13-03-2009,1.75
14-03-2009,
15-03-2009,
16-03-2009,1.70
17-03-2009,1.69
18-03-2009,1.70
19-03-2009,1.71
20-03-2009,1.69
21-03-2009,
22-03-2009,
23-03-2009,1.70
24-03-2009,1.67
25-03-2009,1.66
26-03-2009,1.67
27-03-2009,1.66
28-03-2009,
29-03-2009,
30-03-2009,1.66
31-03-2009,1.70
01-04-2009,1.68
02-04-2009,1.66
03-04-2009,1.62
04-04-2009,
05-04-2009,
06-04-2009,1.59
07-04-2009,1.57
08-04-2009,1.61
09-04-2009,1.61
10-04-2009,1.58
11-04-2009,
12-04-2009,
13-04-2009,1.57
14-04-2009,1.58
15-04-2009,1.58
16-04-2009,1.60
17-04-2009,1.60
18-04-2009,
19-04-2009,
20-04-2009,1.61
21-04-2009,1.63
22-04-2009,1.66
23-04-2009,
24-04-2009,1.65
25-04-2009,
26-04-2009,
27-04-2009,1.62
28-04-2009,1.62
29-04-2009,1.64
30-04-2009,1.60
01-05-2009,
02-05-2009,
03-05-2009,
04-05-2009,1.59
05-05-2009,1.59
06-05-2009,1.56
07-05-2009,1.57
08-05-2009,1.55
09-05-2009,
10-05-2009,
11-05-2009,1.55
12-05-2009,1.55
13-05-2009,1.56
14-05-2009,1.55
15-05-2009,1.58
16-05-2009,
17-05-2009,
18-05-2009,1.57
19-05-2009,
20-05-2009,1.56
21-05-2009,1.53
22-05-2009,1.53
23-05-2009,
24-05-2009,
25-05-2009,1.53
26-05-2009,1.55
27-05-2009,1.56
28-05-2009,1.56
29-05-2009,1.57
30-05-2009,
31-05-2009,
01-06-2009,1.54
02-06-2009,1.53
03-06-2009,1.53
04-06-2009,1.53
05-06-2009,1.54
06-06-2009,
07-06-2009,
08-06-2009,1.54
09-06-2009,1.56
10-06-2009,1.55
11-06-2009,1.54
12-06-2009,1.54
13-06-2009,
14-06-2009,
15-06-2009,1.54
16-06-2009,1.55
17-06-2009,1.55
18-06-2009,1.55
19-06-2009,1.56
20-06-2009,
21-06-2009,
22-06-2009,1.55
23-06-2009,1.56
24-06-2009,1.57
25-06-2009,1.56
26-06-2009,1.56
27-06-2009,
28-06-2009,
29-06-2009,1.54
30-06-2009,1.54
01-07-2009,1.53
02-07-2009,1.53
03-07-2009,1.53
04-07-2009,
05-07-2009,
06-07-2009,1.54
07-07-2009,1.55
08-07-2009,1.54
09-07-2009,1.55
10-07-2009,1.55
11-07-2009,
12-07-2009,
13-07-2009,1.55
14-07-2009,1.56
15-07-2009,1.54
16-07-2009,1.54
17-07-2009,1.53
18-07-2009,
19-07-2009,
20-07-2009,1.53
21-07-2009,1.51
22-07-2009,1.51
23-07-2009,1.50
24-07-2009,1.49
25-07-2009,
26-07-2009,
27-07-2009,1.49
28-07-2009,1.48
29-07-2009,1.47
30-07-2009,1.49
31-07-2009,1.48
01-08-2009,
02-08-2009,
03-08-2009,1.48
04-08-2009,1.47
05-08-2009,1.46
06-08-2009,1.46
07-08-2009,1.47
08-08-2009,
09-08-2009,
10-08-2009,1.48
11-08-2009,1.47
12-08-2009,1.49
13-08-2009,1.51
14-08-2009,1.48
15-08-2009,
16-08-2009,
17-08-2009,1.48
18-08-2009,1.51
19-08-2009,1.50
20-08-2009,1.50
21-08-2009,1.49
22-08-2009,
23-08-2009,
24-08-2009,1.49
25-08-2009,1.48
26-08-2009,1.49
27-08-2009,1.50
28-08-2009,1.50
29-08-2009,
30-08-2009,
31-08-2009,1.50
01-09-2009,1.50
02-09-2009,1.50
03-09-2009,1.51
04-09-2009,1.51
05-09-2009,
06-09-2009,
07-09-2009,1.50
08-09-2009,1.49
09-09-2009,1.49
10-09-2009,1.49
11-09-2009,1.51
12-09-2009,
13-09-2009,
14-09-2009,1.50
15-09-2009,1.50
16-09-2009,1.49
17-09-2009,1.48
18-09-2009,1.47
19-09-2009,
20-09-2009,
21-09-2009,
22-09-2009,
23-09-2009,1.48
24-09-2009,1.48
25-09-2009,1.48
26-09-2009,
27-09-2009,
28-09-2009,1.49
29-09-2009,1.49
30-09-2009,1.49
01-10-2009,1.48
02-10-2009,1.49
03-10-2009,
04-10-2009,
05-10-2009,1.50
06-10-2009,1.49
07-10-2009,1.47
08-10-2009,1.47
09-10-2009,1.46
10-10-2009,
11-10-2009,
12-10-2009,1.46
13-10-2009,1.46
14-10-2009,1.46
15-10-2009,1.45
16-10-2009,1.44
17-10-2009,
18-10-2009,
19-10-2009,1.46
20-10-2009,1.46
21-10-2009,1.45
22-10-2009,1.46
23-10-2009,1.47
24-10-2009,
25-10-2009,
26-10-2009,1.46
27-10-2009,1.47
28-10-2009,1.49
29-10-2009,
30-10-2009,1.49
31-10-2009,
01-11-2009,
02-11-2009,1.49
03-11-2009,1.50
04-11-2009,1.51
05-11-2009,1.50
06-11-2009,1.49
07-11-2009,
08-11-2009,
09-11-2009,1.48
10-11-2009,1.48
11-11-2009,1.47
12-11-2009,1.47
13-11-2009,1.48
14-11-2009,
15-11-2009,
16-11-2009,1.48
17-11-2009,1.48
18-11-2009,1.48
19-11-2009,1.48
20-11-2009,1.49
21-11-2009,
22-11-2009,
23-11-2009,1.49
24-11-2009,1.49
25-11-2009,1.50
26-11-2009,1.49
27-11-2009,
28-11-2009,
29-11-2009,
30-11-2009,
01-12-2009,1.49
02-12-2009,1.51
03-12-2009,1.50
04-12-2009,1.49
05-12-2009,
06-12-2009,
07-12-2009,1.48
08-12-2009,1.50
09-12-2009,1.50
10-12-2009,1.50
11-12-2009,1.50
12-12-2009,
13-12-2009,
14-12-2009,1.49
15-12-2009,1.50
16-12-2009,1.51
17-12-2009,1.51
18-12-2009,1.52
19-12-2009,
20-12-2009,
21-12-2009,1.52
22-12-2009,1.52
23-12-2009,1.53
24-12-2009,1.53
25-12-2009,1.51
26-12-2009,
27-12-2009,
28-12-2009,1.51
29-12-2009,1.51
30-12-2009,1.51
31-12-2009,1.51
01-01-2010,
02-01-2010,
03-01-2010,
04-01-2010,1.49
05-01-2010,1.49
06-01-2010,1.47
07-01-2010,1.48
08-01-2010,1.48
09-01-2010,
10-01-2010,
11-01-2010,1.47
12-01-2010,1.46
13-01-2010,1.46
14-01-2010,1.45
15-01-2010,1.46
16-01-2010,
17-01-2010,
18-01-2010,1.46
19-01-2010,1.45
20-01-2010,1.46
21-01-2010,1.46
22-01-2010,1.48
23-01-2010,
24-01-2010,
25-01-2010,1.48
26-01-2010,1.49
27-01-2010,1.50
28-01-2010,1.49
29-01-2010,1.49
30-01-2010,
31-01-2010,
01-02-2010,1.49
02-02-2010,1.49
03-02-2010,1.48
04-02-2010,1.48
05-02-2010,1.50
06-02-2010,
07-02-2010,
08-02-2010,1.52
09-02-2010,1.52
10-02-2010,1.51
11-02-2010,1.51
12-02-2010,1.51
13-02-2010,
14-02-2010,
15-02-2010,1.52
16-02-2010,1.52
17-02-2010,1.51
18-02-2010,1.51
19-02-2010,1.52
20-02-2010,
21-02-2010,
22-02-2010,1.52
23-02-2010,1.52
24-02-2010,1.53
25-02-2010,1.55
26-02-2010,1.55
27-02-2010,
28-02-2010,
01-03-2010,1.54
02-03-2010,1.54
03-03-2010,1.54
04-03-2010,1.54
05-03-2010,1.55
06-03-2010,
07-03-2010,
08-03-2010,1.55
09-03-2010,1.53
10-03-2010,1.54
11-03-2010,1.54
12-03-2010,1.54
13-03-2010,
14-03-2010,
15-03-2010,1.53
16-03-2010,1.53
17-03-2010,1.53
18-03-2010,1.52
19-03-2010,1.52
20-03-2010,
21-03-2010,
22-03-2010,1.53
23-03-2010,1.55
24-03-2010,1.54
25-03-2010,1.54
26-03-2010,1.54
27-03-2010,
28-03-2010,
29-03-2010,1.53
30-03-2010,1.53
31-03-2010,1.53
01-04-2010,1.52
02-04-2010,1.52
03-04-2010,
04-04-2010,
05-04-2010,1.52
06-04-2010,1.52
07-04-2010,1.51
08-04-2010,1.50
09-04-2010,1.50
10-04-2010,
11-04-2010,
12-04-2010,1.49
13-04-2010,1.49
14-04-2010,1.49
15-04-2010,1.48
16-04-2010,1.48
17-04-2010,
18-04-2010,
19-04-2010,1.48
20-04-2010,1.49
21-04-2010,1.49
22-04-2010,1.48
23-04-2010,
24-04-2010,
25-04-2010,
26-04-2010,1.48
27-04-2010,1.48
28-04-2010,1.48
29-04-2010,1.51
30-04-2010,1.49
01-05-2010,
02-05-2010,
03-05-2010,1.48
04-05-2010,1.49
05-05-2010,1.50
06-05-2010,1.52
07-05-2010,1.54
08-05-2010,
09-05-2010,
10-05-2010,1.57
11-05-2010,1.52
12-05-2010,1.54
13-05-2010,1.53
14-05-2010,1.52
15-05-2010,
16-05-2010,
17-05-2010,1.53
18-05-2010,1.54
19-05-2010,
20-05-2010,1.54
21-05-2010,1.58
22-05-2010,
23-05-2010,
24-05-2010,1.58
25-05-2010,1.57
26-05-2010,1.59
27-05-2010,1.58
28-05-2010,1.57
29-05-2010,
30-05-2010,
31-05-2010,1.56
01-06-2010,1.57
02-06-2010,1.59
03-06-2010,1.58
04-06-2010,1.57
05-06-2010,
06-06-2010,
07-06-2010,1.58
08-06-2010,1.60
09-06-2010,1.61
10-06-2010,1.60
11-06-2010,1.60
12-06-2010,
13-06-2010,
14-06-2010,1.58
15-06-2010,1.57
16-06-2010,1.58
17-06-2010,1.57
18-06-2010,1.56
19-06-2010,
20-06-2010,
21-06-2010,1.56
22-06-2010,1.55
23-06-2010,1.56
24-06-2010,1.57
25-06-2010,1.58
26-06-2010,
27-06-2010,
28-06-2010,1.58
29-06-2010,1.57
30-06-2010,1.58
01-07-2010,1.58
02-07-2010,1.58
03-07-2010,
04-07-2010,
05-07-2010,1.58
06-07-2010,1.57
07-07-2010,1.56
08-07-2010,1.56
09-07-2010,1.55
10-07-2010,
11-07-2010,
12-07-2010,1.55
13-07-2010,1.56
14-07-2010,1.56
15-07-2010,1.54
16-07-2010,1.54
17-07-2010,
18-07-2010,
19-07-2010,1.53
20-07-2010,1.54
21-07-2010,1.54
22-07-2010,1.53
23-07-2010,1.53
24-07-2010,
25-07-2010,
26-07-2010,1.52
27-07-2010,1.52
28-07-2010,1.51
29-07-2010,1.51
30-07-2010,1.51
31-07-2010,
01-08-2010,
02-08-2010,1.51
03-08-2010,1.50
04-08-2010,1.49
05-08-2010,1.50
06-08-2010,1.50
07-08-2010,
08-08-2010,
09-08-2010,1.50
10-08-2010,1.49
11-08-2010,1.50
12-08-2010,1.51
13-08-2010,1.52
14-08-2010,
15-08-2010,
16-08-2010,1.51
17-08-2010,1.51
18-08-2010,1.50
19-08-2010,1.50
20-08-2010,1.50
21-08-2010,
22-08-2010,
23-08-2010,1.51
24-08-2010,1.52
25-08-2010,1.53
26-08-2010,1.53
27-08-2010,1.52
28-08-2010,
29-08-2010,
30-08-2010,
31-08-2010,1.52
01-09-2010,1.53
02-09-2010,1.52
03-09-2010,1.51
04-09-2010,
05-09-2010,
06-09-2010,1.51
07-09-2010,1.50
08-09-2010,1.51
09-09-2010,
10-09-2010,
11-09-2010,
12-09-2010,
13-09-2010,1.51
14-09-2010,1.50
15-09-2010,1.50
16-09-2010,1.49
17-09-2010,1.49
18-09-2010,
19-09-2010,
20-09-2010,1.50
21-09-2010,1.50
22-09-2010,1.49
23-09-2010,1.48
24-09-2010,1.49
25-09-2010,
26-09-2010,
27-09-2010,1.49
28-09-2010,1.48
29-09-2010,1.47
30-09-2010,1.46
01-10-2010,1.45
02-10-2010,
03-10-2010,
04-10-2010,1.45
05-10-2010,1.45
06-10-2010,1.45
07-10-2010,1.42
08-10-2010,1.42
09-10-2010,
10-10-2010,
11-10-2010,1.43
12-10-2010,1.41
13-10-2010,1.42
14-10-2010,1.41
15-10-2010,1.40
16-10-2010,
17-10-2010,
18-10-2010,1.41
19-10-2010,1.42
20-10-2010,1.42
21-10-2010,1.43
22-10-2010,1.42
23-10-2010,
24-10-2010,
25-10-2010,1.43
26-10-2010,1.41
27-10-2010,1.42
28-10-2010,1.44
29-10-2010,
30-10-2010,
31-10-2010,
01-11-2010,1.44
02-11-2010,1.43
03-11-2010,1.42
04-11-2010,1.41
05-11-2010,1.40
06-11-2010,
07-11-2010,
08-11-2010,1.40
09-11-2010,1.41
10-11-2010,1.41
11-11-2010,1.41
12-11-2010,1.42
13-11-2010,
14-11-2010,
15-11-2010,1.43
16-11-2010,
17-11-2010,
18-11-2010,
19-11-2010,
20-11-2010,
21-11-2010,
22-11-2010,1.43
23-11-2010,1.44
24-11-2010,1.46
25-11-2010,1.48
26-11-2010,1.48
27-11-2010,
28-11-2010,
29-11-2010,1.49
30-11-2010,1.49
01-12-2010,1.51
02-12-2010,1.50
03-12-2010,1.49
04-12-2010,
05-12-2010,
06-12-2010,1.48
07-12-2010,1.48
08-12-2010,1.48
09-12-2010,1.49
10-12-2010,1.50
11-12-2010,
12-12-2010,
13-12-2010,1.50
14-12-2010,1.51
15-12-2010,1.50
16-12-2010,1.52
17-12-2010,1.52
18-12-2010,
19-12-2010,
20-12-2010,1.53
21-12-2010,1.55
22-12-2010,1.56
23-12-2010,1.55
24-12-2010,1.55
25-12-2010,
26-12-2010,
27-12-2010,1.55
28-12-2010,1.55
29-12-2010,1.55
30-12-2010,1.56
31-12-2010,1.55
01-01-2011,
02-01-2011,
03-01-2011,1.55
04-01-2011,1.56
05-01-2011,1.55
06-01-2011,1.55
07-01-2011,1.55
08-01-2011,
09-01-2011,
10-01-2011,1.56
11-01-2011,1.59
12-01-2011,1.58
13-01-2011,1.57
14-01-2011,1.56
15-01-2011,
16-01-2011,
17-01-2011,1.55
18-01-2011,1.55
19-01-2011,1.53
20-01-2011,1.54
21-01-2011,1.56
22-01-2011,
23-01-2011,
24-01-2011,1.58
25-01-2011,1.57
26-01-2011,1.56
27-01-2011,1.57
28-01-2011,1.58
29-01-2011,
30-01-2011,
31-01-2011,1.59
01-02-2011,1.61
02-02-2011,1.59
03-02-2011,1.58
04-02-2011,1.58
05-02-2011,
06-02-2011,
07-02-2011,1.60
08-02-2011,1.58
09-02-2011,1.57
10-02-2011,1.59
11-02-2011,1.60
12-02-2011,
13-02-2011,
14-02-2011,1.60
15-02-2011,1.59
16-02-2011,1.60
17-02-2011,1.59
18-02-2011,1.58
19-02-2011,
20-02-2011,
21-02-2011,1.58
22-02-2011,1.58
23-02-2011,1.60
24-02-2011,1.59
25-02-2011,1.61
26-02-2011,
27-02-2011,
28-02-2011,1.60
01-03-2011,1.60
02-03-2011,1.61
03-03-2011,1.62
04-03-2011,1.61
05-03-2011,
06-03-2011,
07-03-2011,1.60
08-03-2011,1.60
09-03-2011,1.59
10-03-2011,1.59
11-03-2011,1.58
12-03-2011,
13-03-2011,
14-03-2011,1.59
15-03-2011,1.58
16-03-2011,1.58
17-03-2011,1.58
18-03-2011,1.59
19-03-2011,
20-03-2011,
21-03-2011,1.58
22-03-2011,1.58
23-03-2011,1.57
24-03-2011,1.56
25-03-2011,1.55
26-03-2011,
27-03-2011,
28-03-2011,1.55
29-03-2011,1.56
30-03-2011,1.56
31-03-2011,1.56
01-04-2011,1.54
02-04-2011,
03-04-2011,
04-04-2011,1.54
05-04-2011,1.54
06-04-2011,1.53
07-04-2011,1.52
08-04-2011,1.52
09-04-2011,
10-04-2011,
11-04-2011,1.50
12-04-2011,1.51
13-04-2011,1.52
14-04-2011,1.51
15-04-2011,1.52
16-04-2011,
17-04-2011,
18-04-2011,1.52
19-04-2011,1.52
20-04-2011,1.53
21-04-2011,1.52
22-04-2011,1.52
23-04-2011,
24-04-2011,
25-04-2011,1.52
26-04-2011,1.52
27-04-2011,1.53
28-04-2011,1.52
29-04-2011,1.52
30-04-2011,
01-05-2011,
02-05-2011,1.52
03-05-2011,1.52
04-05-2011,1.53
05-05-2011,1.54
06-05-2011,1.54
07-05-2011,
08-05-2011,
09-05-2011,1.54
10-05-2011,1.54
11-05-2011,1.56
12-05-2011,1.57
13-05-2011,1.59
14-05-2011,
15-05-2011,
16-05-2011,1.58
17-05-2011,1.59
18-05-2011,1.59
19-05-2011,
20-05-2011,1.58
21-05-2011,
22-05-2011,
23-05-2011,1.58
24-05-2011,1.61
25-05-2011,1.60
26-05-2011,1.60
27-05-2011,1.60
28-05-2011,
29-05-2011,
30-05-2011,1.61
31-05-2011,1.60
01-06-2011,1.59
02-06-2011,1.59
03-06-2011,1.59
04-06-2011,
05-06-2011,
06-06-2011,1.58
07-06-2011,1.58
08-06-2011,1.58
09-06-2011,1.59
10-06-2011,1.58
11-06-2011,
12-06-2011,
13-06-2011,1.58
14-06-2011,1.57
15-06-2011,1.58
16-06-2011,1.60
17-06-2011,1.62
18-06-2011,
19-06-2011,
20-06-2011,1.60
21-06-2011,1.61
22-06-2011,1.60
23-06-2011,1.61
24-06-2011,1.63
25-06-2011,
26-06-2011,
27-06-2011,1.63
28-06-2011,1.64
29-06-2011,1.64
30-06-2011,1.64
01-07-2011,1.62
02-07-2011,
03-07-2011,
04-07-2011,1.62
05-07-2011,1.61
06-07-2011,1.63
07-07-2011,1.63
08-07-2011,1.64
09-07-2011,
10-07-2011,
11-07-2011,1.62
12-07-2011,1.64
13-07-2011,1.65
14-07-2011,1.65
15-07-2011,1.65
16-07-2011,
17-07-2011,
18-07-2011,1.65
19-07-2011,1.66
20-07-2011,1.66
21-07-2011,1.66
22-07-2011,1.67
23-07-2011,
24-07-2011,
25-07-2011,1.67
26-07-2011,1.72
27-07-2011,1.72
28-07-2011,1.70
29-07-2011,1.68
30-07-2011,
31-07-2011,
01-08-2011,1.68
02-08-2011,1.67
03-08-2011,1.70
04-08-2011,1.71
05-08-2011,1.72
06-08-2011,
07-08-2011,
08-08-2011,1.74
09-08-2011,1.75
10-08-2011,1.77
11-08-2011,1.75
12-08-2011,1.78
13-08-2011,
14-08-2011,
15-08-2011,1.78
16-08-2011,1.77
17-08-2011,1.78
18-08-2011,1.77
19-08-2011,1.78
20-08-2011,
21-08-2011,
22-08-2011,1.79
23-08-2011,1.79
24-08-2011,1.78
25-08-2011,1.78
26-08-2011,1.77
27-08-2011,
28-08-2011,
29-08-2011,1.75
30-08-2011,
31-08-2011,
01-09-2011,
02-09-2011,1.75
03-09-2011,
04-09-2011,
05-09-2011,1.74
06-09-2011,1.76
07-09-2011,1.77
08-09-2011,1.75
09-09-2011,1.77
10-09-2011,
11-09-2011,
12-09-2011,1.78
13-09-2011,1.79
14-09-2011,1.78
15-09-2011,1.77
16-09-2011,1.78
17-09-2011,
18-09-2011,
19-09-2011,1.78
20-09-2011,1.80
21-09-2011,1.80
22-09-2011,1.80
23-09-2011,1.83
24-09-2011,
25-09-2011,
26-09-2011,1.84
27-09-2011,1.85
28-09-2011,1.85
29-09-2011,1.85
30-09-2011,1.85
01-10-2011,
02-10-2011,
03-10-2011,1.86
04-10-2011,1.87
05-10-2011,1.90
06-10-2011,1.88
07-10-2011,1.85
08-10-2011,
09-10-2011,
10-10-2011,1.84
11-10-2011,1.84
12-10-2011,1.84
13-10-2011,1.83
14-10-2011,1.83
15-10-2011,
16-10-2011,
17-10-2011,1.84
18-10-2011,1.84
19-10-2011,1.87
20-10-2011,1.85
21-10-2011,1.87
22-10-2011,
23-10-2011,
24-10-2011,1.85
25-10-2011,1.83
26-10-2011,1.80
27-10-2011,1.77
28-10-2011,1.76
29-10-2011,
30-10-2011,
31-10-2011,1.76
01-11-2011,1.75
02-11-2011,1.79
03-11-2011,1.78
04-11-2011,1.78
05-11-2011,
06-11-2011,
07-11-2011,
08-11-2011,
09-11-2011,
10-11-2011,1.75
11-11-2011,1.79
12-11-2011,
13-11-2011,
14-11-2011,1.78
15-11-2011,1.78
16-11-2011,1.79
17-11-2011,1.80
18-11-2011,1.81
19-11-2011,
20-11-2011,
21-11-2011,1.82
22-11-2011,1.84
23-11-2011,1.84
24-11-2011,1.86
25-11-2011,1.86
26-11-2011,
27-11-2011,
28-11-2011,1.88
29-11-2011,1.86
30-11-2011,1.85
01-12-2011,1.85
02-12-2011,1.83
03-12-2011,
04-12-2011,
05-12-2011,1.82
06-12-2011,1.83
07-12-2011,1.84
08-12-2011,1.83
09-12-2011,1.83
10-12-2011,
11-12-2011,
12-12-2011,1.85
13-12-2011,1.86
14-12-2011,1.87
15-12-2011,1.88
16-12-2011,1.88
17-12-2011,
18-12-2011,
19-12-2011,1.88
20-12-2011,1.89
21-12-2011,1.90
22-12-2011,1.88
23-12-2011,1.89
24-12-2011,
25-12-2011,
26-12-2011,1.89
27-12-2011,1.89
28-12-2011,1.89
29-12-2011,1.90
30-12-2011,1.92
31-12-2011,
01-01-2012,
02-01-2012,1.90
03-01-2012,1.89
04-01-2012,1.89
05-01-2012,1.87
06-01-2012,1.88
07-01-2012,
08-01-2012,
09-01-2012,1.88
10-01-2012,1.87
11-01-2012,1.87
12-01-2012,1.86
13-01-2012,1.85
14-01-2012,
15-01-2012,
16-01-2012,1.85
17-01-2012,1.85
18-01-2012,1.84
19-01-2012,1.84
20-01-2012,1.83
21-01-2012,
22-01-2012,
23-01-2012,1.83
24-01-2012,1.83
25-01-2012,1.82
26-01-2012,1.83
27-01-2012,1.80
28-01-2012,
29-01-2012,
30-01-2012,1.78
31-01-2012,1.79
01-02-2012,1.77
02-02-2012,1.77
03-02-2012,1.76
04-02-2012,
05-02-2012,
06-02-2012,1.75
07-02-2012,1.76
08-02-2012,1.76
09-02-2012,1.75
10-02-2012,1.75
11-02-2012,
12-02-2012,
13-02-2012,1.76
14-02-2012,1.76
15-02-2012,1.77
16-02-2012,1.76
17-02-2012,1.78
18-02-2012,
19-02-2012,
20-02-2012,1.76
21-02-2012,1.74
22-02-2012,1.75
23-02-2012,1.75
24-02-2012,1.76
25-02-2012,
26-02-2012,
27-02-2012,1.76
28-02-2012,1.77
29-02-2012,1.76
01-03-2012,1.75
02-03-2012,1.75
03-03-2012,
04-03-2012,
05-03-2012,1.76
06-03-2012,1.77
07-03-2012,1.78
08-03-2012,1.79
09-03-2012,1.77
10-03-2012,
11-03-2012,
12-03-2012,1.78
13-03-2012,1.80
14-03-2012,1.79
15-03-2012,1.79
16-03-2012,1.80
17-03-2012,
18-03-2012,
19-03-2012,1.80
20-03-2012,1.81
21-03-2012,1.82
22-03-2012,1.81
23-03-2012,1.81
24-03-2012,
25-03-2012,
26-03-2012,1.80
27-03-2012,1.79
28-03-2012,1.78
29-03-2012,1.78
30-03-2012,1.78
31-03-2012,
01-04-2012,
02-04-2012,1.78
03-04-2012,1.78
04-04-2012,1.78
05-04-2012,1.79
06-04-2012,1.80
07-04-2012,
08-04-2012,
09-04-2012,1.79
10-04-2012,1.80
11-04-2012,1.80
12-04-2012,1.81
13-04-2012,1.80
14-04-2012,
15-04-2012,
16-04-2012,1.79
17-04-2012,1.80
18-04-2012,1.79
19-04-2012,1.79
20-04-2012,1.79
21-04-2012,
22-04-2012,
23-04-2012,
24-04-2012,1.79
25-04-2012,1.79
26-04-2012,1.77
27-04-2012,1.77
28-04-2012,
29-04-2012,
30-04-2012,1.76
01-05-2012,
02-05-2012,1.76
03-05-2012,1.76
04-05-2012,1.76
05-05-2012,
06-05-2012,
07-05-2012,1.76
08-05-2012,1.77
09-05-2012,1.76
10-05-2012,1.79
11-05-2012,1.79
12-05-2012,
13-05-2012,
14-05-2012,1.79
15-05-2012,1.81
16-05-2012,1.81
17-05-2012,1.83
18-05-2012,1.82
19-05-2012,
20-05-2012,
21-05-2012,1.83
22-05-2012,1.83
23-05-2012,1.83
24-05-2012,1.85
25-05-2012,1.85
26-05-2012,
27-05-2012,
28-05-2012,1.84
29-05-2012,1.83
30-05-2012,1.84
31-05-2012,1.84
01-06-2012,1.85
02-06-2012,
03-06-2012,
04-06-2012,1.87
05-06-2012,1.85
06-06-2012,1.85
07-06-2012,1.84
08-06-2012,1.83
09-06-2012,
10-06-2012,
11-06-2012,1.84
12-06-2012,1.82
13-06-2012,1.83
14-06-2012,1.83
15-06-2012,1.82
16-06-2012,
17-06-2012,
18-06-2012,1.82
19-06-2012,1.81
20-06-2012,1.81
21-06-2012,1.79
22-06-2012,1.80
23-06-2012,
24-06-2012,
25-06-2012,1.81
26-06-2012,1.82
27-06-2012,1.82
28-06-2012,1.81
29-06-2012,1.82
30-06-2012,
01-07-2012,
02-07-2012,1.82
03-07-2012,1.81
04-07-2012,1.80
05-07-2012,1.80
06-07-2012,1.81
07-07-2012,
08-07-2012,
09-07-2012,1.82
10-07-2012,1.82
11-07-2012,1.82
12-07-2012,1.81
13-07-2012,1.82
14-07-2012,
15-07-2012,
16-07-2012,1.82
17-07-2012,1.81
18-07-2012,1.81
19-07-2012,1.81
20-07-2012,1.80
21-07-2012,
22-07-2012,
23-07-2012,1.81
24-07-2012,1.82
25-07-2012,1.83
26-07-2012,1.82
27-07-2012,1.82
28-07-2012,
29-07-2012,
30-07-2012,1.82
31-07-2012,1.81
01-08-2012,1.80
02-08-2012,1.79
03-08-2012,1.80
04-08-2012,
05-08-2012,
06-08-2012,1.79
07-08-2012,1.78
08-08-2012,1.78
09-08-2012,1.79
10-08-2012,1.78
11-08-2012,
12-08-2012,
13-08-2012,1.79
14-08-2012,1.79
15-08-2012,1.79
16-08-2012,1.80
17-08-2012,1.80
18-08-2012,
19-08-2012,
20-08-2012,
21-08-2012,
22-08-2012,1.80
23-08-2012,1.80
24-08-2012,1.79
25-08-2012,
26-08-2012,
27-08-2012,1.80
28-08-2012,1.80
29-08-2012,1.80
30-08-2012,
31-08-2012,1.82
01-09-2012,
02-09-2012,
03-09-2012,1.82
04-09-2012,1.82
05-09-2012,1.82
06-09-2012,1.82
07-09-2012,1.82
08-09-2012,
09-09-2012,
10-09-2012,1.81
11-09-2012,1.80
12-09-2012,1.80
13-09-2012,1.80
14-09-2012,1.81
15-09-2012,
16-09-2012,
17-09-2012,1.79
18-09-2012,1.80
19-09-2012,1.80
20-09-2012,1.79
21-09-2012,1.80
22-09-2012,
23-09-2012,
24-09-2012,1.80
25-09-2012,1.80
26-09-2012,1.79
27-09-2012,1.79
28-09-2012,1.79
29-09-2012,
30-09-2012,
01-10-2012,1.79
02-10-2012,1.80
03-10-2012,1.79
04-10-2012,1.79
05-10-2012,1.81
06-10-2012,
07-10-2012,
08-10-2012,1.80
09-10-2012,1.81
10-10-2012,1.81
11-10-2012,1.82
12-10-2012,1.81
13-10-2012,
14-10-2012,
15-10-2012,1.81
16-10-2012,1.81
17-10-2012,1.81
18-10-2012,1.80
19-10-2012,1.80
20-10-2012,
21-10-2012,
22-10-2012,1.80
23-10-2012,1.79
24-10-2012,1.80
25-10-2012,
26-10-2012,
27-10-2012,
28-10-2012,
29-10-2012,
30-10-2012,1.80
31-10-2012,1.80
01-11-2012,1.79
02-11-2012,1.79
03-11-2012,
04-11-2012,
05-11-2012,1.79
06-11-2012,1.79
07-11-2012,1.78
08-11-2012,1.78
09-11-2012,1.78
10-11-2012,
11-11-2012,
12-11-2012,1.79
13-11-2012,1.80
14-11-2012,1.81
15-11-2012,1.80
16-11-2012,1.80
17-11-2012,
18-11-2012,
19-11-2012,1.80
20-11-2012,1.80
21-11-2012,1.80
22-11-2012,1.80
23-11-2012,1.80
24-11-2012,
25-11-2012,
26-11-2012,1.80
27-11-2012,1.80
28-11-2012,1.79
29-11-2012,1.79
30-11-2012,1.79
01-12-2012,
02-12-2012,
03-12-2012,1.79
04-12-2012,1.79
05-12-2012,1.79
06-12-2012,1.79
07-12-2012,1.79
08-12-2012,
09-12-2012,
10-12-2012,1.79
11-12-2012,1.79
12-12-2012,1.79
13-12-2012,1.78
14-12-2012,1.78
15-12-2012,
16-12-2012,
17-12-2012,1.78
18-12-2012,1.78
19-12-2012,1.78
20-12-2012,1.78
21-12-2012,1.78
22-12-2012,
23-12-2012,
24-12-2012,1.80
25-12-2012,1.80
26-12-2012,1.80
27-12-2012,1.79
28-12-2012,1.79
29-12-2012,
30-12-2012,
31-12-2012,1.79
01-01-2013,
02-01-2013,1.79
03-01-2013,1.78
04-01-2013,1.78
05-01-2013,
06-01-2013,
07-01-2013,1.79
08-01-2013,1.78
09-01-2013,1.78
10-01-2013,1.78
11-01-2013,1.78
12-01-2013,
13-01-2013,
14-01-2013,1.77
15-01-2013,1.77
16-01-2013,1.77
17-01-2013,1.77
18-01-2013,1.76
19-01-2013,
20-01-2013,
21-01-2013,1.76
22-01-2013,1.76
23-01-2013,1.77
24-01-2013,1.77
25-01-2013,1.77
26-01-2013,
27-01-2013,
28-01-2013,1.77
29-01-2013,1.77
30-01-2013,1.77
31-01-2013,1.77
01-02-2013,1.76
02-02-2013,
03-02-2013,
04-02-2013,1.75
05-02-2013,1.75
06-02-2013,1.76
07-02-2013,1.77
08-02-2013,1.77
09-02-2013,
10-02-2013,
11-02-2013,1.77
12-02-2013,1.77
13-02-2013,1.78
14-02-2013,1.77
15-02-2013,1.77
16-02-2013,
17-02-2013,
18-02-2013,1.77
19-02-2013,1.77
20-02-2013,1.77
21-02-2013,1.78
22-02-2013,1.79
23-02-2013,
24-02-2013,
25-02-2013,1.79
26-02-2013,1.80
27-02-2013,1.81
28-02-2013,1.81
01-03-2013,1.80
02-03-2013,
03-03-2013,
04-03-2013,1.80
05-03-2013,1.81
06-03-2013,1.80
07-03-2013,1.79
08-03-2013,1.80
09-03-2013,
10-03-2013,
11-03-2013,1.80
12-03-2013,1.81
13-03-2013,1.81
14-03-2013,1.81
15-03-2013,1.82
16-03-2013,
17-03-2013,
18-03-2013,1.81
19-03-2013,1.82
20-03-2013,1.82
21-03-2013,1.82
22-03-2013,1.82
23-03-2013,
24-03-2013,
25-03-2013,1.82
26-03-2013,1.82
27-03-2013,1.82
28-03-2013,1.82
29-03-2013,1.82
30-03-2013,
31-03-2013,
01-04-2013,1.81
02-04-2013,1.81
03-04-2013,1.81
04-04-2013,1.81
05-04-2013,1.81
06-04-2013,
07-04-2013,
08-04-2013,1.80
09-04-2013,1.79
10-04-2013,1.79
11-04-2013,1.79
12-04-2013,1.79
13-04-2013,
14-04-2013,
15-04-2013,1.79
16-04-2013,1.79
17-04-2013,1.80
18-04-2013,1.79
19-04-2013,1.80
20-04-2013,
21-04-2013,
22-04-2013,1.80
23-04-2013,
24-04-2013,1.80
25-04-2013,1.81
26-04-2013,1.80
27-04-2013,
28-04-2013,
29-04-2013,1.80
30-04-2013,1.80
01-05-2013,
02-05-2013,1.80
03-05-2013,1.80
04-05-2013,
05-05-2013,
06-05-2013,1.80
07-05-2013,1.80
08-05-2013,1.80
09-05-2013,1.80
10-05-2013,1.79
11-05-2013,
12-05-2013,
13-05-2013,1.80
14-05-2013,1.81
15-05-2013,1.81
16-05-2013,1.82
17-05-2013,1.83
18-05-2013,
19-05-2013,
20-05-2013,1.84
21-05-2013,1.85
22-05-2013,1.85
23-05-2013,1.84
24-05-2013,1.85
25-05-2013,
26-05-2013,
27-05-2013,1.85
28-05-2013,1.85
29-05-2013,1.85
30-05-2013,1.87
31-05-2013,1.87
01-06-2013,
02-06-2013,
03-06-2013,1.89
04-06-2013,1.89
05-06-2013,1.88
06-06-2013,1.88
07-06-2013,1.89
08-06-2013,
09-06-2013,
10-06-2013,1.89
11-06-2013,1.90
12-06-2013,1.90
13-06-2013,1.88
14-06-2013,1.87
15-06-2013,
16-06-2013,
17-06-2013,1.86
18-06-2013,1.87
19-06-2013,1.88
20-06-2013,1.88
21-06-2013,1.92
22-06-2013,
23-06-2013,
24-06-2013,1.93
25-06-2013,1.94
26-06-2013,1.94
27-06-2013,1.94
28-06-2013,1.93
29-06-2013,
30-06-2013,
01-07-2013,1.93
02-07-2013,1.93
03-07-2013,1.93
04-07-2013,1.95
05-07-2013,1.95
06-07-2013,
07-07-2013,
08-07-2013,1.95
09-07-2013,1.95
10-07-2013,1.94
11-07-2013,1.95
12-07-2013,1.94
13-07-2013,
14-07-2013,
15-07-2013,1.96
16-07-2013,1.94
17-07-2013,1.93
18-07-2013,1.93
19-07-2013,1.92
20-07-2013,
21-07-2013,
22-07-2013,1.92
23-07-2013,1.92
24-07-2013,1.92
25-07-2013,1.91
26-07-2013,1.93
27-07-2013,
28-07-2013,
29-07-2013,1.92
30-07-2013,1.93
31-07-2013,1.93
01-08-2013,1.93
02-08-2013,1.94
03-08-2013,
04-08-2013,
05-08-2013,1.95
06-08-2013,1.93
07-08-2013,1.93
08-08-2013,
09-08-2013,
10-08-2013,
11-08-2013,
12-08-2013,1.93
13-08-2013,1.93
14-08-2013,1.93
15-08-2013,1.94
16-08-2013,1.93
17-08-2013,
18-08-2013,
19-08-2013,1.94
20-08-2013,1.95
21-08-2013,1.95
22-08-2013,1.96
23-08-2013,1.99
24-08-2013,
25-08-2013,
26-08-2013,1.99
27-08-2013,2.00
28-08-2013,2.03
29-08-2013,2.06
30-08-2013,
31-08-2013,
01-09-2013,
02-09-2013,2.03
03-09-2013,2.02
04-09-2013,2.05
05-09-2013,2.06
06-09-2013,2.08
07-09-2013,
08-09-2013,
09-09-2013,2.07
10-09-2013,2.04
11-09-2013,2.03
12-09-2013,2.02
13-09-2013,2.03
14-09-2013,
15-09-2013,
16-09-2013,2.03
17-09-2013,2.00
18-09-2013,2.01
19-09-2013,2.01
20-09-2013,1.96
21-09-2013,
22-09-2013,
23-09-2013,1.98
24-09-2013,1.99
25-09-2013,2.00
26-09-2013,2.01
27-09-2013,2.02
28-09-2013,
29-09-2013,
30-09-2013,2.04
01-10-2013,2.04
02-10-2013,2.01
03-10-2013,2.02
04-10-2013,2.00
05-10-2013,
06-10-2013,
07-10-2013,2.00
08-10-2013,2.00
09-10-2013,1.99
10-10-2013,1.99
11-10-2013,1.98
12-10-2013,
13-10-2013,
14-10-2013,1.98
15-10-2013,
16-10-2013,
17-10-2013,
18-10-2013,
19-10-2013,
20-10-2013,
21-10-2013,1.98
22-10-2013,1.98
23-10-2013,1.98
24-10-2013,1.98
25-10-2013,1.98
26-10-2013,
27-10-2013,
28-10-2013,1.99
29-10-2013,
30-10-2013,1.99
31-10-2013,1.99
01-11-2013,1.99
02-11-2013,
03-11-2013,
04-11-2013,2.01
05-11-2013,2.02
06-11-2013,2.03
07-11-2013,2.03
08-11-2013,2.03
09-11-2013,
10-11-2013,
11-11-2013,2.03
12-11-2013,2.04
13-11-2013,2.05
14-11-2013,2.06
15-11-2013,2.05
16-11-2013,
17-11-2013,
18-11-2013,2.04
19-11-2013,2.02
20-11-2013,2.02
21-11-2013,2.01
22-11-2013,2.02
23-11-2013,
24-11-2013,
25-11-2013,2.02
26-11-2013,2.00
27-11-2013,2.01
28-11-2013,2.02
29-11-2013,2.02
30-11-2013,
01-12-2013,
02-12-2013,2.02
03-12-2013,2.03
04-12-2013,2.04
05-12-2013,2.05
06-12-2013,2.05
07-12-2013,
08-12-2013,
09-12-2013,2.04
10-12-2013,2.03
11-12-2013,2.03
12-12-2013,2.03
13-12-2013,2.04
14-12-2013,
15-12-2013,
16-12-2013,2.04
17-12-2013,2.04
18-12-2013,2.04
19-12-2013,2.05
20-12-2013,2.06
21-12-2013,
22-12-2013,
23-12-2013,2.09
24-12-2013,2.09
25-12-2013,2.08
26-12-2013,2.07
27-12-2013,2.10
28-12-2013,
29-12-2013,
30-12-2013,2.16
31-12-2013,2.14
01-01-2014,
02-01-2014,2.13
03-01-2014,2.18
04-01-2014,
05-01-2014,
06-01-2014,2.17
07-01-2014,2.19
08-01-2014,2.18
09-01-2014,2.18
10-01-2014,2.19
11-01-2014,
12-01-2014,
13-01-2014,2.18
14-01-2014,2.18
15-01-2014,2.19
16-01-2014,2.20
17-01-2014,2.21
18-01-2014,
19-01-2014,
20-01-2014,2.21
21-01-2014,2.24
22-01-2014,2.25
23-01-2014,2.26
24-01-2014,2.28
25-01-2014,
26-01-2014,
27-01-2014,2.32
28-01-2014,2.35
29-01-2014,2.27
30-01-2014,2.23
31-01-2014,2.28
01-02-2014,
02-02-2014,
03-02-2014,2.27
04-02-2014,2.27
05-02-2014,2.26
06-02-2014,2.24
07-02-2014,2.23
08-02-2014,
09-02-2014,
10-02-2014,2.22
11-02-2014,2.23
12-02-2014,2.21
13-02-2014,2.20
14-02-2014,2.20
15-02-2014,
16-02-2014,
17-02-2014,2.19
18-02-2014,2.18
19-02-2014,2.18
20-02-2014,2.19
21-02-2014,2.21
22-02-2014,
23-02-2014,
24-02-2014,2.20
25-02-2014,2.18
26-02-2014,2.21
27-02-2014,2.21
28-02-2014,2.24
01-03-2014,
02-03-2014,
03-03-2014,2.22
04-03-2014,2.22
05-03-2014,2.22
06-03-2014,2.21
07-03-2014,2.20
08-03-2014,
09-03-2014,
10-03-2014,2.19
11-03-2014,2.22
12-03-2014,2.23
13-03-2014,2.25
14-03-2014,2.23
15-03-2014,
16-03-2014,
17-03-2014,2.24
18-03-2014,2.23
19-03-2014,2.23
20-03-2014,2.23
21-03-2014,2.24
22-03-2014,
23-03-2014,
24-03-2014,2.24
25-03-2014,2.24
26-03-2014,2.24
27-03-2014,2.22
28-03-2014,2.20
29-03-2014,
30-03-2014,
31-03-2014,2.19
01-04-2014,2.16
02-04-2014,2.15
03-04-2014,2.14
04-04-2014,2.14
05-04-2014,
06-04-2014,
07-04-2014,2.14
08-04-2014,2.12
09-04-2014,2.10
10-04-2014,2.11
11-04-2014,2.10
12-04-2014,
13-04-2014,
14-04-2014,2.12
15-04-2014,2.13
16-04-2014,2.13
17-04-2014,2.14
18-04-2014,2.13
19-04-2014,
20-04-2014,
21-04-2014,2.13
22-04-2014,2.14
23-04-2014,
24-04-2014,2.14
25-04-2014,2.14
26-04-2014,
27-04-2014,
28-04-2014,2.14
29-04-2014,2.14
30-04-2014,2.12
01-05-2014,
02-05-2014,2.12
03-05-2014,
04-05-2014,
05-05-2014,2.11
06-05-2014,2.10
07-05-2014,2.10
08-05-2014,2.10
09-05-2014,2.08
10-05-2014,
11-05-2014,
12-05-2014,2.08
13-05-2014,2.08
14-05-2014,2.07
15-05-2014,2.07
16-05-2014,2.08
17-05-2014,
18-05-2014,
19-05-2014,
20-05-2014,2.10
21-05-2014,2.11
22-05-2014,2.11
23-05-2014,2.10
24-05-2014,
25-05-2014,
26-05-2014,2.09
27-05-2014,2.09
28-05-2014,2.10
29-05-2014,2.11
30-05-2014,2.10
31-05-2014,
01-06-2014,
02-06-2014,2.10
03-06-2014,2.10
04-06-2014,2.11
05-06-2014,2.12
06-06-2014,2.11
07-06-2014,
08-06-2014,
09-06-2014,2.09
10-06-2014,2.08
11-06-2014,2.09
12-06-2014,2.10
13-06-2014,2.11
14-06-2014,
15-06-2014,
16-06-2014,2.12
17-06-2014,2.14
18-06-2014,2.14
19-06-2014,2.15
20-06-2014,2.13
21-06-2014,
22-06-2014,
23-06-2014,2.14
24-06-2014,2.14
25-06-2014,2.14
26-06-2014,2.14
27-06-2014,2.13
28-06-2014,
29-06-2014,
30-06-2014,2.13
01-07-2014,2.13
02-07-2014,2.12
03-07-2014,2.13
04-07-2014,2.14
05-07-2014,
06-07-2014,
07-07-2014,2.13
08-07-2014,2.14
09-07-2014,2.13
10-07-2014,2.13
11-07-2014,2.13
12-07-2014,
13-07-2014,
14-07-2014,2.13
15-07-2014,2.12
16-07-2014,2.12
17-07-2014,2.13
18-07-2014,2.13
19-07-2014,
20-07-2014,
21-07-2014,2.13
22-07-2014,2.12
23-07-2014,2.12
24-07-2014,2.10
25-07-2014,2.09
26-07-2014,
27-07-2014,
28-07-2014,
29-07-2014,
30-07-2014,
31-07-2014,2.10
01-08-2014,2.14
02-08-2014,
03-08-2014,
04-08-2014,2.15
05-08-2014,2.14
06-08-2014,2.13
07-08-2014,2.17
08-08-2014,2.16
09-08-2014,
10-08-2014,
11-08-2014,2.17
12-08-2014,2.15
13-08-2014,2.17
14-08-2014,2.16
15-08-2014,2.16
16-08-2014,
17-08-2014,
18-08-2014,2.16
19-08-2014,2.17
20-08-2014,2.17
21-08-2014,2.17
22-08-2014,2.18
23-08-2014,
24-08-2014,
25-08-2014,2.18
26-08-2014,2.18
27-08-2014,2.17
28-08-2014,2.16
29-08-2014,2.17
30-08-2014,
31-08-2014,
01-09-2014,2.16
02-09-2014,2.16
03-09-2014,2.17
04-09-2014,2.17
05-09-2014,2.16
06-09-2014,
07-09-2014,
08-09-2014,2.17
09-09-2014,2.17
10-09-2014,2.19
11-09-2014,2.21
12-09-2014,2.20
13-09-2014,
14-09-2014,
15-09-2014,2.21
16-09-2014,2.22
17-09-2014,2.21
18-09-2014,2.21
19-09-2014,2.23
20-09-2014,
21-09-2014,
22-09-2014,2.23
23-09-2014,2.24
24-09-2014,2.24
25-09-2014,2.24
26-09-2014,2.25
27-09-2014,
28-09-2014,
29-09-2014,2.26
30-09-2014,2.28
01-10-2014,2.28
02-10-2014,2.29
03-10-2014,2.28
04-10-2014,
05-10-2014,
06-10-2014,
07-10-2014,
08-10-2014,2.28
09-10-2014,2.29
10-10-2014,2.26
11-10-2014,
12-10-2014,
13-10-2014,2.28
14-10-2014,2.27
15-10-2014,2.28
16-10-2014,2.27
17-10-2014,2.28
18-10-2014,
19-10-2014,
20-10-2014,2.26
21-10-2014,2.25
22-10-2014,2.24
23-10-2014,2.25
24-10-2014,2.24
25-10-2014,
26-10-2014,
27-10-2014,2.24
28-10-2014,2.24
29-10-2014,
30-10-2014,2.24
31-10-2014,2.22
01-11-2014,
02-11-2014,
03-11-2014,2.21
04-11-2014,2.23
05-11-2014,2.23
06-11-2014,2.24
07-11-2014,2.24
08-11-2014,
09-11-2014,
10-11-2014,2.27
11-11-2014,2.25
12-11-2014,2.27
13-11-2014,2.26
14-11-2014,2.25
15-11-2014,
16-11-2014,
17-11-2014,2.25
18-11-2014,2.23
19-11-2014,2.22
20-11-2014,2.23
21-11-2014,2.24
22-11-2014,
23-11-2014,
24-11-2014,2.23
25-11-2014,2.23
26-11-2014,2.23
27-11-2014,2.23
28-11-2014,2.22
29-11-2014,
30-11-2014,
01-12-2014,2.21
02-12-2014,2.22
03-12-2014,2.22
04-12-2014,2.24
05-12-2014,2.24
06-12-2014,
07-12-2014,
08-12-2014,2.24
09-12-2014,2.28
10-12-2014,2.26
11-12-2014,2.26
12-12-2014,2.26
13-12-2014,
14-12-2014,
15-12-2014,2.28
16-12-2014,2.32
17-12-2014,2.37
18-12-2014,2.37
19-12-2014,2.33
20-12-2014,
21-12-2014,
22-12-2014,2.33
23-12-2014,2.32
24-12-2014,2.32
25-12-2014,2.33
26-12-2014,2.32
27-12-2014,
28-12-2014,
29-12-2014,2.32
30-12-2014,2.33
31-12-2014,2.32
01-01-2015,
02-01-2015,2.33
03-01-2015,
04-01-2015,
05-01-2015,2.35
06-01-2015,2.35
07-01-2015,2.33
08-01-2015,2.33
09-01-2015,2.31
10-01-2015,
11-01-2015,
12-01-2015,2.30
13-01-2015,2.29
14-01-2015,2.28
15-01-2015,2.30
16-01-2015,2.28
17-01-2015,
18-01-2015,
19-01-2015,2.31
20-01-2015,2.34
21-01-2015,2.34
22-01-2015,2.34
23-01-2015,2.35
24-01-2015,
25-01-2015,
26-01-2015,2.34
27-01-2015,2.36
28-01-2015,2.36
29-01-2015,2.37
30-01-2015,2.41
31-01-2015,
01-02-2015,
02-02-2015,2.42
03-02-2015,2.43
04-02-2015,2.42
05-02-2015,2.41
06-02-2015,2.45
07-02-2015,
08-02-2015,
09-02-2015,2.44
10-02-2015,2.49
11-02-2015,2.48
12-02-2015,2.49
13-02-2015,2.49
14-02-2015,
15-02-2015,
16-02-2015,2.47
17-02-2015,2.46
18-02-2015,2.45
19-02-2015,2.47
20-02-2015,2.45
21-02-2015,
22-02-2015,
23-02-2015,2.46
24-02-2015,2.48
25-02-2015,2.48
26-02-2015,2.46
27-02-2015,2.48
28-02-2015,
01-03-2015,
02-03-2015,2.51
03-03-2015,2.52
04-03-2015,2.52
05-03-2015,2.55
06-03-2015,2.59
07-03-2015,
08-03-2015,
09-03-2015,2.60
10-03-2015,2.61
11-03-2015,2.63
12-03-2015,2.62
13-03-2015,2.59
14-03-2015,
15-03-2015,
16-03-2015,2.62
17-03-2015,2.63
18-03-2015,2.62
19-03-2015,2.62
20-03-2015,2.60
21-03-2015,
22-03-2015,
23-03-2015,2.60
24-03-2015,2.57
25-03-2015,2.56
26-03-2015,2.56
27-03-2015,2.60
28-03-2015,
29-03-2015,
30-03-2015,2.62
31-03-2015,2.61
01-04-2015,2.62
02-04-2015,2.61
03-04-2015,2.60
04-04-2015,
05-04-2015,
06-04-2015,2.60
07-04-2015,2.57
08-04-2015,2.58
09-04-2015,2.59
10-04-2015,2.60
11-04-2015,
12-04-2015,
13-04-2015,2.63
14-04-2015,2.65
15-04-2015,2.68
16-04-2015,2.70
17-04-2015,2.70
18-04-2015,
19-04-2015,
20-04-2015,2.69
21-04-2015,2.70
22-04-2015,2.70
23-04-2015,
24-04-2015,2.69
25-04-2015,
26-04-2015,
27-04-2015,2.73
28-04-2015,2.73
29-04-2015,2.68
30-04-2015,2.67
01-05-2015,
02-05-2015,
03-05-2015,
04-05-2015,2.66
05-05-2015,2.72
06-05-2015,2.71
07-05-2015,2.71
08-05-2015,2.70
09-05-2015,
10-05-2015,
11-05-2015,2.69
12-05-2015,2.70
13-05-2015,2.69
14-05-2015,2.66
15-05-2015,2.62
16-05-2015,
17-05-2015,
18-05-2015,2.59
19-05-2015,
20-05-2015,2.58
21-05-2015,2.61
22-05-2015,2.57
23-05-2015,
24-05-2015,
25-05-2015,2.60
26-05-2015,2.61
27-05-2015,2.63
28-05-2015,2.65
29-05-2015,2.66
30-05-2015,
31-05-2015,
01-06-2015,2.66
02-06-2015,2.68
03-06-2015,2.68
04-06-2015,2.69
05-06-2015,2.70
06-06-2015,
07-06-2015,
08-06-2015,2.67
09-06-2015,2.77
10-06-2015,2.75
11-06-2015,2.74
12-06-2015,2.74
13-06-2015,
14-06-2015,
15-06-2015,2.72
16-06-2015,2.74
17-06-2015,2.75
18-06-2015,2.74
19-06-2015,2.72
20-06-2015,
21-06-2015,
22-06-2015,2.72
23-06-2015,2.68
24-06-2015,2.68
25-06-2015,2.68
26-06-2015,2.67
27-06-2015,
28-06-2015,
29-06-2015,2.66
30-06-2015,2.69
01-07-2015,2.69
02-07-2015,2.68
03-07-2015,2.70
04-07-2015,
05-07-2015,
06-07-2015,2.69
07-07-2015,2.69
08-07-2015,2.68
09-07-2015,2.69
10-07-2015,2.68
11-07-2015,
12-07-2015,
13-07-2015,2.67
14-07-2015,2.66
15-07-2015,2.64
16-07-2015,2.64
17-07-2015,
18-07-2015,
19-07-2015,
20-07-2015,2.64
21-07-2015,2.68
22-07-2015,2.69
23-07-2015,2.71
24-07-2015,2.72
25-07-2015,
26-07-2015,
27-07-2015,2.74
28-07-2015,2.76
29-07-2015,2.76
30-07-2015,2.77
31-07-2015,2.78
01-08-2015,
02-08-2015,
03-08-2015,2.79
04-08-2015,2.78
05-08-2015,2.77
06-08-2015,2.79
07-08-2015,2.79
08-08-2015,
09-08-2015,
10-08-2015,2.78
11-08-2015,2.79
12-08-2015,2.77
13-08-2015,2.78
14-08-2015,2.79
15-08-2015,
16-08-2015,
17-08-2015,2.84
18-08-2015,2.85
19-08-2015,2.88
20-08-2015,2.91
21-08-2015,2.97
22-08-2015,
23-08-2015,
24-08-2015,2.92
25-08-2015,2.95
26-08-2015,2.93
27-08-2015,2.94
28-08-2015,2.92
29-08-2015,
30-08-2015,
31-08-2015,2.92
01-09-2015,2.92
02-09-2015,2.92
03-09-2015,2.95
04-09-2015,2.96
05-09-2015,
06-09-2015,
07-09-2015,2.98
08-09-2015,3.03
09-09-2015,3.02
10-09-2015,3.01
11-09-2015,3.05
12-09-2015,
13-09-2015,
14-09-2015,3.04
15-09-2015,3.07
16-09-2015,3.05
17-09-2015,3.02
18-09-2015,3.02
19-09-2015,
20-09-2015,
21-09-2015,3.00
22-09-2015,3.00
23-09-2015,3.01
24-09-2015,
25-09-2015,
26-09-2015,
27-09-2015,
28-09-2015,3.01
29-09-2015,3.05
30-09-2015,3.05
01-10-2015,3.03
02-10-2015,3.02
03-10-2015,
04-10-2015,
05-10-2015,3.03
06-10-2015,3.00
07-10-2015,2.99
08-10-2015,2.94
09-10-2015,2.94
10-10-2015,
11-10-2015,
12-10-2015,2.90
13-10-2015,2.93
14-10-2015,2.95
15-10-2015,2.95
16-10-2015,2.89
17-10-2015,
18-10-2015,
19-10-2015,2.90
20-10-2015,2.89
21-10-2015,2.90
22-10-2015,2.91
23-10-2015,2.89
24-10-2015,
25-10-2015,
26-10-2015,2.87
27-10-2015,2.90
28-10-2015,2.90
29-10-2015,
30-10-2015,2.90
31-10-2015,
01-11-2015,
02-11-2015,2.92
03-11-2015,2.81
04-11-2015,2.83
05-11-2015,2.84
06-11-2015,2.87
07-11-2015,
08-11-2015,
09-11-2015,2.88
10-11-2015,2.92
11-11-2015,2.92
12-11-2015,2.90
13-11-2015,2.88
14-11-2015,
15-11-2015,
16-11-2015,2.87
17-11-2015,2.88
18-11-2015,2.88
19-11-2015,2.87
20-11-2015,2.85
21-11-2015,
22-11-2015,
23-11-2015,2.84
24-11-2015,2.85
25-11-2015,2.87
26-11-2015,2.89
27-11-2015,2.91
28-11-2015,
29-11-2015,
30-11-2015,2.92
01-12-2015,2.92
02-12-2015,2.90
03-12-2015,2.88
04-12-2015,2.89
05-12-2015,
06-12-2015,
07-12-2015,2.90
08-12-2015,2.89
09-12-2015,2.92
10-12-2015,2.92
11-12-2015,2.92
12-12-2015,
13-12-2015,
14-12-2015,2.95
15-12-2015,2.97
16-12-2015,2.98
17-12-2015,2.97
18-12-2015,2.94
19-12-2015,
20-12-2015,
21-12-2015,2.93
22-12-2015,2.91
23-12-2015,2.93
24-12-2015,2.93
25-12-2015,2.92
26-12-2015,
27-12-2015,
28-12-2015,2.92
29-12-2015,2.92
30-12-2015,2.91
31-12-2015,2.91
01-01-2016,
02-01-2016,
03-01-2016,
04-01-2016,2.92
05-01-2016,2.95
06-01-2016,2.98
07-01-2016,3.01
08-01-2016,3.02
09-01-2016,
10-01-2016,
11-01-2016,2.99
12-01-2016,3.02
13-01-2016,3.04
14-01-2016,3.02
15-01-2016,3.03
16-01-2016,
17-01-2016,
18-01-2016,3.04
19-01-2016,3.04
20-01-2016,3.03
21-01-2016,3.06
22-01-2016,3.04
23-01-2016,
24-01-2016,
25-01-2016,3.02
26-01-2016,3.02
27-01-2016,3.03
28-01-2016,3.00
29-01-2016,2.98
30-01-2016,
31-01-2016,
01-02-2016,2.97
02-02-2016,2.97
03-02-2016,2.96
04-02-2016,2.95
05-02-2016,2.91
06-02-2016,
07-02-2016,
08-02-2016,2.91
09-02-2016,2.93
10-02-2016,2.95
11-02-2016,2.93
12-02-2016,2.93
13-02-2016,
14-02-2016,
15-02-2016,2.93
16-02-2016,2.95
17-02-2016,2.96
18-02-2016,2.97
19-02-2016,2.97
20-02-2016,
21-02-2016,
22-02-2016,2.97
23-02-2016,2.95
24-02-2016,2.94
25-02-2016,2.94
26-02-2016,2.93
27-02-2016,
28-02-2016,
29-02-2016,2.93
01-03-2016,2.97
02-03-2016,2.95
03-03-2016,2.94
04-03-2016,2.93
05-03-2016,
06-03-2016,
07-03-2016,2.92
08-03-2016,2.93
09-03-2016,2.93
10-03-2016,2.91
11-03-2016,2.89
12-03-2016,
13-03-2016,
14-03-2016,2.88
15-03-2016,2.88
16-03-2016,2.89
17-03-2016,2.91
18-03-2016,2.86
19-03-2016,
20-03-2016,
21-03-2016,2.86
22-03-2016,2.87
23-03-2016,2.88
24-03-2016,2.87
25-03-2016,2.88
26-03-2016,
27-03-2016,
28-03-2016,2.88
29-03-2016,2.88
30-03-2016,2.87
31-03-2016,2.84
01-04-2016,2.83
02-04-2016,
03-04-2016,
04-04-2016,2.82
05-04-2016,2.82
06-04-2016,2.83
07-04-2016,2.85
08-04-2016,2.85
09-04-2016,
10-04-2016,
11-04-2016,2.86
12-04-2016,2.84
13-04-2016,2.83
14-04-2016,2.85
15-04-2016,2.86
16-04-2016,
17-04-2016,
18-04-2016,2.86
19-04-2016,2.86
20-04-2016,2.84
21-04-2016,2.83
22-04-2016,2.83
23-04-2016,
24-04-2016,
25-04-2016,2.83
26-04-2016,2.85
27-04-2016,2.84
28-04-2016,2.82
29-04-2016,2.82
30-04-2016,
01-05-2016,
02-05-2016,2.81
03-05-2016,2.80
04-05-2016,2.81
05-05-2016,2.86
06-05-2016,2.93
07-05-2016,
08-05-2016,
09-05-2016,2.92
10-05-2016,2.93
11-05-2016,2.94
12-05-2016,2.97
13-05-2016,2.95
14-05-2016,
15-05-2016,
16-05-2016,2.96
17-05-2016,2.98
18-05-2016,2.97
19-05-2016,
20-05-2016,2.98
21-05-2016,
22-05-2016,
23-05-2016,2.98
24-05-2016,2.99
25-05-2016,2.99
26-05-2016,2.95
27-05-2016,2.94
28-05-2016,
29-05-2016,
30-05-2016,2.95
31-05-2016,2.96
01-06-2016,2.96
02-06-2016,2.95
03-06-2016,2.94
04-06-2016,
05-06-2016,
06-06-2016,2.95
07-06-2016,2.91
08-06-2016,2.90
09-06-2016,2.89
10-06-2016,2.90
11-06-2016,
12-06-2016,
13-06-2016,2.92
14-06-2016,2.93
15-06-2016,2.94
16-06-2016,2.93
17-06-2016,2.93
18-06-2016,
19-06-2016,
20-06-2016,2.94
21-06-2016,2.90
22-06-2016,2.90
23-06-2016,2.91
24-06-2016,2.89
25-06-2016,
26-06-2016,
27-06-2016,2.93
28-06-2016,2.94
29-06-2016,2.92
30-06-2016,2.90
01-07-2016,2.89
02-07-2016,
03-07-2016,
04-07-2016,2.89
05-07-2016,
06-07-2016,
07-07-2016,
08-07-2016,2.89
09-07-2016,
10-07-2016,
11-07-2016,2.93
12-07-2016,2.90
13-07-2016,2.89
14-07-2016,2.90
15-07-2016,2.90
16-07-2016,
17-07-2016,
18-07-2016,2.89
19-07-2016,2.95
20-07-2016,2.98
21-07-2016,3.03
22-07-2016,3.08
23-07-2016,
24-07-2016,
25-07-2016,3.06
26-07-2016,3.04
27-07-2016,3.04
28-07-2016,3.04
29-07-2016,3.02
30-07-2016,
31-07-2016,
01-08-2016,3.02
02-08-2016,2.99
03-08-2016,3.00
04-08-2016,3.01
05-08-2016,3.03
06-08-2016,
07-08-2016,
08-08-2016,3.01
09-08-2016,2.99
10-08-2016,2.98
11-08-2016,2.96
12-08-2016,2.97
13-08-2016,
14-08-2016,
15-08-2016,2.96
16-08-2016,2.96
17-08-2016,2.94
18-08-2016,2.94
19-08-2016,2.93
20-08-2016,
21-08-2016,
22-08-2016,2.94
23-08-2016,2.95
24-08-2016,2.94
25-08-2016,2.96
26-08-2016,2.94
27-08-2016,
28-08-2016,
29-08-2016,2.94
30-08-2016,
31-08-2016,2.96
01-09-2016,2.96
02-09-2016,2.96
03-09-2016,
04-09-2016,
05-09-2016,2.96
06-09-2016,2.95
07-09-2016,2.94
08-09-2016,2.93
09-09-2016,2.94
10-09-2016,
11-09-2016,
12-09-2016,
13-09-2016,
14-09-2016,
15-09-2016,
16-09-2016,2.96
17-09-2016,
18-09-2016,
19-09-2016,2.97
20-09-2016,2.98
21-09-2016,2.98
22-09-2016,2.98
23-09-2016,2.95
24-09-2016,
25-09-2016,
26-09-2016,2.95
27-09-2016,2.99
28-09-2016,2.98
29-09-2016,2.98
30-09-2016,3.00
01-10-2016,
02-10-2016,
03-10-2016,3.01
04-10-2016,3.01
05-10-2016,3.03
06-10-2016,3.06
07-10-2016,3.06
08-10-2016,
09-10-2016,
10-10-2016,3.06
11-10-2016,3.06
12-10-2016,3.09
13-10-2016,3.09
14-10-2016,3.10
15-10-2016,
16-10-2016,
17-10-2016,3.09
18-10-2016,3.10
19-10-2016,3.10
20-10-2016,3.08
21-10-2016,3.07
22-10-2016,
23-10-2016,
24-10-2016,3.08
25-10-2016,3.08
26-10-2016,3.08
27-10-2016,3.08
28-10-2016,3.11
29-10-2016,
30-10-2016,
31-10-2016,3.11
01-11-2016,3.11
02-11-2016,3.10
03-11-2016,3.12
04-11-2016,3.12
05-11-2016,
06-11-2016,
07-11-2016,3.14
08-11-2016,3.16
09-11-2016,3.18
10-11-2016,3.19
11-11-2016,3.21
12-11-2016,
13-11-2016,
14-11-2016,3.26
15-11-2016,3.28
16-11-2016,3.28
17-11-2016,3.31
18-11-2016,3.32
19-11-2016,
20-11-2016,
21-11-2016,3.39
22-11-2016,3.38
23-11-2016,3.36
24-11-2016,3.39
25-11-2016,3.41
26-11-2016,
27-11-2016,
28-11-2016,3.45
29-11-2016,3.42
30-11-2016,3.43
01-12-2016,3.42
02-12-2016,3.45
03-12-2016,
04-12-2016,
05-12-2016,3.51
06-12-2016,3.54
07-12-2016,3.52
08-12-2016,3.44
09-12-2016,3.37
10-12-2016,
11-12-2016,
12-12-2016,3.46
13-12-2016,3.52
14-12-2016,3.48
15-12-2016,3.48
16-12-2016,3.52
17-12-2016,
18-12-2016,
19-12-2016,3.50
20-12-2016,3.50
21-12-2016,3.52
22-12-2016,3.52
23-12-2016,3.51
24-12-2016,
25-12-2016,
26-12-2016,3.51
27-12-2016,3.51
28-12-2016,3.52
29-12-2016,3.54
30-12-2016,3.54
31-12-2016,
01-01-2017,
02-01-2017,3.53
03-01-2017,3.54
04-01-2017,3.58
05-01-2017,3.58
06-01-2017,3.60
07-01-2017,
08-01-2017,
09-01-2017,3.62
10-01-2017,3.71
11-01-2017,3.77
12-01-2017,3.86
13-01-2017,3.85
14-01-2017,
15-01-2017,
16-01-2017,3.81
17-01-2017,3.77
18-01-2017,3.79
19-01-2017,3.78
20-01-2017,3.80
21-01-2017,
22-01-2017,
23-01-2017,3.82
24-01-2017,3.77
25-01-2017,3.76
26-01-2017,3.81
27-01-2017,3.84
28-01-2017,
29-01-2017,
30-01-2017,3.88
31-01-2017,3.84
01-02-2017,3.79
02-02-2017,3.78
03-02-2017,3.74
04-02-2017,
05-02-2017,
06-02-2017,3.75
07-02-2017,3.69
08-02-2017,3.72
09-02-2017,3.75
10-02-2017,3.71
11-02-2017,
12-02-2017,
13-02-2017,3.68
14-02-2017,3.69
15-02-2017,3.66
16-02-2017,3.65
17-02-2017,3.68
18-02-2017,
19-02-2017,
20-02-2017,3.67
21-02-2017,3.63
22-02-2017,3.63
23-02-2017,3.62
24-02-2017,3.58
25-02-2017,
26-02-2017,
27-02-2017,3.58
28-02-2017,3.59
01-03-2017,3.61
02-03-2017,3.64
03-03-2017,3.69
04-03-2017,
05-03-2017,
06-03-2017,3.73
07-03-2017,3.72
08-03-2017,3.69
09-03-2017,3.71
10-03-2017,3.76
11-03-2017,
12-03-2017,
13-03-2017,3.75
14-03-2017,3.75
15-03-2017,3.75
16-03-2017,3.74
17-03-2017,3.68
18-03-2017,
19-03-2017,
20-03-2017,3.61
21-03-2017,3.63
22-03-2017,3.62
23-03-2017,3.63
24-03-2017,3.62
25-03-2017,
26-03-2017,
27-03-2017,3.63
28-03-2017,3.60
29-03-2017,3.63
30-03-2017,3.65
31-03-2017,3.65
01-04-2017,
02-04-2017,
03-04-2017,3.64
04-04-2017,3.64
05-04-2017,3.65
06-04-2017,3.68
07-04-2017,3.71
08-04-2017,
09-04-2017,
10-04-2017,3.73
11-04-2017,3.73
12-04-2017,3.72
13-04-2017,3.68
14-04-2017,3.66
15-04-2017,
16-04-2017,
17-04-2017,3.69
18-04-2017,3.66
19-04-2017,3.69
20-04-2017,3.67
21-04-2017,3.64
22-04-2017,
23-04-2017,
24-04-2017,3.65
25-04-2017,3.60
26-04-2017,3.59
27-04-2017,3.59
28-04-2017,3.56
29-04-2017,
30-04-2017,
01-05-2017,
02-05-2017,3.56
03-05-2017,3.54
04-05-2017,3.54
05-05-2017,3.55
06-05-2017,
07-05-2017,
08-05-2017,3.57
09-05-2017,3.55
10-05-2017,3.60
11-05-2017,3.60
12-05-2017,3.58
13-05-2017,
14-05-2017,
15-05-2017,3.59
16-05-2017,3.56
17-05-2017,3.55
18-05-2017,3.56
19-05-2017,
20-05-2017,
21-05-2017,
22-05-2017,3.62
23-05-2017,3.57
24-05-2017,3.57
25-05-2017,3.57
26-05-2017,3.57
27-05-2017,
28-05-2017,
29-05-2017,3.57
30-05-2017,3.58
31-05-2017,3.57
01-06-2017,3.54
02-06-2017,3.54
03-06-2017,
04-06-2017,
05-06-2017,3.53
06-06-2017,3.51
07-06-2017,3.54
08-06-2017,3.52
09-06-2017,3.55
10-06-2017,
11-06-2017,
12-06-2017,3.53
13-06-2017,3.53
14-06-2017,3.52
15-06-2017,3.52
16-06-2017,3.51
17-06-2017,
18-06-2017,
19-06-2017,3.52
20-06-2017,3.51
21-06-2017,3.53
22-06-2017,3.54
23-06-2017,3.52
24-06-2017,
25-06-2017,
26-06-2017,
27-06-2017,
28-06-2017,3.51
29-06-2017,3.53
30-06-2017,3.51
01-07-2017,
02-07-2017,
03-07-2017,3.52
04-07-2017,3.54
05-07-2017,3.56
06-07-2017,3.59
07-07-2017,3.63
08-07-2017,
09-07-2017,
10-07-2017,3.64
11-07-2017,3.61
12-07-2017,3.64
13-07-2017,3.61
14-07-2017,3.57
15-07-2017,
16-07-2017,
17-07-2017,3.57
18-07-2017,3.54
19-07-2017,3.53
20-07-2017,3.53
21-07-2017,3.54
22-07-2017,
23-07-2017,
24-07-2017,3.54
25-07-2017,3.55
26-07-2017,3.56
27-07-2017,3.56
28-07-2017,3.53
29-07-2017,
30-07-2017,
31-07-2017,3.54
01-08-2017,3.53
02-08-2017,3.52
03-08-2017,3.54
04-08-2017,3.54
05-08-2017,
06-08-2017,
07-08-2017,3.54
08-08-2017,3.54
09-08-2017,3.53
10-08-2017,3.54
11-08-2017,3.54
12-08-2017,
13-08-2017,
14-08-2017,3.55
15-08-2017,3.53
16-08-2017,3.53
17-08-2017,3.54
18-08-2017,3.52
19-08-2017,
20-08-2017,
21-08-2017,3.53
22-08-2017,3.52
23-08-2017,3.50
24-08-2017,3.50
25-08-2017,3.48
26-08-2017,
27-08-2017,
28-08-2017,3.48
29-08-2017,3.45
30-08-2017,
31-08-2017,3.45
01-09-2017,
02-09-2017,
03-09-2017,
04-09-2017,
05-09-2017,3.45
06-09-2017,3.45
07-09-2017,3.45
08-09-2017,3.43
09-09-2017,
10-09-2017,
11-09-2017,3.41
12-09-2017,3.40
13-09-2017,3.43
14-09-2017,3.44
15-09-2017,3.46
16-09-2017,
17-09-2017,
18-09-2017,3.44
19-09-2017,3.46
20-09-2017,3.50
21-09-2017,3.48
22-09-2017,3.52
23-09-2017,
24-09-2017,
25-09-2017,3.49
26-09-2017,3.52
27-09-2017,3.54
28-09-2017,3.57
29-09-2017,3.58
30-09-2017,
01-10-2017,
02-10-2017,3.56
03-10-2017,3.58
04-10-2017,3.58
05-10-2017,3.57
06-10-2017,3.57
07-10-2017,
08-10-2017,
09-10-2017,3.61
10-10-2017,3.70
11-10-2017,3.69
12-10-2017,3.68
13-10-2017,3.65
14-10-2017,
15-10-2017,
16-10-2017,3.65
17-10-2017,3.65
18-10-2017,3.66
19-10-2017,3.68
20-10-2017,3.67
21-10-2017,
22-10-2017,
23-10-2017,3.67
24-10-2017,3.71
25-10-2017,3.72
26-10-2017,3.74
27-10-2017,3.77
28-10-2017,
29-10-2017,
30-10-2017,3.82
31-10-2017,3.78
01-11-2017,3.78
02-11-2017,3.81
03-11-2017,3.81
04-11-2017,
05-11-2017,
06-11-2017,3.83
07-11-2017,3.87
08-11-2017,3.86
09-11-2017,3.89
10-11-2017,3.86
11-11-2017,
12-11-2017,
13-11-2017,3.87
14-11-2017,3.87
15-11-2017,3.87
16-11-2017,3.89
17-11-2017,3.88
18-11-2017,
19-11-2017,
20-11-2017,3.89
21-11-2017,3.89
22-11-2017,3.96
23-11-2017,3.97
24-11-2017,3.92
25-11-2017,
26-11-2017,
27-11-2017,3.94
28-11-2017,3.94
29-11-2017,3.93
30-11-2017,3.96
01-12-2017,3.95
02-12-2017,
03-12-2017,
04-12-2017,3.94
05-12-2017,3.93
06-12-2017,3.87
07-12-2017,3.86
08-12-2017,3.87
09-12-2017,
10-12-2017,
11-12-2017,3.86
12-12-2017,3.83
13-12-2017,3.83
14-12-2017,3.85
15-12-2017,3.84
16-12-2017,
17-12-2017,
18-12-2017,3.87
19-12-2017,3.86
20-12-2017,3.84
21-12-2017,3.84
22-12-2017,3.83
23-12-2017,
24-12-2017,
25-12-2017,3.82
26-12-2017,3.82
27-12-2017,3.81
28-12-2017,3.83
29-12-2017,3.82
30-12-2017,
31-12-2017,
01-01-2018,3.78
02-01-2018,3.78
03-01-2018,3.77
04-01-2018,3.77
05-01-2018,3.77
06-01-2018,
07-01-2018,
08-01-2018,3.75
09-01-2018,3.75
10-01-2018,3.76
11-01-2018,3.79
12-01-2018,3.80
13-01-2018,
14-01-2018,
15-01-2018,3.77
16-01-2018,3.77
17-01-2018,3.82
18-01-2018,3.82
19-01-2018,3.80
20-01-2018,
21-01-2018,
22-01-2018,3.78
23-01-2018,3.82
24-01-2018,3.79
25-01-2018,3.76
26-01-2018,3.75
27-01-2018,
28-01-2018,
29-01-2018,3.74
30-01-2018,3.78
31-01-2018,3.79
01-02-2018,3.76
02-02-2018,3.76
03-02-2018,
04-02-2018,
05-02-2018,3.75
06-02-2018,3.77
07-02-2018,3.79
08-02-2018,3.78
09-02-2018,3.81
10-02-2018,
11-02-2018,
12-02-2018,3.82
13-02-2018,3.81
14-02-2018,3.80
15-02-2018,3.80
16-02-2018,3.78
17-02-2018,
18-02-2018,
19-02-2018,3.76
20-02-2018,3.76
21-02-2018,3.78
22-02-2018,3.79
23-02-2018,3.81
24-02-2018,
25-02-2018,
26-02-2018,3.79
27-02-2018,3.78
28-02-2018,3.79
01-03-2018,3.81
02-03-2018,3.82
03-03-2018,
04-03-2018,
05-03-2018,3.81
06-03-2018,3.82
07-03-2018,3.81
08-03-2018,3.80
09-03-2018,3.82
10-03-2018,
11-03-2018,
12-03-2018,3.82
13-03-2018,3.82
14-03-2018,3.86
15-03-2018,3.87
16-03-2018,3.89
17-03-2018,
18-03-2018,
19-03-2018,3.91
20-03-2018,3.94
21-03-2018,3.94
22-03-2018,3.93
23-03-2018,3.92
24-03-2018,
25-03-2018,
26-03-2018,3.97
27-03-2018,3.98
28-03-2018,3.98
29-03-2018,4.00
30-03-2018,4.00
31-03-2018,
01-04-2018,
02-04-2018,3.96
03-04-2018,3.96
04-04-2018,3.98
05-04-2018,4.01
06-04-2018,4.03
07-04-2018,
08-04-2018,
09-04-2018,4.06
10-04-2018,4.06
11-04-2018,4.08
12-04-2018,4.15
13-04-2018,4.14
14-04-2018,
15-04-2018,
16-04-2018,4.09
17-04-2018,4.10
18-04-2018,4.11
19-04-2018,4.10
20-04-2018,4.03
21-04-2018,
22-04-2018,
23-04-2018,4.04
24-04-2018,4.04
