2004-01-05, 9556.000000
2004-01-06, 9444.000000
2004-01-07, 9400.000000
2004-01-08, 9401.000000
2004-01-09, 9390.000000
2004-01-12, 9364.000000
2004-01-13, 9229.000000
2004-01-14, 9211.000000
2004-01-15, 9278.000000
2004-01-16, 9240.000000
2004-01-19, 9227.000000
2004-01-20, 9308.000000
2004-01-21, 9208.000000
2004-01-22, 9167.000000
2004-01-23, 9144.000000
2004-01-26, 9133.000000
2004-01-27, 9115.000000
2004-01-28, 9090.000000
2004-01-29, 9128.000000
2004-01-30, 9159.000000
2004-02-05, 9177.000000
2004-02-06, 9053.000000
2004-02-09, 9120.000000
2004-02-10, 9172.000000
2004-02-11, 9150.000000
2004-02-12, 9121.000000
2004-02-13, 9010.000000
2004-02-16, 8995.000000
2004-02-17, 9003.000000
2004-02-18, 9022.000000
2004-02-19, 9048.000000
2004-02-20, 9000.000000
2004-02-23, 8995.000000
2004-02-24, 8965.000000
2004-02-25, 8954.000000
2004-02-26, 8948.000000
2004-02-27, 8929.000000
2004-03-01, 8892.000000
2004-03-02, 8879.000000
2004-03-03, 8791.000000
2004-03-04, 8770.000000
2004-03-05, 8756.000000
2004-03-08, 8767.000000
2004-03-09, 8794.000000
2004-03-10, 8763.000000
2004-03-11, 8733.000000
2004-03-12, 8740.000000
2004-03-15, 8725.000000
2004-03-16, 8727.000000
2004-03-17, 8727.000000
2004-03-18, 8730.000000
2004-03-19, 8760.000000
2004-03-22, 8742.000000
2004-03-23, 8752.000000
2004-03-24, 8749.000000
2004-03-25, 8750.000000
2004-03-26, 8723.000000
2004-03-29, 8714.000000
2004-03-30, 8676.000000
2004-03-31, 8693.000000
2004-04-01, 8708.000000
2004-04-02, 8677.000000
2004-04-05, 8637.000000
2004-04-06, 8588.000000
2004-04-07, 8571.000000
2004-04-08, 8638.000000
2004-04-09, 8729.000000
2004-04-12, 8673.000000
2004-04-13, 8752.000000
2004-04-14, 8763.000000
2004-04-15, 8695.000000
2004-04-16, 8771.000000
2004-04-19, 8757.000000
2004-04-20, 8769.000000
2004-04-21, 8791.000000
2004-04-22, 8822.000000
2004-04-26, 8834.000000
2004-04-27, 8774.000000
2004-04-28, 8934.000000
2004-04-29, 8989.000000
2004-04-30, 9045.000000
2004-05-03, 8982.000000
2004-05-04, 9064.000000
2004-05-05, 9144.000000
2004-05-06, 9141.000000
2004-05-07, 9134.000000
2004-05-10, 9214.000000
2004-05-11, 9342.000000
2004-05-12, 9354.000000
2004-05-13, 9303.000000
2004-05-14, 9385.000000
2004-05-17, 9329.000000
2004-05-18, 9388.000000
2004-05-20, 9459.000000
2004-05-21, 9459.000000
2004-05-24, 9493.000000
2004-05-25, 9398.000000
2004-05-26, 9358.000000
2004-05-27, 9327.000000
2004-05-28, 9380.000000
2004-05-31, 9304.000000
2004-06-01, 9313.000000
2004-06-02, 9296.000000
2004-06-03, 9391.000000
2004-06-04, 9396.000000
2004-06-07, 9313.000000
2004-06-08, 9240.000000
2004-06-09, 9208.000000
2004-06-10, 9245.000000
2004-06-11, 9233.000000
2004-06-14, 9195.000000
2004-06-15, 9274.000000
2004-06-16, 9315.000000
2004-06-17, 9243.000000
2004-06-18, 9229.000000
2004-06-21, 9219.000000
2004-06-22, 9238.000000
2004-06-23, 9201.000000
2004-06-24, 9241.000000
2004-06-25, 9235.000000
2004-06-28, 9247.000000
2004-06-29, 9265.000000
2004-06-30, 9257.000000
2004-07-01, 9229.000000
2004-07-02, 9169.000000
2004-07-05, 9107.000000
2004-07-06, 9054.000000
2004-07-07, 9029.000000
2004-07-08, 9085.000000
2004-07-09, 9089.000000
2004-07-12, 9102.000000
2004-07-13, 9105.000000
2004-07-14, 9049.000000
2004-07-15, 8932.000000
2004-07-16, 9037.000000
2004-07-19, 9058.000000
2004-07-20, 9037.000000
2004-07-21, 9080.000000
2004-07-22, 9097.000000
2004-07-23, 9148.000000
2004-07-26, 9107.000000
2004-07-27, 9169.000000
2004-07-28, 9238.000000
2004-07-29, 9191.000000
2004-07-30, 9117.000000
2004-08-02, 9066.000000
2004-08-03, 9066.000000
2004-08-04, 9104.000000
2004-08-05, 9129.000000
2004-08-06, 9103.000000
2004-08-09, 9105.000000
2004-08-10, 9063.000000
2004-08-11, 9084.000000
2004-08-12, 9111.000000
2004-08-13, 9119.000000
2004-08-16, 9173.000000
2004-08-17, 9149.000000
2004-08-18, 9155.000000
2004-08-19, 9144.000000
2004-08-20, 9204.000000
2004-08-23, 9226.000000
2004-08-24, 9301.000000
2004-08-25, 9366.000000
2004-08-26, 9272.000000
2004-08-27, 9320.000000
2004-08-31, 9310.000000
2004-09-01, 9324.000000
2004-09-02, 9323.000000
2004-09-03, 9338.000000
2004-09-06, 9323.000000
2004-09-07, 9313.000000
2004-09-08, 9282.000000
2004-09-09, 9266.000000
2004-09-10, 9275.000000
2004-09-13, 9267.000000
2004-09-14, 9320.000000
2004-09-15, 9326.000000
2004-09-16, 9273.000000
2004-09-17, 9291.000000
2004-09-20, 9373.000000
2004-09-21, 9473.000000
2004-09-22, 9443.000000
2004-09-23, 9394.000000
2004-09-24, 9365.000000
2004-09-27, 9315.000000
2004-09-28, 9317.000000
2004-09-29, 9368.000000
2004-09-30, 9375.000000
2004-10-01, 9379.000000
2004-10-04, 9407.000000
2004-10-05, 9400.000000
2004-10-06, 9361.000000
2004-10-07, 9343.000000
2004-10-08, 9342.000000
2004-10-11, 9341.000000
2004-10-12, 9357.000000
2004-10-13, 9339.000000
2004-10-14, 9308.000000
2004-10-15, 9333.000000
2004-10-18, 9346.000000
2004-10-19, 9345.000000
2004-10-20, 9309.000000
2004-10-21, 9367.000000
2004-10-22, 9396.000000
2004-10-25, 9371.000000
2004-10-26, 9415.000000
2004-10-27, 9444.000000
2004-10-28, 9408.000000
2004-11-01, 9397.000000
2004-11-02, 9397.000000
2004-11-03, 9358.000000
2004-11-04, 9327.000000
2004-11-05, 9350.000000
2004-11-08, 9315.000000
2004-11-09, 9309.000000
2004-11-10, 9311.000000
2004-11-11, 9308.000000
2004-11-12, 9291.000000
2004-11-17, 9292.000000
2004-11-18, 9305.000000
2004-11-19, 9274.000000
2004-11-22, 9271.000000
2004-11-23, 9246.000000
2004-11-24, 9227.000000
2004-11-25, 9213.000000
2004-11-26, 9223.000000
2004-11-29, 9215.000000
2004-11-30, 9207.000000
2004-12-01, 9240.000000
2004-12-02, 9219.000000
2004-12-03, 9172.000000
2004-12-06, 9183.000000
2004-12-07, 9116.000000
2004-12-08, 9122.000000
2004-12-09, 9154.000000
2004-12-10, 9255.000000
2004-12-13, 9298.000000
2004-12-14, 9261.000000
2004-12-15, 9213.000000
2004-12-16, 9236.000000
2004-12-17, 9186.000000
2004-12-20, 9188.000000
2004-12-21, 9127.000000
2004-12-22, 9098.000000
2004-12-23, 9096.000000
2004-12-24, 9065.000000
2004-12-27, 9022.000000
2004-12-28, 8957.000000
2004-12-29, 8923.000000
2004-12-30, 8971.000000
2004-12-31, 8910.000000
2005-01-03, 8899.000000
2005-01-04, 0.008874
2005-01-05, 0.008863
2005-01-06, 0.009000
2005-01-07, 0.009105
2005-01-10, 0.008974
2005-01-11, 0.008993
2005-01-12, 0.008965
2005-01-13, 0.008950
2005-01-14, 0.008872
2005-01-17, 0.008835
2005-01-18, 0.008744
2005-01-19, 0.008749
2005-01-24, 0.008756
2005-01-25, 0.008759
2005-01-26, 0.008714
2005-01-27, 0.008700
2005-01-28, 0.008751
2005-01-31, 0.008727
2005-02-01, 0.008723
2005-02-02, 0.008709
2005-02-03, 0.008698
2005-02-04, 0.008662
2005-02-07, 0.008626
2005-02-08, 0.008578
2005-02-09, 0.008623
2005-02-10, 0.008630
2005-02-11, 0.008694
2005-02-14, 0.008629
2005-02-15, 0.008619
2005-02-16, 0.008604
2005-02-17, 0.008620
2005-02-18, 0.008615
2005-02-21, 0.008587
2005-02-22, 0.008597
2005-02-23, 0.008589
2005-02-24, 0.008623
2005-02-25, 0.008593
2005-02-28, 0.008566
2005-03-01, 0.008534
2005-03-02, 0.008506
2005-03-03, 0.008483
2005-03-04, 0.008461
2005-03-07, 0.008451
2005-03-08, 0.008392
2005-03-09, 0.008425
2005-03-10, 0.008462
2005-03-11, 0.008564
2005-03-14, 0.008472
2005-03-15, 0.008560
2005-03-16, 0.008618
2005-03-17, 0.008809
2005-03-18, 0.008791
2005-03-21, 0.008723
2005-03-22, 0.008802
2005-03-23, 0.008788
2005-03-24, 0.008899
2005-03-25, 0.008835
2005-03-28, 0.008812
2005-03-29, 0.008867
2005-03-30, 0.009021
2005-03-31, 0.008956
2005-04-01, 0.008820
2005-04-04, 0.008812
2005-04-05, 0.008884
2005-04-06, 0.008887
2005-04-07, 0.008795
2005-04-08, 0.008751
2005-04-11, 0.008785
2005-04-12, 0.008797
2005-04-13, 0.008787
2005-04-14, 0.008766
2005-04-15, 0.008823
2005-04-18, 0.008945
2005-04-19, 0.008976
2005-04-20, 0.008967
2005-04-21, 0.008898
2005-04-22, 0.008914
2005-04-25, 0.008882
2005-04-26, 0.008896
2005-04-27, 0.008890
2005-04-28, 0.008918
2005-04-29, 0.008971
2005-05-02, 0.009050
2005-05-03, 0.008988
2005-05-04, 0.008918
2005-05-05, 0.008821
2005-05-06, 0.008792
2005-05-09, 0.008800
2005-05-10, 0.008806
2005-05-11, 0.008841
2005-05-12, 0.008902
2005-05-13, 0.008796
2005-05-16, 0.008811
2005-05-17, 0.008884
2005-05-18, 0.008886
2005-05-20, 0.008853
2005-05-23, 0.008781
2005-05-24, 0.008896
2005-05-25, 0.008882
2005-05-26, 0.008894
2005-05-27, 0.008871
2005-05-30, 0.008823
2005-05-31, 0.008795
2005-06-01, 0.008699
2005-06-02, 0.008698
2005-06-03, 0.008616
2005-06-06, 0.008688
2005-06-07, 0.008712
2005-06-08, 0.008690
2005-06-09, 0.008739
2005-06-10, 0.008685
2005-06-13, 0.008665
2005-06-14, 0.008722
2005-06-15, 0.008695
2005-06-16, 0.008726
2005-06-17, 0.008678
2005-06-20, 0.008654
2005-06-21, 0.008667
2005-06-22, 0.008670
2005-06-23, 0.008632
2005-06-24, 0.008628
2005-06-27, 0.008610
2005-06-28, 0.008624
2005-06-29, 0.008600
2005-06-30, 0.008605
2005-07-01, 0.008534
2005-07-04, 0.008510
2005-07-05, 0.008501
2005-07-06, 0.008509
2005-07-07, 0.008532
2005-07-08, 0.008602
2005-07-11, 0.008524
2005-07-12, 0.008507
2005-07-13, 0.008528
2005-07-14, 0.008498
2005-07-15, 0.008489
2005-07-18, 0.008464
2005-07-19, 0.008476
2005-07-20, 0.008460
2005-07-21, 0.008466
2005-07-22, 0.008462
2005-07-25, 0.008463
2005-07-26, 0.008501
2005-07-27, 0.008539
2005-07-28, 0.008511
2005-07-29, 0.008500
2005-08-01, 0.008465
2005-08-02, 0.008459
2005-08-03, 0.008476
2005-08-04, 0.008463
2005-08-05, 0.008453
2005-08-08, 0.008461
2005-08-09, 0.008486
2005-08-10, 0.008513
2005-08-11, 0.008498
2005-08-12, 0.008538
2005-08-15, 0.008654
2005-08-16, 0.008699
2005-08-17, 0.008646
2005-08-18, 0.008733
2005-08-19, 0.008733
2005-08-22, 0.008753
2005-08-23, 0.008727
2005-08-24, 0.008693
2005-08-25, 0.008749
2005-08-26, 0.008769
2005-08-29, 0.008715
2005-08-31, 0.008703
2005-09-01, 0.008657
2005-09-02, 0.008633
2005-09-05, 0.008672
2005-09-06, 0.008659
2005-09-07, 0.008634
2005-09-08, 0.008632
2005-09-09, 0.008636
2005-09-12, 0.008616
2005-09-13, 0.008622
2005-09-14, 0.008607
2005-09-15, 0.008638
2005-09-16, 0.008619
2005-09-19, 0.008621
2005-09-20, 0.008629
2005-09-21, 0.008608
2005-09-22, 0.008625
2005-09-23, 0.008607
2005-09-26, 0.008608
2005-09-27, 0.008620
2005-09-28, 0.008591
2005-09-29, 0.008621
2005-09-30, 0.008611
2005-10-03, 0.008614
2005-10-04, 0.008663
2005-10-05, 0.008567
2005-10-06, 0.008617
2005-10-07, 0.008675
2005-10-10, 0.008666
2005-10-11, 0.008607
2005-10-12, 0.008610
2005-10-13, 0.008637
2005-10-14, 0.008704
2005-10-17, 0.008731
2005-10-18, 0.008691
2005-10-19, 0.008676
2005-10-20, 0.008722
2005-10-21, 0.008704
2005-10-24, 0.008712
2005-10-25, 0.008695
2005-10-26, 0.008698
2005-10-27, 0.008674
2005-10-28, 0.008686
2005-10-31, 0.008688
2005-11-01, 0.008643
2005-11-02, 0.008639
2005-11-07, 0.008643
2005-11-08, 0.008665
2005-11-09, 0.008662
2005-11-10, 0.008648
2005-11-11, 0.008672
2005-11-14, 0.008657
2005-11-15, 0.008653
2005-11-16, 0.008647
2005-11-17, 0.008627
2005-11-18, 0.008624
2005-11-21, 0.008684
2005-11-22, 0.008683
2005-11-23, 0.008675
2005-11-24, 0.008652
2005-11-25, 0.008648
2005-11-28, 0.008637
2005-11-29, 0.008644
2005-11-30, 0.008642
2005-12-01, 0.008637
2005-12-02, 0.008642
2005-12-05, 0.008643
2005-12-06, 0.008642
2005-12-07, 0.008638
2005-12-08, 0.008635
2005-12-09, 0.008654
2005-12-12, 0.008655
2005-12-13, 0.008664
2005-12-14, 0.008643
2005-12-15, 0.008636
2005-12-16, 0.008655
2005-12-19, 0.008669
2005-12-20, 0.008661
2005-12-21, 0.008659
2005-12-22, 0.008649
2005-12-23, 0.008643
2005-12-26, 0.008638
2005-12-27, 0.008631
2005-12-28, 0.008636
2005-12-29, 0.008642
2005-12-30, 0.008627
2006-01-02, 0.008623
2006-01-03, 0.008638
2006-01-04, 0.008633
2006-01-05, 0.008623
2006-01-06, 0.008618
2006-01-09, 0.008615
2006-01-16, 0.008621
2006-01-17, 0.008626
2006-01-18, 0.008623
2006-01-19, 0.008648
2006-01-20, 0.008628
2006-01-23, 0.008633
2006-01-24, 0.008625
2006-01-25, 0.008609
2006-01-26, 0.008605
2006-01-27, 0.008603
2006-01-30, 0.008603
2006-01-31, 0.008597
2006-02-01, 0.008592
2006-02-02, 0.008583
2006-02-03, 0.008593
2006-02-06, 0.008587
2006-02-07, 0.008585
2006-02-08, 0.008582
2006-02-09, 0.008604
2006-02-10, 0.008584
2006-02-13, 0.008572
2006-02-14, 0.008573
2006-02-15, 0.008560
2006-02-16, 0.008622
2006-02-17, 0.008575
2006-02-20, 0.008557
2006-02-21, 0.008512
2006-02-22, 0.008524
2006-02-23, 0.008593
2006-02-24, 0.008536
2006-02-27, 0.008547
2006-02-28, 0.008523
2006-03-01, 0.008500
2006-03-02, 0.008516
2006-03-03, 0.008462
2006-03-06, 0.008461
2006-03-07, 0.008485
2006-03-08, 0.008589
2006-03-09, 0.008663
2006-03-10, 0.008667
2006-03-13, 0.008710
2006-03-14, 0.008672
2006-03-15, 0.008708
2006-03-16, 0.008640
2006-03-17, 0.008630
2006-03-20, 0.008586
2006-03-21, 0.008645
2006-03-22, 0.008684
2006-03-23, 0.008723
2006-03-24, 0.008664
2006-03-27, 0.008704
2006-03-28, 0.008702
2006-03-29, 0.008748
2006-03-30, 0.008794
2006-03-31, 0.008724
2006-04-03, 0.008723
2006-04-04, 0.008700
2006-04-05, 0.008677
2006-04-06, 0.008676
2006-04-07, 0.008685
2006-04-10, 0.008671
2006-04-11, 0.008706
2006-04-12, 0.008684
2006-04-13, 0.008706
2006-04-14, 0.008732
2006-04-17, 0.008750
2006-04-18, 0.008751
2006-04-19, 0.008729
2006-04-20, 0.008673
2006-04-21, 0.008669
2006-04-24, 0.008662
2006-04-25, 0.008647
2006-04-26, 0.008640
2006-04-27, 0.008664
2006-04-28, 0.008654
2006-05-01, 0.008652
2006-05-02, 0.008652
2006-05-03, 0.008670
2006-05-04, 0.008645
2006-05-05, 0.008683
2006-05-08, 0.008671
2006-05-09, 0.008679
2006-05-10, 0.008778
2006-05-11, 0.008852
2006-05-12, 0.008909
2006-05-15, 0.009140
2006-05-16, 0.009459
2006-05-17, 0.009447
2006-05-18, 0.009297
2006-05-22, 0.009670
2006-05-23, 0.009758
2006-05-24, 0.009834
2006-05-25, 0.009945
2006-05-26, 0.009947
2006-05-29, 0.009859
2006-05-30, 0.009850
2006-05-31, 0.009942
2006-06-01, 0.010071
2006-06-02, 0.010056
2006-06-05, 0.009883
2006-06-06, 0.010160
2006-06-07, 0.010039
2006-06-08, 0.009986
2006-06-09, 0.009966
2006-06-12, 0.009909
2006-06-13, 0.009919
2006-06-14, 0.010249
2006-06-15, 0.010188
2006-06-16, 0.010162
2006-06-19, 0.010167
2006-06-20, 0.010216
2006-06-21, 0.010293
2006-06-22, 0.010475
2006-06-23, 0.010579
2006-06-26, 0.010741
2006-06-27, 0.010677
2006-06-28, 0.010428
2006-06-29, 0.010289
2006-06-30, 0.010239
2006-07-03, 0.010091
2006-07-04, 0.010096
2006-07-05, 0.009930
2006-07-06, 0.010114
2006-07-07, 0.010201
2006-07-10, 0.010003
2006-07-11, 0.010026
2006-07-12, 0.009953
2006-07-13, 0.009986
2006-07-14, 0.010164
2006-07-17, 0.010152
2006-07-18, 0.010183
2006-07-19, 0.010134
2006-07-20, 0.010095
2006-07-21, 0.009999
2006-07-24, 0.009999
2006-07-25, 0.010008
2006-07-26, 0.009925
2006-07-27, 0.009851
2006-07-28, 0.009785
2006-07-31, 0.009766
2006-08-01, 0.009703
2006-08-02, 0.009779
2006-08-03, 0.009807
2006-08-04, 0.009747
2006-08-07, 0.009729
2006-08-08, 0.009620
2006-08-09, 0.009611
2006-08-10, 0.009562
2006-08-11, 0.009544
2006-08-14, 0.009520
2006-08-15, 0.009574
2006-08-16, 0.009644
2006-08-17, 0.009544
2006-08-18, 0.009484
2006-08-21, 0.009503
2006-08-22, 0.009579
2006-08-23, 0.009572
2006-08-24, 0.009585
2006-08-25, 0.009701
2006-08-28, 0.009699
2006-08-29, 0.009734
2006-08-31, 0.009689
2006-09-01, 0.009589
2006-09-04, 0.009655
2006-09-05, 0.009609
2006-09-06, 0.009560
2006-09-07, 0.009607
2006-09-08, 0.009705
2006-09-11, 0.009693
2006-09-12, 0.009720
2006-09-13, 0.009692
2006-09-14, 0.009648
2006-09-15, 0.009695
2006-09-18, 0.009678
2006-09-19, 0.009615
2006-09-20, 0.009654
2006-09-21, 0.009673
2006-09-22, 0.009704
2006-09-25, 0.010017
2006-09-26, 0.009893
2006-09-27, 0.009962
2006-09-28, 0.009803
2006-09-29, 0.009827
2006-10-02, 0.009847
2006-10-03, 0.009895
2006-10-04, 0.009839
2006-10-05, 0.009912
2006-10-06, 0.009821
2006-10-09, 0.009797
2006-10-10, 0.009835
2006-10-11, 0.009806
2006-10-12, 0.009753
2006-10-13, 0.009748
2006-10-16, 0.009659
2006-10-17, 0.009672
2006-10-18, 0.009667
2006-10-19, 0.009683
2006-10-20, 0.009595
2006-10-26, 0.009581
2006-10-27, 0.009547
2006-10-30, 0.009555
2006-10-31, 0.009626
2006-11-01, 0.009648
2006-11-02, 0.009635
2006-11-03, 0.009672
2006-11-06, 0.009685
2006-11-07, 0.009545
2006-11-08, 0.009526
2006-11-09, 0.009617
2006-11-10, 0.009615
2006-11-13, 0.009620
2006-11-14, 0.009635
2006-11-15, 0.009621
2006-11-16, 0.009625
2006-11-17, 0.009566
2006-11-20, 0.009586
2006-11-21, 0.009670
2006-11-22, 0.009682
2006-11-23, 0.009778
2006-11-24, 0.009823
2006-11-27, 0.009846
2006-11-28, 0.009786
2006-11-29, 0.009893
2006-11-30, 0.009808
2006-12-01, 0.009734
2006-12-04, 0.009710
2006-12-05, 0.009787
2006-12-06, 0.009763
2006-12-07, 0.009711
2006-12-08, 0.009646
2006-12-11, 0.009639
2006-12-12, 0.009614
2006-12-13, 0.009575
2006-12-14, 0.009603
2006-12-15, 0.009571
2006-12-18, 0.009546
2006-12-19, 0.009561
2006-12-20, 0.009623
2006-12-21, 0.009609
2006-12-22, 0.009599
2006-12-25, 0.009585
2006-12-26, 0.009604
2006-12-27, 0.009587
2006-12-28, 0.009586
2006-12-29, 0.009542
2007-01-04, 0.009497
2007-01-05, 0.009492
2007-01-08, 0.009603
2007-01-09, 0.009656
2007-01-10, 0.009596
2007-01-11, 0.009695
2007-01-12, 0.009615
2007-01-15, 0.009581
2007-01-16, 0.009562
2007-01-17, 0.009574
2007-01-18, 0.009593
2007-01-19, 0.009548
2007-01-22, 0.009525
2007-01-23, 0.009492
2007-01-24, 0.009514
2007-01-25, 0.009513
2007-01-26, 0.009516
2007-01-29, 0.009592
2007-01-30, 0.009565
2007-01-31, 0.009583
2007-02-01, 0.009523
2007-02-02, 0.009474
2007-02-05, 0.009460
2007-02-06, 0.009472
2007-02-07, 0.009443
2007-02-08, 0.009460
2007-02-09, 0.009479
2007-02-12, 0.009440
2007-02-13, 0.009490
2007-02-14, 0.009471
2007-02-15, 0.009439
2007-02-16, 0.009407
2007-02-19, 0.009408
2007-02-20, 0.009394
2007-02-21, 0.009376
2007-02-22, 0.009399
2007-02-23, 0.009383
2007-02-26, 0.009396
2007-02-27, 0.009424
2007-02-28, 0.009510
2007-03-01, 0.009628
2007-03-02, 0.009617
2007-03-05, 0.009660
2007-03-06, 0.009802
2007-03-07, 0.009695
2007-03-08, 0.009679
2007-03-09, 0.009625
2007-03-12, 0.009611
2007-03-13, 0.009539
2007-03-14, 0.009567
2007-03-15, 0.009645
2007-03-16, 0.009571
2007-03-19, 0.009573
2007-03-20, 0.009525
2007-03-21, 0.009502
2007-03-22, 0.009524
2007-03-23, 0.009467
2007-03-26, 0.009470
2007-03-27, 0.009468
2007-03-28, 0.009501
2007-03-29, 0.009520
2007-03-30, 0.009520
2007-04-02, 0.009480
2007-04-03, 0.009504
2007-04-04, 0.009483
2007-04-05, 0.009411
2007-04-06, 0.009404
2007-04-09, 0.009383
2007-04-10, 0.009415
2007-04-11, 0.009437
2007-04-12, 0.009408
2007-04-13, 0.009448
2007-04-16, 0.009449
2007-04-17, 0.009373
2007-04-18, 0.009376
2007-04-19, 0.009347
2007-04-20, 0.009406
2007-04-24, 0.009321
2007-04-25, 0.009314
2007-04-26, 0.009280
2007-04-27, 0.009253
2007-04-30, 0.009269
2007-05-01, 0.009459
2007-05-02, 0.009562
2007-05-03, 0.009414
2007-05-04, 0.009386
2007-05-07, 0.009387
2007-05-08, 0.009319
2007-05-09, 0.009313
2007-05-10, 0.009303
2007-05-11, 0.009305
2007-05-14, 0.009348
2007-05-15, 0.009281
2007-05-16, 0.009288
2007-05-17, 0.009218
2007-05-18, 0.009208
2007-05-21, 0.009239
2007-05-22, 0.009183
2007-05-23, 0.009179
2007-05-24, 0.009213
2007-05-25, 0.009241
2007-05-28, 0.009246
2007-05-29, 0.009205
2007-05-30, 0.009210
2007-05-31, 0.009236
2007-06-01, 0.009190
2007-06-04, 0.009136
2007-06-05, 0.009129
2007-06-06, 0.009143
2007-06-07, 0.009177
2007-06-08, 0.009183
2007-06-11, 0.009329
2007-06-12, 0.009241
2007-06-13, 0.009223
2007-06-14, 0.009271
2007-06-15, 0.009204
2007-06-18, 0.009151
2007-06-19, 0.009067
2007-06-20, 0.009061
2007-06-21, 0.009070
2007-06-22, 0.009118
2007-06-25, 0.009110
2007-06-26, 0.009158
2007-06-27, 0.009217
2007-06-28, 0.009246
2007-06-29, 0.009193
2007-07-02, 0.009138
2007-07-03, 0.009122
2007-07-04, 0.009077
2007-07-05, 0.009075
2007-07-06, 0.009070
2007-07-09, 0.009073
2007-07-10, 0.009009
2007-07-11, 0.009020
2007-07-12, 0.009082
2007-07-13, 0.009055
2007-07-16, 0.008970
2007-07-17, 0.008971
2007-07-18, 0.009016
2007-07-19, 0.009022
2007-07-20, 0.008958
2007-07-23, 0.008971
2007-07-24, 0.008906
2007-07-25, 0.008836
2007-07-26, 0.008864
2007-07-27, 0.008962
2007-07-30, 0.009191
2007-07-31, 0.009174
2007-08-01, 0.009030
2007-08-02, 0.009177
2007-08-03, 0.009052
2007-08-06, 0.008990
2007-08-07, 0.009054
2007-08-08, 0.009006
2007-08-09, 0.008931
2007-08-10, 0.009001
2007-08-13, 0.009129
2007-08-14, 0.009083
2007-08-15, 0.009141
2007-08-16, 0.009327
2007-08-17, 0.009631
2007-08-20, 0.009662
2007-08-21, 0.009384
2007-08-22, 0.009533
2007-08-23, 0.009392
2007-08-24, 0.009273
2007-08-27, 0.009327
2007-08-28, 0.009255
2007-08-29, 0.009316
2007-08-31, 0.009358
2007-09-03, 0.009187
2007-09-04, 0.009204
2007-09-05, 0.009243
2007-09-06, 0.009210
2007-09-07, 0.009231
2007-09-10, 0.009192
2007-09-11, 0.009261
2007-09-12, 0.009222
2007-09-13, 0.009146
2007-09-14, 0.009079
2007-09-17, 0.009036
2007-09-18, 0.009048
2007-09-19, 0.009042
2007-09-20, 0.008902
2007-09-21, 0.008885
2007-09-24, 0.008864
2007-09-25, 0.008825
2007-09-26, 0.008879
2007-09-27, 0.008822
2007-09-28, 0.008792
2007-10-01, 0.008771
2007-10-02, 0.008757
2007-10-03, 0.008756
2007-10-04, 0.008754
2007-10-05, 0.008744
2007-10-08, 0.008680
2007-10-09, 0.008636
2007-10-10, 0.008660
2007-10-11, 0.008630
2007-10-15, 0.008640
2007-10-16, 0.008747
2007-10-17, 0.008880
2007-10-18, 0.008794
2007-10-19, 0.008795
2007-10-22, 0.008795
2007-10-23, 0.009000
2007-10-24, 0.008873
2007-10-25, 0.008870
2007-10-26, 0.008784
2007-10-30, 0.008735
2007-10-31, 0.008759
2007-11-01, 0.008682
2007-11-02, 0.008665
2007-11-05, 0.008722
2007-11-06, 0.008772
2007-11-07, 0.008693
2007-11-08, 0.008698
2007-11-09, 0.008754
2007-11-12, 0.008783
2007-11-13, 0.008885
2007-11-14, 0.009177
2007-11-15, 0.008702
2007-11-16, 0.008700
2007-11-19, 0.008737
2007-11-20, 0.008751
2007-11-21, 0.008820
2007-11-22, 0.008890
2007-11-23, 0.008886
2007-11-26, 0.008887
2007-11-27, 0.008860
2007-11-28, 0.009016
2007-11-29, 0.008925
2007-11-30, 0.008798
2007-12-03, 0.008737
2007-12-04, 0.008757
2007-12-05, 0.008784
2007-12-06, 0.008750
2007-12-07, 0.008729
2007-12-10, 0.008696
2007-12-11, 0.008667
2007-12-12, 0.008663
2007-12-13, 0.008708
2007-12-14, 0.008699
2007-12-17, 0.008714
2007-12-18, 0.008751
2007-12-19, 0.008750
2007-12-24, 0.008763
2007-12-25, 0.008727
2007-12-26, 0.008664
2007-12-27, 0.008667
2007-12-28, 0.008664
2007-12-31, 0.008649
2008-01-02, 0.008640
2008-01-03, 0.008662
2008-01-04, 0.008697
2008-01-07, 0.008649
2008-01-08, 0.008714
2008-01-09, 0.008664
2008-01-10, 0.008657
2008-01-11, 0.008639
2008-01-14, 0.008596
2008-01-15, 0.008615
2008-01-16, 0.008616
2008-01-17, 0.008737
2008-01-18, 0.008796
2008-01-21, 0.008832
2008-01-22, 0.008949
2008-01-23, 0.009067
2008-01-24, 0.008959
2008-01-25, 0.008917
2008-01-28, 0.008810
2008-01-29, 0.008906
2008-01-30, 0.008836
2008-01-31, 0.008820
2008-02-01, 0.008817
2008-02-04, 0.008786
2008-02-05, 0.008767
2008-02-06, 0.008776
2008-02-07, 0.008890
2008-02-08, 0.008972
2008-02-11, 0.008970
2008-02-12, 0.009140
2008-02-13, 0.009095
2008-02-14, 0.009000
2008-02-15, 0.008924
2008-02-18, 0.008925
2008-02-19, 0.008923
2008-02-20, 0.008916
2008-02-21, 0.008981
2008-02-22, 0.008983
2008-02-25, 0.009024
2008-02-26, 0.008974
2008-02-27, 0.008938
2008-02-28, 0.008925
2008-02-29, 0.008929
2008-03-03, 0.009066
2008-03-04, 0.009276
2008-03-05, 0.009192
2008-03-06, 0.009196
2008-03-07, 0.009234
2008-03-10, 0.009477
2008-03-11, 0.009451
2008-03-12, 0.009466
2008-03-13, 0.009282
2008-03-14, 0.009461
2008-03-17, 0.009338
2008-03-18, 0.009637
2008-03-19, 0.009518
2008-03-20, 0.009365
2008-03-21, 0.009411
2008-03-24, 0.009401
2008-03-25, 0.009398
2008-03-26, 0.009367
2008-03-27, 0.009542
2008-03-28, 0.009578
2008-03-31, 0.009690
2008-04-01, 0.009882
2008-04-02, 0.009968
2008-04-03, 0.009700
2008-04-04, 0.009646
2008-04-07, 0.009770
2008-04-08, 0.009642
2008-04-09, 0.009719
2008-04-10, 0.009742
2008-04-11, 0.009918
2008-04-14, 0.009826
2008-04-15, 0.009936
2008-04-16, 0.009928
2008-04-17, 0.009998
2008-04-18, 0.010013
2008-04-21, 0.009969
2008-04-22, 0.009882
2008-04-24, 0.009878
2008-04-25, 0.009745
2008-04-28, 0.009661
2008-04-29, 0.009612
2008-04-30, 0.009638
2008-05-01, 0.009685
2008-05-02, 0.009621
2008-05-05, 0.009528
2008-05-06, 0.009506
2008-05-07, 0.009476
2008-05-08, 0.009422
2008-05-09, 0.009523
2008-05-12, 0.009590
2008-05-13, 0.009522
2008-05-14, 0.009497
2008-05-15, 0.009458
2008-05-16, 0.009440
2008-05-20, 0.009320
2008-05-21, 0.009409
2008-05-22, 0.009466
2008-05-23, 0.009496
2008-05-26, 0.009425
2008-05-27, 0.009478
2008-05-28, 0.009469
2008-05-29, 0.009368
2008-05-30, 0.009244
2008-06-02, 0.009173
2008-06-03, 0.009247
2008-06-04, 0.009314
2008-06-05, 0.009348
2008-06-06, 0.009284
2008-06-09, 0.009350
2008-06-10, 0.009444
2008-06-11, 0.009344
2008-06-12, 0.009372
2008-06-13, 0.009395
2008-06-16, 0.009327
2008-06-17, 0.009285
2008-06-18, 0.009189
2008-06-19, 0.009168
2008-06-20, 0.009230
2008-06-23, 0.009174
2008-06-24, 0.009211
2008-06-25, 0.009240
2008-06-26, 0.009219
2008-06-27, 0.009188
2008-06-30, 0.009308
2008-07-01, 0.009277
2008-07-02, 0.009324
2008-07-03, 0.009361
2008-07-04, 0.009466
2008-07-07, 0.009353
2008-07-08, 0.009303
2008-07-09, 0.009350
2008-07-10, 0.009277
2008-07-11, 0.009279
2008-07-14, 0.009311
2008-07-15, 0.009249
2008-07-16, 0.009341
2008-07-17, 0.009315
2008-07-18, 0.009203
2008-07-21, 0.009114
2008-07-22, 0.009052
2008-07-23, 0.009115
2008-07-24, 0.009063
2008-07-25, 0.009098
2008-07-28, 0.009162
2008-07-29, 0.009134
2008-07-30, 0.009173
2008-07-31, 0.009056
2008-08-01, 0.008887
2008-08-04, 0.008887
2008-08-05, 0.008838
2008-08-06, 0.008832
2008-08-07, 0.008883
2008-08-08, 0.008896
2008-08-11, 0.008968
2008-08-12, 0.008956
2008-08-13, 0.008927
2008-08-14, 0.008923
2008-08-15, 0.008932
2008-08-18, 0.008930
2008-08-19, 0.008923
2008-08-20, 0.008964
2008-08-21, 0.008977
2008-08-22, 0.009012
2008-08-25, 0.008961
2008-08-26, 0.008944
2008-08-27, 0.008967
2008-08-28, 0.008980
2008-08-29, 0.008965
2008-09-01, 0.008901
2008-09-02, 0.008908
2008-09-03, 0.008920
2008-09-04, 0.009045
2008-09-05, 0.009137
2008-09-08, 0.009251
2008-09-09, 0.009110
2008-09-10, 0.009102
2008-09-11, 0.009193
2008-09-12, 0.009296
2008-09-15, 0.009247
2008-09-16, 0.009361
2008-09-17, 0.009473
2008-09-18, 0.009363
2008-09-19, 0.009462
2008-09-22, 0.009244
2008-09-23, 0.009165
2008-09-24, 0.009201
2008-09-25, 0.009195
2008-09-26, 0.009195
2008-09-29, 0.009148
2008-10-03, 0.009169
2008-10-06, 0.009483
2008-10-07, 0.009599
2008-10-08, 0.009797
2008-10-09, 0.009957
2008-10-10, 0.009915
2008-10-13, 0.010123
2008-10-14, 0.009967
2008-10-15, 0.009789
2008-10-16, 0.009854
2008-10-17, 0.010328
2008-10-20, 0.010493
2008-10-21, 0.010443
2008-10-22, 0.010527
2008-10-23, 0.011099
2008-10-24, 0.011465
2008-10-27, 0.011366
2008-10-28, 0.011294
2008-10-30, 0.011305
2008-10-31, 0.010410
2008-11-03, 0.010677
2008-11-04, 0.010472
2008-11-05, 0.010453
2008-11-06, 0.010406
2008-11-07, 0.010595
2008-11-10, 0.010653
2008-11-11, 0.010568
2008-11-12, 0.010928
2008-11-13, 0.011120
2008-11-14, 0.011177
2008-11-17, 0.011213
2008-11-18, 0.011157
2008-11-19, 0.011380
2008-11-20, 0.011459
2008-11-21, 0.011635
2008-11-24, 0.011549
2008-11-25, 0.011158
2008-11-26, 0.010954
2008-11-27, 0.011082
2008-11-28, 0.010999
2008-12-01, 0.010929
2008-12-02, 0.011023
2008-12-03, 0.011122
2008-12-04, 0.011008
2008-12-05, 0.010962
2008-12-12, 0.011000
2008-12-15, 0.011161
2008-12-16, 0.011212
2008-12-17, 0.011299
2008-12-18, 0.011324
2008-12-19, 0.011355
2008-12-22, 0.011184
2008-12-23, 0.011201
2008-12-24, 0.011206
2008-12-25, 0.011192
2008-12-26, 0.011166
2008-12-29, 0.011122
2008-12-30, 0.011268
2008-12-31, 0.011275
2009-01-02, 0.011288
2009-01-05, 0.011291
2009-01-06, 0.011177
2009-01-07, 0.011014
2009-01-08, 0.011057
2009-01-09, 0.011276
2009-01-12, 0.011339
2009-01-13, 0.011414
2009-01-14, 0.011547
2009-01-15, 0.011495
2009-01-16, 0.011676
2009-01-19, 0.011580
2009-01-20, 0.011817
2009-01-21, 0.011862
2009-01-22, 0.011851
2009-01-23, 0.011780
2009-01-26, 0.011878
2009-01-27, 0.011757
2009-01-28, 0.011664
2009-01-29, 0.011679
2009-01-30, 0.011596
2009-02-02, 0.011666
2009-02-03, 0.011729
2009-02-04, 0.011722
2009-02-05, 0.011696
2009-02-06, 0.011659
2009-02-09, 0.011596
2009-02-10, 0.011534
2009-02-11, 0.011564
2009-02-12, 0.011715
2009-02-13, 0.011771
2009-02-16, 0.011770
2009-02-17, 0.011844
2009-02-18, 0.011910
2009-02-19, 0.012055
2009-02-20, 0.011956
2009-02-23, 0.012052
2009-02-24, 0.012039
2009-02-25, 0.012061
2009-02-26, 0.012021
2009-02-27, 0.011996
2009-03-02, 0.011980
2009-03-03, 0.012159
2009-03-04, 0.012178
2009-03-05, 0.012214
2009-03-06, 0.012266
2009-03-09, 0.012643
2009-03-10, 0.012727
2009-03-11, 0.012636
2009-03-12, 0.012286
2009-03-13, 0.012409
2009-03-16, 0.012130
2009-03-17, 0.012092
2009-03-18, 0.012158
2009-03-19, 0.012185
2009-03-20, 0.012309
2009-03-23, 0.012398
2009-03-24, 0.012232
2009-03-25, 0.012095
2009-03-26, 0.012103
2009-03-27, 0.012071
2009-03-30, 0.012069
2009-03-31, 0.012199
2009-04-01, 0.012124
2009-04-02, 0.011968
2009-04-03, 0.011788
2009-04-06, 0.011613
2009-04-07, 0.011432
2009-04-08, 0.011617
2009-04-09, 0.011601
2009-04-10, 0.011416
2009-04-13, 0.011321
2009-04-14, 0.011397
2009-04-15, 0.011435
2009-04-16, 0.011575
2009-04-17, 0.011612
2009-04-20, 0.011602
2009-04-21, 0.011666
2009-04-22, 0.011890
2009-04-24, 0.011794
2009-04-27, 0.011722
2009-04-28, 0.011734
2009-04-29, 0.011794
2009-04-30, 0.011660
2009-05-04, 0.011590
2009-05-05, 0.011566
2009-05-06, 0.011410
2009-05-07, 0.011453
2009-05-08, 0.011297
2009-05-11, 0.011370
2009-05-12, 0.011416
2009-05-13, 0.011538
2009-05-14, 0.011479
2009-05-15, 0.011630
2009-05-18, 0.011561
2009-05-20, 0.011495
2009-05-21, 0.011359
2009-05-22, 0.011415
2009-05-25, 0.011476
2009-05-26, 0.011568
2009-05-27, 0.011590
2009-05-28, 0.011621
2009-05-29, 0.011634
2009-06-01, 0.011516
2009-06-02, 0.011521
2009-06-03, 0.011512
2009-06-04, 0.011536
2009-06-05, 0.011596
2009-06-08, 0.011564
2009-06-09, 0.011510
2009-06-10, 0.011495
2009-06-11, 0.011471
2009-06-12, 0.011466
2009-06-15, 0.011426
2009-06-16, 0.011428
2009-06-17, 0.011471
2009-06-18, 0.011516
2009-06-19, 0.011627
2009-06-22, 0.011534
2009-06-23, 0.011551
2009-06-24, 0.011702
2009-06-25, 0.011675
2009-06-26, 0.011587
2009-06-29, 0.011551
2009-06-30, 0.011526
2009-07-01, 0.011519
2009-07-02, 0.011502
2009-07-03, 0.011483
2009-07-06, 0.011531
2009-07-07, 0.011586
2009-07-08, 0.011558
2009-07-09, 0.011630
2009-07-10, 0.011631
2009-07-13, 0.011630
2009-07-14, 0.011685
2009-07-15, 0.011588
2009-07-16, 0.011567
2009-07-17, 0.011522
2009-07-20, 0.011515
2009-07-21, 0.011425
2009-07-22, 0.011429
2009-07-23, 0.011390
2009-07-24, 0.011304
2009-07-27, 0.011262
2009-07-28, 0.011231
2009-07-29, 0.011181
2009-07-30, 0.011243
2009-07-31, 0.011195
2009-08-03, 0.011159
2009-08-04, 0.011187
2009-08-05, 0.011165
2009-08-06, 0.011140
2009-08-07, 0.011193
2009-08-10, 0.011269
2009-08-11, 0.011103
2009-08-12, 0.011257
2009-08-13, 0.011360
2009-08-14, 0.011209
2009-08-17, 0.011268
2009-08-18, 0.011408
2009-08-19, 0.011348
2009-08-20, 0.011375
2009-08-21, 0.011360
2009-08-24, 0.011376
2009-08-25, 0.011292
2009-08-26, 0.011383
2009-08-27, 0.011431
2009-08-28, 0.011445
2009-08-31, 0.011439
2009-09-01, 0.011456
2009-09-02, 0.011500
2009-09-03, 0.011547
2009-09-04, 0.011544
2009-09-07, 0.011488
2009-09-08, 0.011426
2009-09-09, 0.011437
2009-09-10, 0.011484
2009-09-11, 0.011604
2009-09-14, 0.011600
2009-09-15, 0.011618
2009-09-16, 0.011534
2009-09-17, 0.011470
2009-09-18, 0.011417
2009-09-23, 0.011451
2009-09-24, 0.011514
2009-09-25, 0.011521
2009-09-28, 0.011556
2009-09-29, 0.011576
2009-09-30, 0.011528
2009-10-01, 0.011511
2009-10-02, 0.011534
2009-10-05, 0.011621
2009-10-06, 0.011557
2009-10-07, 0.011463
2009-10-08, 0.011458
2009-10-09, 0.011437
2009-10-12, 0.011443
2009-10-13, 0.011409
2009-10-14, 0.011394
2009-10-15, 0.011365
2009-10-16, 0.011335
2009-10-19, 0.011417
2009-10-20, 0.011425
2009-10-21, 0.011410
2009-10-22, 0.011499
2009-10-23, 0.011532
2009-10-26, 0.011517
2009-10-27, 0.011573
2009-10-28, 0.011608
2009-10-30, 0.011648
2009-11-02, 0.011576
2009-11-03, 0.011703
2009-11-04, 0.011729
2009-11-05, 0.011674
2009-11-06, 0.011658
2009-11-09, 0.011615
2009-11-10, 0.011606
2009-11-11, 0.011618
2009-11-12, 0.011609
2009-11-13, 0.011628
2009-11-16, 0.011590
2009-11-17, 0.011640
2009-11-18, 0.011668
2009-11-19, 0.011673
2009-11-20, 0.011716
2009-11-23, 0.011764
2009-11-24, 0.011777
2009-11-25, 0.011802
2009-11-26, 0.011794
2009-12-01, 0.011791
2009-12-02, 0.011973
2009-12-03, 0.011903
2009-12-04, 0.011836
2009-12-07, 0.011774
2009-12-08, 0.011732
2009-12-09, 0.011776
2009-12-10, 0.011813
2009-12-11, 0.011783
2009-12-14, 0.011738
2009-12-15, 0.011746
2009-12-16, 0.011756
2009-12-17, 0.011739
2009-12-18, 0.011743
2009-12-21, 0.011783
2009-12-22, 0.011783
2009-12-23, 0.011771
2009-12-24, 0.011739
2009-12-25, 0.011699
2009-12-28, 0.011686
2009-12-29, 0.011689
2009-12-30, 0.011655
2009-12-31, 0.011645
2010-01-04, 0.011536
2010-01-05, 0.011461
2010-01-06, 0.011395
2010-01-07, 0.011410
2010-01-08, 0.011409
2010-01-11, 0.011357
2010-01-12, 0.011334
2010-01-13, 0.011330
2010-01-14, 0.011322
2010-01-15, 0.011349
2010-01-18, 0.011339
2010-01-19, 0.011317
2010-01-20, 0.011338
2010-01-21, 0.011306
2010-01-22, 0.011378
2010-01-25, 0.011453
2010-01-26, 0.011474
2010-01-27, 0.011545
2010-01-28, 0.011488
2010-01-29, 0.011462
2010-02-01, 0.011439
2010-02-02, 0.011430
2010-02-03, 0.011393
2010-02-04, 0.011395
2010-02-05, 0.011442
2010-02-08, 0.011578
2010-02-09, 0.011611
2010-02-10, 0.011557
2010-02-11, 0.011524
2010-02-12, 0.011528
2010-02-15, 0.011504
2010-02-16, 0.011518
2010-02-17, 0.011503
2010-02-18, 0.011501
2010-02-19, 0.011513
2010-02-22, 0.011503
2010-02-23, 0.011488
2010-02-24, 0.011600
2010-02-25, 0.011697
2010-02-26, 0.011695
2010-03-01, 0.011722
2010-03-02, 0.011728
2010-03-03, 0.011679
2010-03-04, 0.011733
2010-03-05, 0.011780
2010-03-08, 0.011749
2010-03-09, 0.011653
2010-03-10, 0.011681
2010-03-11, 0.011686
2010-03-12, 0.011681
2010-03-15, 0.011643
2010-03-16, 0.011643
2010-03-17, 0.011631
2010-03-18, 0.011598
2010-03-19, 0.011608
2010-03-22, 0.011620
2010-03-23, 0.011681
2010-03-24, 0.011686
2010-03-25, 0.011623
2010-03-26, 0.011570
2010-03-29, 0.011521
2010-03-30, 0.011548
2010-03-31, 0.011539
2010-04-01, 0.011493
2010-04-02, 0.011487
2010-04-05, 0.011491
2010-04-06, 0.011430
2010-04-07, 0.011363
2010-04-08, 0.011285
2010-04-09, 0.011315
2010-04-12, 0.011243
2010-04-13, 0.011285
2010-04-14, 0.011324
2010-04-15, 0.011274
2010-04-16, 0.011231
2010-04-19, 0.011213
2010-04-20, 0.011334
2010-04-21, 0.011301
2010-04-22, 0.011231
2010-04-26, 0.011222
2010-04-27, 0.011152
2010-04-28, 0.011194
2010-04-29, 0.011351
2010-04-30, 0.011223
2010-05-03, 0.011220
2010-05-04, 0.011290
2010-05-05, 0.011274
2010-05-06, 0.011369
2010-05-07, 0.011473
2010-05-10, 0.011715
2010-05-11, 0.011473
2010-05-12, 0.011445
2010-05-13, 0.011401
2010-05-14, 0.011292
2010-05-17, 0.011288
2010-05-18, 0.011408
2010-05-20, 0.011373
2010-05-21, 0.011686
2010-05-24, 0.011797
2010-05-25, 0.011669
2010-05-26, 0.011758
2010-05-27, 0.011707
2010-05-28, 0.011598
2010-05-31, 0.011537
2010-06-01, 0.011630
2010-06-02, 0.011664
2010-06-03, 0.011655
2010-06-04, 0.011604
2010-06-07, 0.011633
2010-06-08, 0.011714
2010-06-09, 0.011746
2010-06-10, 0.011720
2010-06-11, 0.011719
2010-06-14, 0.011603
2010-06-15, 0.011590
2010-06-16, 0.011639
2010-06-17, 0.011588
2010-06-18, 0.011592
2010-06-21, 0.011575
2010-06-22, 0.011530
2010-06-23, 0.011551
2010-06-24, 0.011598
2010-06-25, 0.011699
2010-06-28, 0.011737
2010-06-29, 0.011692
2010-06-30, 0.011727
2010-07-01, 0.011761
2010-07-02, 0.011794
2010-07-05, 0.011790
2010-07-06, 0.011732
2010-07-07, 0.011714
2010-07-08, 0.011734
2010-07-09, 0.011690
2010-07-12, 0.011672
2010-07-13, 0.011676
2010-07-14, 0.011680
2010-07-15, 0.011621
2010-07-16, 0.011641
2010-07-19, 0.011671
2010-07-20, 0.011742
2010-07-21, 0.011692
2010-07-22, 0.011610
2010-07-23, 0.011603
2010-07-26, 0.011589
2010-07-27, 0.011574
2010-07-28, 0.011549
2010-07-29, 0.011515
2010-07-30, 0.011564
2010-08-02, 0.011570
2010-08-03, 0.011521
2010-08-04, 0.011526
2010-08-05, 0.011599
2010-08-06, 0.011585
2010-08-09, 0.011563
2010-08-10, 0.011549
2010-08-11, 0.011565
2010-08-12, 0.011630
2010-08-13, 0.011667
2010-08-16, 0.011589
2010-08-17, 0.011587
2010-08-18, 0.011531
2010-08-19, 0.011514
2010-08-20, 0.011518
2010-08-23, 0.011587
2010-08-24, 0.011587
2010-08-25, 0.011664
2010-08-26, 0.011670
2010-08-27, 0.011651
2010-08-31, 0.011651
2010-09-01, 0.011673
2010-09-02, 0.011685
2010-09-03, 0.011607
2010-09-06, 0.011574
2010-09-07, 0.011533
2010-09-08, 0.011519
2010-09-13, 0.011568
2010-09-14, 0.011430
2010-09-15, 0.011487
2010-09-16, 0.011508
2010-09-17, 0.011520
2010-09-20, 0.011556
2010-09-21, 0.011557
2010-09-22, 0.011544
2010-09-23, 0.011598
2010-09-24, 0.011618
2010-09-27, 0.011629
2010-09-28, 0.011571
2010-09-29, 0.011571
2010-09-30, 0.011530
2010-10-01, 0.011474
2010-10-04, 0.011467
2010-10-05, 0.011460
2010-10-06, 0.011510
2010-10-07, 0.011359
2010-10-08, 0.011385
2010-10-11, 0.011431
2010-10-12, 0.011329
2010-10-13, 0.011382
2010-10-14, 0.011344
2010-10-15, 0.011282
2010-10-18, 0.011319
2010-10-19, 0.011382
2010-10-20, 0.011385
2010-10-21, 0.011410
2010-10-22, 0.011401
2010-10-25, 0.011416
2010-10-26, 0.011353
2010-10-27, 0.011357
2010-10-28, 0.011407
2010-11-01, 0.011389
2010-11-02, 0.011405
2010-11-03, 0.011358
2010-11-04, 0.011322
2010-11-05, 0.011297
2010-11-08, 0.011314
2010-11-09, 0.011313
2010-11-10, 0.011300
2010-11-11, 0.011264
2010-11-12, 0.011302
2010-11-15, 0.011382
2010-11-22, 0.011340
2010-11-23, 0.011365
2010-11-24, 0.011476
2010-11-25, 0.011558
2010-11-26, 0.011467
2010-11-29, 0.011525
2010-11-30, 0.011549
2010-12-01, 0.011581
2010-12-02, 0.011549
2010-12-03, 0.011485
2010-12-06, 0.011452
2010-12-07, 0.011501
2010-12-08, 0.011497
2010-12-09, 0.011494
2010-12-10, 0.011501
2010-12-13, 0.011528
2010-12-14, 0.011524
2010-12-15, 0.011600
2010-12-16, 0.011615
2010-12-17, 0.011604
2010-12-20, 0.011681
2010-12-21, 0.011840
2010-12-22, 0.011869
2010-12-23, 0.011845
2010-12-24, 0.011816
2010-12-27, 0.011773
2010-12-28, 0.011792
2010-12-29, 0.011840
2010-12-30, 0.011856
2010-12-31, 0.011888
2011-01-03, 0.011873
2011-01-04, 0.011934
2011-01-05, 0.011944
2011-01-06, 0.011861
2011-01-07, 0.011764
2011-01-10, 0.011857
2011-01-11, 0.012001
2011-01-12, 0.011975
2011-01-13, 0.011921
2011-01-14, 0.011887
2011-01-17, 0.011929
2011-01-18, 0.011878
2011-01-19, 0.011815
2011-01-20, 0.011857
2011-01-21, 0.012017
2011-01-24, 0.012097
2011-01-25, 0.012082
2011-01-26, 0.012052
2011-01-27, 0.012179
2011-01-28, 0.012159
2011-01-31, 0.012282
2011-02-01, 0.012392
2011-02-02, 0.012288
2011-02-03, 0.012222
2011-02-04, 0.012213
2011-02-07, 0.012263
2011-02-08, 0.012043
2011-02-09, 0.012057
2011-02-10, 0.012107
2011-02-11, 0.012198
2011-02-14, 0.012123
2011-02-15, 0.012083
2011-02-16, 0.012139
2011-02-17, 0.012099
2011-02-18, 0.012042
2011-02-21, 0.012101
2011-02-22, 0.012134
2011-02-23, 0.012247
2011-02-24, 0.012279
2011-02-25, 0.012390
2011-02-28, 0.012338
2011-03-01, 0.012374
2011-03-02, 0.012413
2011-03-03, 0.012488
2011-03-04, 0.012446
2011-03-07, 0.012351
2011-03-08, 0.012416
2011-03-09, 0.012314
2011-03-10, 0.012263
2011-03-11, 0.012231
2011-03-14, 0.012273
2011-03-15, 0.012290
2011-03-16, 0.012304
2011-03-17, 0.012356
2011-03-18, 0.012443
2011-03-21, 0.012422
2011-03-22, 0.012391
2011-03-23, 0.012336
2011-03-24, 0.012257
2011-03-25, 0.012192
2011-03-28, 0.012158
2011-03-29, 0.012141
2011-03-30, 0.012197
2011-03-31, 0.012125
2011-04-01, 0.012101
2011-04-04, 0.012065
2011-04-05, 0.012036
2011-04-06, 0.012033
2011-04-07, 0.011977
2011-04-08, 0.011906
2011-04-11, 0.011873
2011-04-12, 0.011932
2011-04-13, 0.011964
2011-04-14, 0.012001
2011-04-15, 0.012037
2011-04-18, 0.012014
2011-04-19, 0.012026
2011-04-20, 0.012120
2011-04-21, 0.012092
2011-04-22, 0.012095
2011-04-25, 0.012095
2011-04-26, 0.012124
2011-04-27, 0.012196
2011-04-28, 0.012197
2011-04-29, 0.012201
2011-05-02, 0.012272
2011-05-03, 0.012263
2011-05-04, 0.012320
2011-05-05, 0.012409
2011-05-06, 0.012440
2011-05-09, 0.012352
2011-05-10, 0.012304
2011-05-11, 0.012406
2011-05-12, 0.012516
2011-05-13, 0.012553
2011-05-16, 0.012549
2011-05-17, 0.012591
2011-05-18, 0.012555
2011-05-20, 0.012564
2011-05-23, 0.012553
2011-05-24, 0.012646
2011-05-25, 0.012646
2011-05-26, 0.012664
2011-05-27, 0.012672
2011-05-30, 0.012789
2011-05-31, 0.012767
2011-06-01, 0.012751
2011-06-02, 0.012740
2011-06-03, 0.012792
2011-06-06, 0.012741
2011-06-07, 0.012759
2011-06-08, 0.012797
2011-06-09, 0.012821
2011-06-10, 0.012790
2011-06-13, 0.012696
2011-06-14, 0.012652
2011-06-15, 0.012704
2011-06-16, 0.012750
2011-06-17, 0.012851
2011-06-20, 0.012832
2011-06-21, 0.012865
2011-06-22, 0.012856
2011-06-23, 0.012942
2011-06-24, 0.012970
2011-06-27, 0.013043
2011-06-28, 0.013133
2011-06-29, 0.013116
2011-06-30, 0.013108
2011-07-01, 0.013013
2011-07-04, 0.012945
2011-07-05, 0.012931
2011-07-06, 0.012994
2011-07-07, 0.013029
2011-07-08, 0.013038
2011-07-11, 0.012932
2011-07-12, 0.013064
2011-07-13, 0.013139
2011-07-14, 0.013171
2011-07-15, 0.013179
2011-07-18, 0.013167
2011-07-19, 0.013268
2011-07-20, 0.013272
2011-07-21, 0.013287
2011-07-22, 0.013365
2011-07-25, 0.013408
2011-07-26, 0.013714
2011-07-27, 0.013752
2011-07-28, 0.013612
2011-07-29, 0.013449
2011-08-01, 0.013462
2011-08-02, 0.013538
2011-08-03, 0.013641
2011-08-04, 0.013777
2011-08-05, 0.013809
2011-08-08, 0.014003
2011-08-09, 0.014043
2011-08-10, 0.014302
2011-08-11, 0.014212
2011-08-12, 0.014373
2011-08-15, 0.014379
2011-08-16, 0.014333
2011-08-17, 0.014411
2011-08-18, 0.014407
2011-08-19, 0.014440
2011-08-22, 0.014561
2011-08-23, 0.014583
2011-08-24, 0.014554
2011-08-25, 0.014492
2011-08-26, 0.014388
2011-08-29, 0.014304
2011-09-02, 0.014324
2011-09-05, 0.014213
2011-09-06, 0.014346
2011-09-07, 0.014428
2011-09-08, 0.014281
2011-09-09, 0.014350
2011-09-12, 0.014349
2011-09-13, 0.014399
2011-09-14, 0.014343
2011-09-15, 0.014265
2011-09-16, 0.014348
2011-09-19, 0.014342
2011-09-20, 0.014391
2011-09-21, 0.014452
2011-09-22, 0.014455
2011-09-23, 0.014579
2011-09-26, 0.014685
2011-09-27, 0.014734
2011-09-28, 0.014717
2011-09-29, 0.014699
2011-09-30, 0.014737
2011-10-03, 0.014726
2011-10-04, 0.014732
2011-10-05, 0.014940
2011-10-06, 0.014853
2011-10-07, 0.014597
2011-10-10, 0.014455
2011-10-11, 0.014423
2011-10-12, 0.014444
2011-10-13, 0.014541
2011-10-14, 0.014504
2011-10-17, 0.014597
2011-10-18, 0.014634
2011-10-19, 0.014795
2011-10-20, 0.014753
2011-10-21, 0.014835
2011-10-24, 0.014732
2011-10-25, 0.014566
2011-10-26, 0.014406
2011-10-27, 0.014207
2011-10-28, 0.014189
2011-10-31, 0.014080
2011-11-01, 0.014076
2011-11-02, 0.014335
2011-11-03, 0.014377
2011-11-04, 0.014326
2011-11-10, 0.014125
2011-11-11, 0.014377
2011-11-14, 0.014302
2011-11-15, 0.014274
2011-11-16, 0.014359
2011-11-17, 0.014403
2011-11-18, 0.014453
2011-11-21, 0.014521
2011-11-22, 0.014616
2011-11-23, 0.014673
2011-11-24, 0.014777
2011-11-25, 0.014718
2011-11-28, 0.014783
2011-11-29, 0.014655
2011-11-30, 0.014582
2011-12-01, 0.014524
2011-12-02, 0.014477
2011-12-05, 0.014450
2011-12-06, 0.014503
2011-12-07, 0.014513
2011-12-08, 0.014476
2011-12-09, 0.014518
2011-12-12, 0.014652
2011-12-13, 0.014613
2011-12-14, 0.014696
2011-12-15, 0.014725
2011-12-16, 0.014738
2011-12-19, 0.014746
2011-12-20, 0.014847
2011-12-21, 0.014929
2011-12-22, 0.014777
2011-12-23, 0.014799
2011-12-26, 0.014821
2011-12-27, 0.014808
2011-12-28, 0.014824
2011-12-29, 0.014877
2011-12-30, 0.014934
2012-01-02, 0.014849
2012-01-03, 0.014789
2012-01-04, 0.014804
2012-01-05, 0.014669
2012-01-06, 0.014660
2012-01-09, 0.014617
2012-01-10, 0.014570
2012-01-11, 0.014581
2012-01-12, 0.014487
2012-01-13, 0.014416
2012-01-16, 0.014473
2012-01-17, 0.014454
2012-01-18, 0.014418
2012-01-19, 0.014420
2012-01-20, 0.014396
2012-01-23, 0.014363
2012-01-24, 0.014352
2012-01-25, 0.014319
2012-01-26, 0.014314
2012-01-27, 0.014233
2012-01-30, 0.014173
2012-01-31, 0.014206
2012-02-01, 0.014154
2012-02-02, 0.014117
2012-02-03, 0.014049
2012-02-06, 0.014022
2012-02-07, 0.013988
2012-02-08, 0.013997
2012-02-09, 0.013948
2012-02-10, 0.013987
2012-02-13, 0.014014
2012-02-14, 0.014029
2012-02-15, 0.014064
2012-02-16, 0.014009
2012-02-17, 0.014062
2012-02-20, 0.013992
2012-02-21, 0.013909
2012-02-22, 0.013936
2012-02-23, 0.013940
2012-02-24, 0.014069
2012-02-27, 0.014145
2012-02-28, 0.014228
2012-02-29, 0.014161
2012-03-01, 0.014095
2012-03-02, 0.014062
2012-03-05, 0.014069
2012-03-06, 0.014141
2012-03-07, 0.014199
2012-03-08, 0.014232
2012-03-09, 0.014177
2012-03-12, 0.014213
2012-03-13, 0.014261
2012-03-14, 0.014227
2012-03-15, 0.014165
2012-03-16, 0.014162
2012-03-19, 0.014135
2012-03-20, 0.014198
2012-03-21, 0.014264
2012-03-22, 0.014286
2012-03-23, 0.014257
2012-03-26, 0.014252
2012-03-27, 0.014235
2012-03-28, 0.014195
2012-03-29, 0.014214
2012-03-30, 0.014173
2012-04-02, 0.014224
2012-04-03, 0.014211
2012-04-04, 0.014197
2012-04-05, 0.014158
2012-04-06, 0.014194
2012-04-09, 0.014195
2012-04-10, 0.014262
2012-04-11, 0.014293
2012-04-12, 0.014398
2012-04-13, 0.014336
2012-04-16, 0.014282
2012-04-17, 0.014304
2012-04-18, 0.014282
2012-04-19, 0.014250
2012-04-20, 0.014263
2012-04-24, 0.014324
2012-04-25, 0.014314
2012-04-26, 0.014211
2012-04-27, 0.014146
2012-04-30, 0.014130
2012-05-02, 0.014112
2012-05-03, 0.014106
2012-05-04, 0.014112
2012-05-07, 0.014090
2012-05-08, 0.014119
2012-05-09, 0.014106
2012-05-10, 0.014283
2012-05-11, 0.014268
2012-05-14, 0.014273
2012-05-15, 0.014317
2012-05-16, 0.014403
2012-05-17, 0.014472
2012-05-18, 0.014454
2012-05-21, 0.014532
2012-05-22, 0.014538
2012-05-23, 0.014505
2012-05-24, 0.014589
2012-05-25, 0.014585
2012-05-28, 0.014524
2012-05-29, 0.014501
2012-05-30, 0.014493
2012-05-31, 0.014472
2012-06-01, 0.014578
2012-06-04, 0.014696
2012-06-05, 0.014662
2012-06-06, 0.014627
2012-06-07, 0.014576
2012-06-08, 0.014476
2012-06-11, 0.014479
2012-06-12, 0.014407
2012-06-13, 0.014473
2012-06-14, 0.014412
2012-06-15, 0.014422
2012-06-18, 0.014380
2012-06-19, 0.014378
2012-06-20, 0.014347
2012-06-21, 0.014259
2012-06-22, 0.014245
2012-06-25, 0.014278
2012-06-26, 0.014325
2012-06-27, 0.014368
2012-06-28, 0.014279
2012-06-29, 0.014351
2012-07-02, 0.014267
2012-07-03, 0.014198
2012-07-04, 0.014166
2012-07-05, 0.014273
2012-07-06, 0.014308
2012-07-09, 0.014342
2012-07-10, 0.014356
2012-07-11, 0.014348
2012-07-12, 0.014274
2012-07-13, 0.014287
2012-07-16, 0.014315
2012-07-17, 0.014283
2012-07-18, 0.014304
2012-07-19, 0.014277
2012-07-20, 0.014270
2012-07-23, 0.014259
2012-07-24, 0.014313
2012-07-25, 0.014354
2012-07-26, 0.014361
2012-07-27, 0.014367
2012-07-30, 0.014357
2012-07-31, 0.014219
2012-08-01, 0.014168
2012-08-02, 0.014209
2012-08-03, 0.014184
2012-08-06, 0.014133
2012-08-07, 0.014066
2012-08-08, 0.014121
2012-08-09, 0.014115
2012-08-10, 0.014069
2012-08-13, 0.014082
2012-08-14, 0.014129
2012-08-15, 0.014167
2012-08-16, 0.014164
2012-08-17, 0.014084
2012-08-22, 0.014128
2012-08-23, 0.014163
2012-08-24, 0.014236
2012-08-27, 0.014283
2012-08-28, 0.014291
2012-08-29, 0.014313
2012-08-31, 0.014430
2012-09-03, 0.014477
2012-09-04, 0.014503
2012-09-05, 0.014490
2012-09-06, 0.014497
2012-09-07, 0.014479
2012-09-10, 0.014395
2012-09-11, 0.014404
2012-09-12, 0.014429
2012-09-13, 0.014455
2012-09-14, 0.014488
2012-09-17, 0.014465
2012-09-18, 0.014458
2012-09-19, 0.014483
2012-09-20, 0.014410
2012-09-21, 0.014448
2012-09-24, 0.014434
2012-09-25, 0.014441
2012-09-26, 0.014413
2012-09-27, 0.014389
2012-09-28, 0.014403
2012-10-01, 0.014439
2012-10-02, 0.014447
2012-10-03, 0.014437
2012-10-04, 0.014444
2012-10-05, 0.014558
2012-10-08, 0.014511
2012-10-09, 0.014543
2012-10-10, 0.014579
2012-10-11, 0.014572
2012-10-12, 0.014560
2012-10-15, 0.014560
2012-10-16, 0.014575
2012-10-17, 0.014589
2012-10-18, 0.014552
2012-10-19, 0.014477
2012-10-22, 0.014436
2012-10-23, 0.014447
2012-10-24, 0.014444
2012-10-30, 0.014465
2012-10-31, 0.014489
2012-11-01, 0.014456
2012-11-02, 0.014439
2012-11-05, 0.014384
2012-11-06, 0.014340
2012-11-07, 0.014268
2012-11-08, 0.014253
2012-11-09, 0.014327
2012-11-12, 0.014376
2012-11-13, 0.014429
2012-11-14, 0.014473
2012-11-15, 0.014408
2012-11-16, 0.014477
2012-11-19, 0.014476
2012-11-20, 0.014495
2012-11-21, 0.014482
2012-11-22, 0.014445
2012-11-23, 0.014474
2012-11-26, 0.014482
2012-11-27, 0.014479
2012-11-28, 0.014483
2012-11-29, 0.014454
2012-11-30, 0.014474
2012-12-03, 0.014470
2012-12-04, 0.014506
2012-12-05, 0.014493
2012-12-06, 0.014497
2012-12-07, 0.014541
2012-12-10, 0.014507
2012-12-11, 0.014497
2012-12-12, 0.014482
2012-12-13, 0.014447
2012-12-14, 0.014448
2012-12-17, 0.014478
2012-12-18, 0.014516
2012-12-19, 0.014498
2012-12-20, 0.014506
2012-12-21, 0.014530
2012-12-24, 0.014597
2012-12-25, 0.014637
2012-12-26, 0.014608
2012-12-27, 0.014589
2012-12-28, 0.014608
2012-12-31, 0.014598
2013-01-02, 0.014573
2013-01-03, 0.014544
2013-01-04, 0.014412
2013-01-07, 0.014374
2013-01-08, 0.014327
2013-01-09, 0.014342
2013-01-10, 0.014328
2013-01-11, 0.014334
2013-01-14, 0.014350
2013-01-15, 0.014388
2013-01-16, 0.014395
2013-01-17, 0.014378
2013-01-18, 0.014334
2013-01-21, 0.014281
2013-01-22, 0.014323
2013-01-23, 0.014345
2013-01-24, 0.014388
2013-01-25, 0.014404
2013-01-28, 0.014410
2013-01-29, 0.014369
2013-01-30, 0.014372
2013-01-31, 0.014360
2013-02-01, 0.014369
2013-02-04, 0.014355
2013-02-05, 0.014320
2013-02-06, 0.014376
2013-02-07, 0.014393
2013-02-08, 0.014455
2013-02-11, 0.014416
2013-02-12, 0.014426
2013-02-13, 0.014456
2013-02-14, 0.014420
2013-02-15, 0.014355
2013-02-18, 0.014388
2013-02-19, 0.014379
2013-02-20, 0.014416
2013-02-21, 0.014478
2013-02-22, 0.014492
2013-02-25, 0.014519
2013-02-26, 0.014601
2013-02-27, 0.014630
2013-02-28, 0.014638
2013-03-01, 0.014577
2013-03-04, 0.014583
2013-03-05, 0.014593
2013-03-06, 0.014549
2013-03-07, 0.014510
2013-03-08, 0.014531
2013-03-11, 0.014530
2013-03-12, 0.014524
2013-03-13, 0.014525
2013-03-14, 0.014544
2013-03-15, 0.014557
2013-03-18, 0.014586
2013-03-19, 0.014587
2013-03-20, 0.014621
2013-03-21, 0.014662
2013-03-22, 0.014600
2013-03-25, 0.014649
2013-03-26, 0.014644
2013-03-27, 0.014618
2013-03-28, 0.014593
2013-03-29, 0.014596
2013-04-01, 0.014562
2013-04-02, 0.014567
2013-04-03, 0.014545
2013-04-04, 0.014536
2013-04-05, 0.014558
2013-04-08, 0.014594
2013-04-09, 0.014547
2013-04-10, 0.014508
2013-04-11, 0.014536
2013-04-12, 0.014527
2013-04-15, 0.014536
2013-04-16, 0.014575
2013-04-17, 0.014615
2013-04-18, 0.014606
2013-04-19, 0.014613
2013-04-22, 0.014642
2013-04-24, 0.014648
2013-04-25, 0.014640
2013-04-26, 0.014644
2013-04-29, 0.014633
2013-04-30, 0.014646
2013-05-02, 0.014644
2013-05-03, 0.014666
2013-05-06, 0.014664
2013-05-07, 0.014622
2013-05-08, 0.014647
2013-05-09, 0.014598
2013-05-10, 0.014592
2013-05-13, 0.014597
2013-05-14, 0.014571
2013-05-15, 0.014551
2013-05-16, 0.014619
2013-05-17, 0.014648
2013-05-20, 0.014750
2013-05-21, 0.014796
2013-05-22, 0.014823
2013-05-23, 0.014801
2013-05-24, 0.014820
2013-05-27, 0.014818
2013-05-28, 0.014802
2013-05-29, 0.014812
2013-05-30, 0.014880
2013-05-31, 0.014931
2013-06-03, 0.015083
2013-06-04, 0.015135
2013-06-05, 0.015044
2013-06-06, 0.015059
2013-06-07, 0.015155
2013-06-10, 0.015222
2013-06-11, 0.015222
2013-06-12, 0.015232
2013-06-13, 0.015107
2013-06-14, 0.015064
2013-06-17, 0.014992
2013-06-18, 0.015105
2013-06-19, 0.015188
2013-06-20, 0.015225
2013-06-21, 0.015320
2013-06-24, 0.015375
2013-06-25, 0.015336
2013-06-26, 0.015280
2013-06-27, 0.015210
2013-06-28, 0.015214
2013-07-01, 0.015241
2013-07-02, 0.015021
2013-07-03, 0.015007
2013-07-04, 0.015165
2013-07-05, 0.015374
2013-07-08, 0.015330
2013-07-09, 0.015274
2013-07-10, 0.015238
2013-07-11, 0.015262
2013-07-12, 0.015349
2013-07-15, 0.015493
2013-07-16, 0.015383
2013-07-17, 0.015330
2013-07-18, 0.015347
2013-07-19, 0.015285
2013-07-22, 0.015329
2013-07-23, 0.015312
2013-07-24, 0.015299
2013-07-25, 0.015274
2013-07-26, 0.015327
2013-07-29, 0.015341
2013-07-30, 0.015367
2013-07-31, 0.015326
2013-08-01, 0.015398
2013-08-02, 0.015426
2013-08-05, 0.015444
2013-08-06, 0.015396
2013-08-07, 0.015381
2013-08-12, 0.015374
2013-08-13, 0.015367
2013-08-14, 0.015364
2013-08-15, 0.015350
2013-08-16, 0.015324
2013-08-19, 0.015362
2013-08-20, 0.015421
2013-08-21, 0.015431
2013-08-22, 0.015544
2013-08-23, 0.015646
2013-08-26, 0.015651
2013-08-27, 0.015739
2013-08-28, 0.015946
2013-08-29, 0.016232
2013-09-02, 0.015965
2013-09-03, 0.015835
2013-09-04, 0.015975
2013-09-05, 0.016038
2013-09-06, 0.016154
2013-09-09, 0.015984
2013-09-10, 0.015899
2013-09-11, 0.015872
2013-09-12, 0.015744
2013-09-13, 0.015848
2013-09-16, 0.015883
2013-09-17, 0.015703
2013-09-18, 0.015811
2013-09-19, 0.015801
2013-09-20, 0.015624
2013-09-23, 0.015726
2013-09-24, 0.015820
2013-09-25, 0.015891
2013-09-26, 0.015991
2013-09-27, 0.016071
2013-09-30, 0.016224
2013-10-01, 0.016256
2013-10-02, 0.016108
2013-10-03, 0.016127
2013-10-04, 0.016038
2013-10-07, 0.016029
2013-10-08, 0.015989
2013-10-09, 0.015935
2013-10-10, 0.015902
2013-10-11, 0.015825
2013-10-14, 0.015824
2013-10-21, 0.015821
2013-10-22, 0.015908
2013-10-23, 0.015941
2013-10-24, 0.015977
2013-10-25, 0.016015
2013-10-28, 0.016075
2013-10-30, 0.016081
2013-10-31, 0.016100
2013-11-01, 0.016058
2013-11-04, 0.016123
2013-11-05, 0.016170
2013-11-06, 0.016214
2013-11-07, 0.016211
2013-11-08, 0.016243
2013-11-11, 0.016220
2013-11-12, 0.016204
2013-11-13, 0.016303
2013-11-14, 0.016316
2013-11-15, 0.016242
2013-11-18, 0.016291
2013-11-19, 0.016188
2013-11-20, 0.016182
2013-11-21, 0.016115
2013-11-22, 0.016106
2013-11-25, 0.016139
2013-11-26, 0.016005
2013-11-27, 0.016100
2013-11-28, 0.016202
2013-11-29, 0.016196
2013-12-02, 0.016209
2013-12-03, 0.016259
2013-12-04, 0.016297
2013-12-05, 0.016374
2013-12-06, 0.016355
2013-12-09, 0.016295
2013-12-10, 0.016267
2013-12-11, 0.016253
2013-12-12, 0.016299
2013-12-13, 0.016337
2013-12-16, 0.016332
2013-12-17, 0.016303
2013-12-18, 0.016315
2013-12-19, 0.016370
2013-12-20, 0.016444
2013-12-23, 0.016596
2013-12-24, 0.016601
2013-12-25, 0.016534
2013-12-26, 0.016445
2013-12-27, 0.016618
2013-12-30, 0.017131
2013-12-31, 0.016898
2014-01-02, 0.016905
2014-01-03, 0.017131
2014-01-06, 0.017094
2014-01-07, 0.017207
2014-01-08, 0.017138
2014-01-09, 0.017172
2014-01-10, 0.017201
2014-01-13, 0.017152
2014-01-14, 0.017225
2014-01-15, 0.017389
2014-01-16, 0.017332
2014-01-17, 0.017419
2014-01-20, 0.017463
2014-01-21, 0.017664
2014-01-22, 0.017689
2014-01-23, 0.017790
2014-01-24, 0.017928
2014-01-27, 0.018309
2014-01-28, 0.018538
2014-01-29, 0.017959
2014-01-30, 0.017673
2014-01-31, 0.018063
2014-02-03, 0.017986
2014-02-04, 0.017962
2014-02-05, 0.017960
2014-02-06, 0.017815
2014-02-07, 0.017704
2014-02-10, 0.017643
2014-02-11, 0.017754
2014-02-12, 0.017609
2014-02-13, 0.017485
2014-02-14, 0.017538
2014-02-17, 0.017481
2014-02-18, 0.017458
2014-02-19, 0.017449
2014-02-20, 0.017556
2014-02-21, 0.017653
2014-02-24, 0.017565
2014-02-25, 0.017478
2014-02-26, 0.017635
2014-02-27, 0.017678
2014-02-28, 0.017851
2014-03-03, 0.017781
2014-03-04, 0.017788
2014-03-05, 0.017779
2014-03-06, 0.017676
2014-03-07, 0.017628
2014-03-10, 0.017582
2014-03-11, 0.017723
2014-03-12, 0.017796
2014-03-13, 0.017986
2014-03-14, 0.017902
2014-03-17, 0.017981
2014-03-18, 0.017892
2014-03-19, 0.017886
2014-03-20, 0.017895
2014-03-21, 0.017852
2014-03-24, 0.017838
2014-03-25, 0.017850
2014-03-26, 0.017848
2014-03-27, 0.017695
2014-03-28, 0.017557
2014-03-31, 0.017537
2014-04-01, 0.017293
2014-04-02, 0.017256
2014-04-03, 0.017109
2014-04-04, 0.017087
2014-04-07, 0.017060
2014-04-08, 0.017005
2014-04-09, 0.016859
2014-04-10, 0.016955
2014-04-11, 0.016959
2014-04-14, 0.017134
2014-04-15, 0.017187
2014-04-16, 0.017150
2014-04-17, 0.017231
2014-04-18, 0.017216
2014-04-21, 0.017123
2014-04-22, 0.017158
2014-04-24, 0.017185
2014-04-25, 0.017209
2014-04-28, 0.017191
2014-04-29, 0.017204
2014-04-30, 0.017091
2014-05-02, 0.017066
2014-05-05, 0.017056
2014-05-06, 0.017001
2014-05-07, 0.016994
2014-05-08, 0.016990
2014-05-09, 0.016869
2014-05-12, 0.016836
2014-05-13, 0.016803
2014-05-14, 0.016740
2014-05-15, 0.016693
2014-05-16, 0.016825
2014-05-20, 0.017034
2014-05-21, 0.017046
2014-05-22, 0.017091
2014-05-23, 0.016948
2014-05-26, 0.016870
2014-05-27, 0.016879
2014-05-28, 0.016975
2014-05-29, 0.017031
2014-05-30, 0.016973
2014-06-02, 0.016951
2014-06-03, 0.016978
2014-06-04, 0.016996
2014-06-05, 0.017091
2014-06-06, 0.016998
2014-06-09, 0.016906
2014-06-10, 0.016823
2014-06-11, 0.016833
2014-06-12, 0.016833
2014-06-13, 0.016938
2014-06-16, 0.017084
2014-06-17, 0.017189
2014-06-18, 0.017187
2014-06-19, 0.017211
2014-06-20, 0.017165
2014-06-23, 0.017232
2014-06-24, 0.017232
2014-06-25, 0.017187
2014-06-26, 0.017258
2014-06-27, 0.017212
2014-06-30, 0.017187
2014-07-01, 0.017191
2014-07-02, 0.017049
2014-07-03, 0.017083
2014-07-04, 0.017074
2014-07-07, 0.017159
2014-07-08, 0.017193
2014-07-09, 0.017154
2014-07-10, 0.017184
2014-07-11, 0.017193
2014-07-14, 0.017187
2014-07-15, 0.017171
2014-07-16, 0.017164
2014-07-17, 0.017144
2014-07-18, 0.017137
2014-07-21, 0.017208
2014-07-22, 0.017114
2014-07-23, 0.017100
2014-07-24, 0.016898
2014-07-25, 0.016893
2014-07-31, 0.016864
2014-08-01, 0.017117
2014-08-04, 0.017210
2014-08-05, 0.017167
2014-08-06, 0.017118
2014-08-07, 0.017356
2014-08-08, 0.017362
2014-08-11, 0.017471
2014-08-12, 0.017312
2014-08-13, 0.017384
2014-08-14, 0.017366
2014-08-15, 0.017368
2014-08-18, 0.017395
2014-08-19, 0.017512
2014-08-20, 0.017425
2014-08-21, 0.017431
2014-08-22, 0.017461
2014-08-25, 0.017471
2014-08-26, 0.017433
2014-08-27, 0.017384
2014-08-28, 0.017295
2014-08-29, 0.017348
2014-09-01, 0.017325
2014-09-02, 0.017311
2014-09-03, 0.017357
2014-09-04, 0.017295
2014-09-05, 0.017247
2014-09-08, 0.017195
2014-09-09, 0.017188
2014-09-10, 0.017341
2014-09-11, 0.017442
2014-09-12, 0.017349
2014-09-15, 0.017417
2014-09-16, 0.017480
2014-09-17, 0.017474
2014-09-18, 0.017456
2014-09-19, 0.017512
2014-09-22, 0.017509
2014-09-23, 0.017640
2014-09-24, 0.017609
2014-09-25, 0.017606
2014-09-26, 0.017632
2014-09-29, 0.017734
2014-09-30, 0.017852
2014-10-01, 0.017823
2014-10-02, 0.017854
2014-10-03, 0.017848
2014-10-08, 0.017826
2014-10-09, 0.017980
2014-10-10, 0.017842
2014-10-13, 0.017946
2014-10-14, 0.017900
2014-10-15, 0.017950
2014-10-16, 0.017917
2014-10-17, 0.018047
2014-10-20, 0.017878
2014-10-21, 0.017796
2014-10-22, 0.017775
2014-10-23, 0.017747
2014-10-24, 0.017685
2014-10-27, 0.017647
2014-10-28, 0.017648
2014-10-30, 0.017654
2014-10-31, 0.017429
2014-11-03, 0.017326
2014-11-04, 0.017449
2014-11-05, 0.017439
2014-11-06, 0.017518
2014-11-07, 0.017558
2014-11-10, 0.017712
2014-11-11, 0.017617
2014-11-12, 0.017676
2014-11-13, 0.017666
2014-11-14, 0.017569
2014-11-17, 0.017457
2014-11-18, 0.017490
2014-11-19, 0.017423
2014-11-20, 0.017496
2014-11-21, 0.017498
2014-11-24, 0.017396
2014-11-25, 0.017408
2014-11-26, 0.017444
2014-11-27, 0.017429
2014-11-28, 0.017397
2014-12-01, 0.017351
2014-12-02, 0.017445
2014-12-03, 0.017400
2014-12-04, 0.017440
2014-12-05, 0.017441
2014-12-08, 0.017467
2014-12-09, 0.017648
2014-12-10, 0.017626
2014-12-11, 0.017661
2014-12-12, 0.017713
2014-12-15, 0.017834
2014-12-16, 0.018157
2014-12-17, 0.018547
2014-12-18, 0.018525
2014-12-19, 0.018092
2014-12-22, 0.018044
2014-12-23, 0.018007
2014-12-24, 0.017982
2014-12-25, 0.017970
2014-12-26, 0.017951
2014-12-29, 0.017925
2014-12-30, 0.017970
2014-12-31, 0.017959
2015-01-02, 0.017996
2015-01-05, 0.018073
2015-01-06, 0.018015
2015-01-07, 0.017926
2015-01-08, 0.017906
2015-01-09, 0.017732
2015-01-12, 0.017682
2015-01-13, 0.017626
2015-01-14, 0.017556
2015-01-15, 0.017644
2015-01-16, 0.017547
2015-01-19, 0.017733
2015-01-20, 0.017904
2015-01-21, 0.017886
2015-01-22, 0.017900
2015-01-23, 0.017948
2015-01-26, 0.017624
2015-01-27, 0.017836
2015-01-28, 0.017822
2015-01-29, 0.017903
2015-01-30, 0.018197
2015-02-02, 0.018294
2015-02-03, 0.018412
2015-02-04, 0.018343
2015-02-05, 0.018341
2015-02-06, 0.018572
2015-02-09, 0.018508
2015-02-10, 0.018733
2015-02-11, 0.018665
2015-02-12, 0.018741
2015-02-13, 0.018738
2015-02-16, 0.018660
2015-02-17, 0.018553
2015-02-18, 0.018507
2015-02-19, 0.018540
2015-02-20, 0.018462
2015-02-23, 0.018459
2015-02-24, 0.018615
2015-02-25, 0.018641
2015-02-26, 0.018600
2015-02-27, 0.018729
2015-03-02, 0.018796
2015-03-03, 0.018824
2015-03-04, 0.018791
2015-03-05, 0.018893
2015-03-06, 0.019096
2015-03-09, 0.019160
2015-03-10, 0.019050
2015-03-11, 0.019133
2015-03-12, 0.019001
2015-03-13, 0.018818
2015-03-16, 0.018940
2015-03-17, 0.018945
2015-03-18, 0.018974
2015-03-19, 0.018996
2015-03-20, 0.018983
2015-03-23, 0.018973
2015-03-24, 0.018963
2015-03-25, 0.018938
2015-03-26, 0.018985
2015-03-27, 0.019266
2015-03-30, 0.019198
2015-03-31, 0.019213
2015-04-01, 0.019162
2015-04-02, 0.019104
2015-04-03, 0.019147
2015-04-06, 0.019150
2015-04-07, 0.019109
2015-04-08, 0.019084
2015-04-09, 0.019129
2015-04-10, 0.019089
2015-04-13, 0.019136
2015-04-14, 0.019237
2015-04-15, 0.019422
2015-04-16, 0.019627
2015-04-17, 0.019705
2015-04-20, 0.019718
2015-04-21, 0.019741
2015-04-22, 0.019727
2015-04-24, 0.019709
2015-04-27, 0.019984
2015-04-28, 0.020009
2015-04-29, 0.019746
2015-04-30, 0.019708
2015-05-04, 0.019764
2015-05-05, 0.020046
2015-05-06, 0.019986
2015-05-07, 0.020051
2015-05-08, 0.020071
2015-05-11, 0.019895
2015-05-12, 0.019949
2015-05-13, 0.019899
2015-05-14, 0.019660
2015-05-15, 0.019447
2015-05-18, 0.019337
2015-05-20, 0.019345
2015-05-21, 0.019212
2015-05-22, 0.019030
2015-05-25, 0.019233
2015-05-26, 0.019170
2015-05-27, 0.019245
2015-05-28, 0.019384
2015-05-29, 0.019479
2015-06-01, 0.019550
2015-06-02, 0.019649
2015-06-03, 0.019675
2015-06-04, 0.019753
2015-06-05, 0.019887
2015-06-08, 0.019678
2015-06-09, 0.020237
2015-06-10, 0.020216
2015-06-11, 0.020120
2015-06-12, 0.020085
2015-06-15, 0.019919
2015-06-16, 0.020065
2015-06-17, 0.020181
2015-06-18, 0.020162
2015-06-19, 0.020127
2015-06-22, 0.020075
2015-06-23, 0.019913
2015-06-24, 0.019700
2015-06-25, 0.019705
2015-06-26, 0.019629
2015-06-29, 0.019583
2015-06-30, 0.019659
2015-07-01, 0.019785
2015-07-02, 0.019681
2015-07-03, 0.019625
2015-07-06, 0.019595
2015-07-07, 0.019725
2015-07-08, 0.019643
2015-07-09, 0.019777
2015-07-10, 0.019721
2015-07-13, 0.019636
2015-07-14, 0.019479
2015-07-15, 0.019288
2015-07-16, 0.019327
2015-07-20, 0.019364
2015-07-21, 0.019472
2015-07-22, 0.019538
2015-07-23, 0.019743
2015-07-24, 0.019888
2015-07-27, 0.020000
2015-07-28, 0.020246
2015-07-29, 0.020246
2015-07-30, 0.020287
2015-07-31, 0.020268
2015-08-03, 0.020350
2015-08-04, 0.020333
2015-08-05, 0.020322
2015-08-06, 0.020298
2015-08-07, 0.020271
2015-08-10, 0.020298
2015-08-11, 0.020397
2015-08-12, 0.020309
2015-08-13, 0.020503
2015-08-14, 0.020538
2015-08-17, 0.020823
2015-08-18, 0.020883
2015-08-19, 0.021042
2015-08-20, 0.021185
2015-08-21, 0.021718
2015-08-24, 0.021523
2015-08-25, 0.021939
2015-08-26, 0.021851
2015-08-27, 0.021775
2015-08-28, 0.021447
2015-08-31, 0.021446
2015-09-01, 0.021402
2015-09-02, 0.021398
2015-09-03, 0.021583
2015-09-04, 0.021647
2015-09-07, 0.021740
2015-09-08, 0.022094
2015-09-09, 0.022019
2015-09-10, 0.021912
2015-09-11, 0.022177
2015-09-14, 0.022203
2015-09-15, 0.022456
2015-09-16, 0.022323
2015-09-17, 0.021983
2015-09-18, 0.022056
2015-09-21, 0.022095
2015-09-22, 0.022038
2015-09-23, 0.021965
2015-09-28, 0.022022
2015-09-29, 0.022255
2015-09-30, 0.022332
2015-10-01, 0.022213
2015-10-02, 0.022109
2015-10-05, 0.022175
2015-10-06, 0.022079
2015-10-07, 0.021989
2015-10-08, 0.021690
2015-10-09, 0.021686
2015-10-12, 0.021449
2015-10-13, 0.021662
2015-10-14, 0.021804
2015-10-15, 0.021835
2015-10-16, 0.021547
2015-10-19, 0.021494
2015-10-20, 0.021440
2015-10-21, 0.021506
2015-10-22, 0.021501
2015-10-23, 0.021420
2015-10-26, 0.021119
2015-10-27, 0.021181
2015-10-28, 0.021237
2015-10-30, 0.021271
2015-11-02, 0.021251
2015-11-03, 0.020538
2015-11-04, 0.020654
2015-11-05, 0.020626
2015-11-06, 0.020759
2015-11-09, 0.020790
2015-11-10, 0.020927
2015-11-11, 0.020848
2015-11-12, 0.020755
2015-11-13, 0.020651
2015-11-16, 0.020548
2015-11-17, 0.020710
2015-11-18, 0.020619
2015-11-19, 0.020587
2015-11-20, 0.020503
2015-11-23, 0.020393
2015-11-24, 0.020420
2015-11-25, 0.020605
2015-11-26, 0.020670
2015-11-27, 0.020808
2015-11-30, 0.020918
2015-12-01, 0.020859
2015-12-02, 0.020750
2015-12-03, 0.020698
2015-12-04, 0.020687
2015-12-07, 0.020864
2015-12-08, 0.020804
2015-12-09, 0.021035
2015-12-10, 0.021094
2015-12-11, 0.021130
2015-12-14, 0.021343
2015-12-15, 0.021549
2015-12-16, 0.021563
2015-12-17, 0.021393
2015-12-18, 0.021095
2015-12-21, 0.021082
2015-12-22, 0.021032
2015-12-23, 0.021204
2015-12-24, 0.021174
2015-12-25, 0.021131
2015-12-28, 0.021095
2015-12-29, 0.021136
2015-12-30, 0.021110
2015-12-31, 0.020964
2016-01-05, 0.021237
2016-01-06, 0.021358
2016-01-07, 0.021524
2016-01-08, 0.021734
2016-01-11, 0.021597
2016-01-12, 0.021835
2016-01-13, 0.021862
2016-01-14, 0.021744
2016-01-15, 0.021915
2016-01-18, 0.021972
2016-01-19, 0.022005
2016-01-20, 0.021917
2016-01-21, 0.022101
2016-01-22, 0.022064
2016-01-25, 0.021849
2016-01-26, 0.021802
2016-01-27, 0.021911
2016-01-28, 0.021815
2016-01-29, 0.021731
2016-02-01, 0.021642
2016-02-02, 0.021699
2016-02-03, 0.021622
2016-02-04, 0.021656
2016-02-05, 0.021593
2016-02-08, 0.021642
2016-02-09, 0.021755
2016-02-10, 0.021978
2016-02-11, 0.021883
2016-02-12, 0.021970
2016-02-15, 0.021896
2016-02-16, 0.021939
2016-02-17, 0.021939
2016-02-18, 0.022020
2016-02-19, 0.021953
2016-02-22, 0.022019
2016-02-23, 0.021842
2016-02-24, 0.021742
2016-02-25, 0.021750
2016-02-26, 0.021720
2016-02-29, 0.021752
2016-03-01, 0.021824
2016-03-02, 0.021711
2016-03-03, 0.021592
2016-03-04, 0.021487
2016-03-07, 0.021533
2016-03-08, 0.021518
2016-03-09, 0.021572
2016-03-10, 0.021495
2016-03-11, 0.021309
2016-03-14, 0.021307
2016-03-15, 0.021351
2016-03-16, 0.021369
2016-03-17, 0.021501
2016-03-18, 0.021370
2016-03-21, 0.021376
2016-03-22, 0.021483
2016-03-23, 0.021439
2016-03-24, 0.021380
2016-03-25, 0.021467
2016-03-28, 0.021393
2016-03-29, 0.021412
2016-03-30, 0.021420
2016-03-31, 0.021348
2016-04-01, 0.021323
2016-04-04, 0.021349
2016-04-05, 0.021314
2016-04-06, 0.021381
2016-04-07, 0.021492
2016-04-08, 0.021524
2016-04-11, 0.021649
2016-04-12, 0.021494
2016-04-13, 0.021467
2016-04-14, 0.021492
2016-04-15, 0.021520
2016-04-18, 0.021466
2016-04-19, 0.021507
2016-04-20, 0.021384
2016-04-21, 0.021364
2016-04-22, 0.021237
2016-04-25, 0.021235
2016-04-26, 0.021322
2016-04-27, 0.021249
2016-04-28, 0.021141
2016-04-29, 0.021202
2016-05-02, 0.021169
2016-05-03, 0.021172
2016-05-04, 0.021330
2016-05-05, 0.021681
2016-05-06, 0.022072
2016-05-09, 0.022085
2016-05-10, 0.022067
2016-05-11, 0.022180
2016-05-12, 0.022354
2016-05-13, 0.022282
2016-05-16, 0.022217
2016-05-17, 0.022364
2016-05-18, 0.022289
2016-05-20, 0.022317
2016-05-23, 0.022202
2016-05-24, 0.022243
2016-05-25, 0.022207
2016-05-26, 0.021896
2016-05-27, 0.021873
2016-05-30, 0.021944
2016-05-31, 0.021993
2016-06-01, 0.021963
2016-06-02, 0.021973
2016-06-03, 0.021947
2016-06-06, 0.021971
2016-06-07, 0.021967
2016-06-08, 0.021893
2016-06-09, 0.021862
2016-06-10, 0.021890
2016-06-13, 0.021958
2016-06-14, 0.022046
2016-06-15, 0.022094
2016-06-16, 0.022071
2016-06-17, 0.022135
2016-06-20, 0.022152
2016-06-21, 0.021977
2016-06-22, 0.021906
2016-06-23, 0.021915
2016-06-24, 0.021821
2016-06-27, 0.021851
2016-06-28, 0.022023
2016-06-29, 0.021977
2016-06-30, 0.021837
2016-07-01, 0.021702
2016-07-04, 0.021703
2016-07-08, 0.021802
2016-07-11, 0.022078
2016-07-12, 0.021904
2016-07-13, 0.021842
2016-07-14, 0.021792
2016-07-15, 0.021842
2016-07-18, 0.021763
2016-07-19, 0.022108
2016-07-20, 0.022309
2016-07-21, 0.022632
2016-07-22, 0.022938
2016-07-25, 0.022850
2016-07-26, 0.022625
2016-07-27, 0.022667
2016-07-28, 0.022675
2016-07-29, 0.022671
2016-08-01, 0.022649
2016-08-02, 0.022522
2016-08-03, 0.022605
2016-08-04, 0.022674
2016-08-05, 0.022714
2016-08-08, 0.022621
2016-08-09, 0.022396
2016-08-10, 0.022345
2016-08-11, 0.022284
2016-08-12, 0.022357
2016-08-15, 0.022208
2016-08-16, 0.022282
2016-08-17, 0.022180
2016-08-18, 0.022183
2016-08-19, 0.022171
2016-08-22, 0.022285
2016-08-23, 0.022274
2016-08-24, 0.022288
2016-08-25, 0.022362
2016-08-26, 0.022255
2016-08-29, 0.022206
2016-08-31, 0.022212
2016-09-01, 0.022217
2016-09-02, 0.022219
2016-09-05, 0.022278
2016-09-06, 0.022145
2016-09-07, 0.022105
2016-09-08, 0.022163
2016-09-09, 0.022238
2016-09-16, 0.022313
2016-09-19, 0.022324
2016-09-20, 0.022310
2016-09-21, 0.022325
2016-09-22, 0.022302
2016-09-23, 0.022192
2016-09-26, 0.022216
2016-09-27, 0.022512
2016-09-28, 0.022446
2016-09-29, 0.022475
2016-09-30, 0.022614
2016-10-03, 0.022615
2016-10-04, 0.022656
2016-10-05, 0.022758
2016-10-06, 0.022937
2016-10-07, 0.022852
2016-10-10, 0.022769
2016-10-11, 0.022870
2016-10-12, 0.022951
2016-10-13, 0.022873
2016-10-14, 0.022958
2016-10-17, 0.022913
2016-10-18, 0.022918
2016-10-19, 0.022943
2016-10-20, 0.022844
2016-10-21, 0.022756
2016-10-24, 0.022719
2016-10-25, 0.022714
2016-10-26, 0.022722
2016-10-27, 0.022755
2016-10-28, 0.022868
2016-10-31, 0.022812
2016-11-01, 0.022875
2016-11-02, 0.022891
2016-11-03, 0.023069
2016-11-04, 0.023122
2016-11-07, 0.023263
2016-11-08, 0.023383
2016-11-09, 0.023473
2016-11-10, 0.023589
2016-11-11, 0.023409
2016-11-14, 0.023673
2016-11-15, 0.023619
2016-11-16, 0.023557
2016-11-17, 0.023724
2016-11-18, 0.023767
2016-11-21, 0.024104
2016-11-22, 0.024034
2016-11-23, 0.023944
2016-11-24, 0.024118
2016-11-25, 0.024147
2016-11-28, 0.024421
2016-11-29, 0.024330
2016-11-30, 0.024353
2016-12-01, 0.024380
2016-12-02, 0.024497
2016-12-05, 0.024846
2016-12-06, 0.025063
2016-12-07, 0.025012
2016-12-08, 0.024448
2016-12-09, 0.024133
2016-12-12, 0.024491
2016-12-13, 0.024845
2016-12-14, 0.024591
2016-12-15, 0.024651
2016-12-16, 0.024679
2016-12-19, 0.024470
2016-12-20, 0.024490
2016-12-21, 0.024580
2016-12-22, 0.024562
2016-12-23, 0.024599
2016-12-26, 0.024599
2016-12-27, 0.024600
2016-12-28, 0.024651
2016-12-29, 0.024770
2016-12-30, 0.024814
2017-01-02, 0.024846
2017-01-03, 0.024909
2017-01-04, 0.025103
2017-01-05, 0.025090
2017-01-06, 0.025293
2017-01-09, 0.025555
2017-01-10, 0.025995
2017-01-11, 0.026480
2017-01-12, 0.026978
2017-01-13, 0.027046
2017-01-16, 0.026784
2017-01-17, 0.026481
2017-01-18, 0.026700
2017-01-19, 0.026733
2017-01-20, 0.026726
2017-01-23, 0.026835
2017-01-24, 0.026591
2017-01-25, 0.026569
2017-01-26, 0.026822
2017-01-27, 0.026955
2017-01-30, 0.027183
2017-01-31, 0.026935
2017-02-01, 0.026670
2017-02-02, 0.026703
2017-02-03, 0.026442
2017-02-06, 0.026452
2017-02-07, 0.026055
2017-02-08, 0.026251
2017-02-09, 0.026445
2017-02-10, 0.026292
2017-02-13, 0.026000
2017-02-14, 0.026064
2017-02-15, 0.025780
2017-02-16, 0.025665
2017-02-17, 0.025858
2017-02-20, 0.025905
2017-02-21, 0.025622
2017-02-22, 0.025550
2017-02-23, 0.025443
2017-02-24, 0.025280
2017-02-27, 0.025325
2017-02-28, 0.025501
2017-03-01, 0.025591
2017-03-02, 0.025660
2017-03-03, 0.025886
2017-03-06, 0.026107
2017-03-07, 0.026101
2017-03-08, 0.025917
2017-03-09, 0.026008
2017-03-10, 0.026266
2017-03-13, 0.026240
2017-03-14, 0.026270
2017-03-15, 0.026245
2017-03-16, 0.026147
2017-03-17, 0.025966
2017-03-20, 0.025549
2017-03-21, 0.025700
2017-03-22, 0.025658
2017-03-23, 0.025771
2017-03-24, 0.025716
2017-03-27, 0.025733
2017-03-28, 0.025656
2017-03-29, 0.025828
2017-03-30, 0.025871
2017-03-31, 0.025860
2017-04-03, 0.025762
2017-04-04, 0.025774
2017-04-05, 0.025861
2017-04-06, 0.026083
2017-04-07, 0.026282
2017-04-10, 0.026333
2017-04-11, 0.026290
2017-04-12, 0.026266
2017-04-13, 0.026081
2017-04-14, 0.026015
2017-04-17, 0.026173
2017-04-18, 0.026041
2017-04-19, 0.026222
2017-04-20, 0.026206
2017-04-21, 0.026042
2017-04-24, 0.025975
2017-04-25, 0.025810
2017-04-26, 0.025724
2017-04-27, 0.025707
2017-04-28, 0.025555
2017-05-02, 0.025542
2017-05-03, 0.025419
2017-05-04, 0.025421
2017-05-05, 0.025475
2017-05-08, 0.025586
2017-05-09, 0.025491
2017-05-10, 0.025718
2017-05-11, 0.025712
2017-05-12, 0.025544
2017-05-15, 0.025627
2017-05-16, 0.025554
2017-05-17, 0.025562
2017-05-18, 0.025692
2017-05-22, 0.026168
2017-05-23, 0.025896
2017-05-24, 0.025955
2017-05-25, 0.025878
2017-05-26, 0.025882
2017-05-29, 0.025940
2017-05-30, 0.025985
2017-05-31, 0.025885
2017-06-01, 0.025745
2017-06-02, 0.025773
2017-06-05, 0.025730
2017-06-06, 0.025657
2017-06-07, 0.025812
2017-06-08, 0.025750
2017-06-09, 0.025881
2017-06-12, 0.025682
2017-06-13, 0.025690
2017-06-14, 0.025658
2017-06-15, 0.025631
2017-06-16, 0.025582
2017-06-19, 0.025613
2017-06-20, 0.025569
2017-06-21, 0.025650
2017-06-22, 0.025741
2017-06-23, 0.025648
2017-06-28, 0.025527
2017-06-29, 0.025775
2017-06-30, 0.025704
2017-07-03, 0.025724
2017-07-04, 0.025775
2017-07-05, 0.025851
2017-07-06, 0.026046
2017-07-07, 0.026335
2017-07-10, 0.026390
2017-07-11, 0.026190
2017-07-12, 0.026402
2017-07-13, 0.026260
2017-07-14, 0.026029
2017-07-17, 0.025989
2017-07-18, 0.025878
2017-07-19, 0.025894
2017-07-20, 0.025913
2017-07-21, 0.025929
2017-07-24, 0.026038
2017-07-25, 0.026166
2017-07-26, 0.026250
2017-07-27, 0.026167
2017-07-28, 0.026056
2017-07-31, 0.026071
2017-08-01, 0.026048
2017-08-02, 0.026086
2017-08-03, 0.026219
2017-08-04, 0.026278
2017-08-07, 0.026275
2017-08-08, 0.026193
2017-08-09, 0.026195
2017-08-10, 0.026195
2017-08-11, 0.026198
2017-08-14, 0.026302
2017-08-15, 0.026255
2017-08-16, 0.026197
2017-08-17, 0.026143
2017-08-18, 0.026095
2017-08-21, 0.026150
2017-08-22, 0.026105
2017-08-23, 0.026051
2017-08-24, 0.026025
2017-08-25, 0.025951
2017-08-28, 0.025948
2017-08-29, 0.025838
2017-08-31, 0.025910
2017-09-05, 0.025920
2017-09-06, 0.025793
2017-09-07, 0.025889
2017-09-08, 0.025756
2017-09-11, 0.025779
2017-09-12, 0.025671
2017-09-13, 0.025794
2017-09-14, 0.025821
2017-09-15, 0.025879
2017-09-18, 0.025753
2017-09-19, 0.025887
2017-09-20, 0.026125
2017-09-21, 0.026040
2017-09-22, 0.026164
2017-09-25, 0.026050
2017-09-26, 0.026196
2017-09-27, 0.026263
2017-09-28, 0.026392
2017-09-29, 0.026439
2017-10-02, 0.026424
2017-10-03, 0.026542
2017-10-04, 0.026553
2017-10-05, 0.026514
2017-10-06, 0.026527
2017-10-09, 0.026658
2017-10-10, 0.027158
2017-10-11, 0.027044
2017-10-12, 0.027070
2017-10-13, 0.026939
2017-10-16, 0.026985
2017-10-17, 0.026941
2017-10-18, 0.026979
2017-10-19, 0.027092
2017-10-20, 0.027053
2017-10-23, 0.027022
2017-10-24, 0.027160
2017-10-25, 0.027185
2017-10-26, 0.027231
2017-10-27, 0.027374
2017-10-30, 0.027568
2017-10-31, 0.027450
2017-11-01, 0.027519
2017-11-02, 0.027626
2017-11-03, 0.027608
2017-11-06, 0.027636
2017-11-07, 0.027779
2017-11-09, 0.027793
2017-11-10, 0.027669
2017-11-13, 0.027686
2017-11-14, 0.027696
2017-11-15, 0.027752
2017-11-17, 0.027859
2017-11-20, 0.027898
2017-11-21, 0.027845
2017-11-22, 0.028134
2017-11-23, 0.028209
2017-11-24, 0.028090
2017-11-27, 0.028250
2017-11-28, 0.028303
2017-11-29, 0.028244
2017-11-30, 0.028330
2017-12-01, 0.028340
2017-12-04, 0.028309
2017-12-05, 0.028298
2017-12-06, 0.028078
2017-12-07, 0.028043
2017-12-08, 0.028079
2017-12-11, 0.028019
2017-12-12, 0.027910
2017-12-13, 0.027941
2017-12-14, 0.027996
2017-12-15, 0.027980
2017-12-18, 0.028139
2017-12-19, 0.028124
2017-12-20, 0.028054
2017-12-21, 0.028006
2017-12-22, 0.027921
2017-12-25, 0.027875
2017-12-26, 0.027863
2017-12-27, 0.027837
2017-12-28, 0.027943
2017-12-29, 0.027923
2018-01-02, 0.027755
2018-01-03, 0.027769
2018-01-04, 0.027764
2018-01-05, 0.027778
2018-01-08, 0.027723
2018-01-09, 0.027703
2018-01-10, 0.027721
2018-01-11, 0.027816
2018-01-12, 0.027869
2018-01-15, 0.027733
2018-01-16, 0.027711
2018-01-17, 0.027995
2018-01-18, 0.027975
2018-01-19, 0.027836
2018-01-22, 0.027696
2018-01-23, 0.027834
2018-01-24, 0.027731
2018-01-25, 0.027573
2018-01-26, 0.027511
2018-01-29, 0.027517
2018-01-30, 0.027630
2018-01-31, 0.027649
2018-02-01, 0.027521
2018-02-02, 0.027538
2018-02-05, 0.027440
2018-02-06, 0.027431
2018-02-07, 0.027556
2018-02-08, 0.027564
2018-02-09, 0.027655
2018-02-12, 0.027626
2018-02-13, 0.027601
2018-02-14, 0.027531
2018-02-15, 0.027500
2018-02-16, 0.027279
2018-02-19, 0.027260
2018-02-20, 0.027305
2018-02-21, 0.027378
2018-02-22, 0.027449
2018-02-23, 0.027467
2018-02-26, 0.027414
2018-02-27, 0.027433
2018-02-28, 0.027479
2018-03-01, 0.027516
2018-03-02, 0.027585
2018-03-05, 0.027606
2018-03-06, 0.027636
2018-03-07, 0.027546
2018-03-08, 0.027523
2018-03-09, 0.027561
2018-03-12, 0.027629
2018-03-13, 0.027603
2018-03-14, 0.027810
2018-03-15, 0.027856
2018-03-16, 0.028021
2018-03-19, 0.028100
2018-03-20, 0.028240
2018-03-21, 0.028227
2018-03-22, 0.028165
2018-03-23, 0.028079
2018-03-26, 0.028396
2018-03-27, 0.028474
2018-03-28, 0.028464
2018-03-29, 0.028600
2018-03-30, 0.028647
2018-04-02, 0.028427
2018-04-03, 0.028483
2018-04-04, 0.028605
2018-04-05, 0.028725
2018-04-06, 0.028820
2018-04-09, 0.028965
2018-04-10, 0.028999
2018-04-11, 0.029051
2018-04-12, 0.029421
2018-04-13, 0.029367
2018-04-16, 0.029109
2018-04-17, 0.029165
2018-04-18, 0.029173
2018-04-19, 0.029194
2018-04-20, 0.028833
