2004-01-20, 0.000000
2004-01-21, 0.000000
2004-01-22, 10008.000000
2004-01-23, 9965.000000
2004-01-26, 9948.000000
2004-01-27, 9924.000000
2004-01-28, 9794.000000
2004-01-29, 9622.000000
2004-01-30, 9316.000000
2004-02-05, 9215.000000
2004-02-06, 9223.000000
2004-02-09, 9115.000000
2004-02-10, 9286.000000
2004-02-11, 9483.000000
2004-02-12, 9543.000000
2004-02-13, 9986.000000
2004-02-16, 10109.000000
2004-02-17, 10311.000000
2004-02-18, 10136.000000
2004-02-19, 10135.000000
2004-02-20, 9980.000000
2004-02-23, 9793.000000
2004-02-24, 9741.000000
2004-02-25, 9783.000000
2004-02-26, 9835.000000
2004-02-27, 9913.000000
2004-03-01, 9883.000000
2004-03-02, 9872.000000
2004-03-03, 10046.000000
2004-03-04, 10042.000000
2004-03-05, 9951.000000
2004-03-08, 9988.000000
2004-03-09, 10118.000000
2004-03-10, 10171.000000
2004-03-11, 10168.000000
2004-03-12, 10022.000000
2004-03-15, 10033.000000
2004-03-16, 10035.000000
2004-03-17, 9977.000000
2004-03-18, 9934.000000
2004-03-19, 10038.000000
2004-03-22, 10188.000000
2004-03-23, 10305.000000
2004-03-24, 10281.000000
2004-03-25, 10277.000000
2004-03-26, 10271.000000
2004-03-29, 10439.000000
2004-03-30, 10576.000000
2004-03-31, 9935.000000
2004-04-01, 9881.000000
2004-04-02, 9940.000000
2004-04-05, 10073.000000
2004-04-06, 10026.000000
2004-04-07, 9971.000000
2004-04-08, 9902.000000
2004-04-09, 9555.000000
2004-04-12, 9592.000000
2004-04-13, 9426.000000
2004-04-14, 9338.000000
2004-04-15, 9324.000000
2004-04-16, 9086.000000
2004-04-19, 9337.000000
2004-04-20, 9670.000000
2004-04-21, 9627.000000
2004-04-22, 9479.000000
2004-04-26, 9532.000000
2004-04-27, 9208.000000
2004-04-28, 8855.000000
2004-04-29, 8899.000000
2004-04-30, 8673.000000
2004-05-03, 8803.000000
2004-05-04, 8686.000000
2004-05-05, 8813.000000
2004-05-06, 8878.000000
2004-05-07, 8754.000000
2004-05-10, 8477.000000
2004-05-11, 8328.000000
2004-05-12, 8457.000000
2004-05-13, 8502.000000
2004-05-14, 8308.000000
2004-05-17, 8142.000000
2004-05-18, 7936.000000
2004-05-20, 7983.000000
2004-05-21, 8067.000000
2004-05-24, 8201.000000
2004-05-25, 8424.000000
2004-05-26, 8390.000000
2004-05-27, 8527.000000
2004-05-28, 8452.000000
2004-05-31, 8606.000000
2004-06-01, 8457.000000
2004-06-02, 8388.000000
2004-06-03, 8362.000000
2004-06-04, 8419.000000
2004-06-07, 8654.000000
2004-06-08, 8873.000000
2004-06-09, 8782.000000
2004-06-10, 8715.000000
2004-06-11, 8760.000000
2004-06-14, 8729.000000
2004-06-15, 8496.000000
2004-06-16, 8447.000000
2004-06-17, 8481.000000
2004-06-18, 8346.000000
2004-06-21, 8351.000000
2004-06-22, 8330.000000
2004-06-23, 8310.000000
2004-06-24, 8290.000000
2004-06-25, 8298.000000
2004-06-28, 8508.000000
2004-06-29, 8673.000000
2004-06-30, 8712.000000
2004-07-01, 8810.000000
2004-07-02, 8949.000000
2004-07-05, 9031.000000
2004-07-06, 9140.000000
2004-07-07, 9046.000000
2004-07-08, 8961.000000
2004-07-09, 8933.000000
2004-07-12, 8943.000000
2004-07-13, 9007.000000
2004-07-14, 9115.000000
2004-07-15, 9114.000000
2004-07-16, 9219.000000
2004-07-19, 9331.000000
2004-07-20, 9282.000000
2004-07-21, 9291.000000
2004-07-22, 9219.000000
2004-07-23, 9174.000000
2004-07-26, 9247.000000
2004-07-27, 9172.000000
2004-07-28, 9130.000000
2004-07-29, 9304.000000
2004-07-30, 9378.000000
2004-08-02, 9495.000000
2004-08-03, 9636.000000
2004-08-04, 9550.000000
2004-08-05, 9406.000000
2004-08-06, 9488.000000
2004-08-09, 9407.000000
2004-08-10, 9520.000000
2004-08-11, 9553.000000
2004-08-12, 9392.000000
2004-08-13, 9295.000000
2004-08-16, 9293.000000
2004-08-17, 9299.000000
2004-08-18, 9458.000000
2004-08-19, 9538.000000
2004-08-20, 9418.000000
2004-08-23, 9443.000000
2004-08-24, 9489.000000
2004-08-25, 9611.000000
2004-08-26, 9596.000000
2004-08-27, 9557.000000
2004-08-31, 9680.000000
2004-09-01, 9831.000000
2004-09-02, 10001.000000
2004-09-03, 10000.000000
2004-09-06, 10073.000000
2004-09-07, 10078.000000
2004-09-08, 10214.000000
2004-09-09, 10378.000000
2004-09-10, 10363.000000
2004-09-13, 10231.000000
2004-09-14, 10148.000000
2004-09-15, 10384.000000
2004-09-16, 10440.000000
2004-09-17, 10371.000000
2004-09-20, 10207.000000
2004-09-21, 9894.000000
2004-09-22, 10154.000000
2004-09-23, 10267.000000
2004-09-24, 10581.000000
2004-09-27, 10689.000000
2004-09-28, 10557.000000
2004-09-29, 10615.000000
2004-09-30, 10629.000000
2004-10-01, 10484.000000
2004-10-04, 10362.000000
2004-10-05, 10461.000000
2004-10-06, 10316.000000
2004-10-07, 10507.000000
2004-10-08, 10659.000000
2004-10-11, 10815.000000
2004-10-12, 10849.000000
2004-10-13, 10661.000000
2004-10-14, 10774.000000
2004-10-15, 10629.000000
2004-10-18, 10711.000000
2004-10-19, 10650.000000
2004-10-20, 10736.000000
2004-10-21, 10609.000000
2004-10-22, 10623.000000
2004-10-25, 10596.000000
2004-10-26, 10446.000000
2004-10-27, 10486.000000
2004-10-28, 10653.000000
2004-11-01, 10756.000000
2004-11-02, 10847.000000
2004-11-03, 10914.000000
2004-11-04, 11070.000000
2004-11-05, 10923.000000
2004-11-08, 10845.000000
2004-11-09, 10646.000000
2004-11-10, 10602.000000
2004-11-11, 10602.000000
2004-11-12, 10368.000000
2004-11-17, 10378.000000
2004-11-18, 10428.000000
2004-11-19, 10659.000000
2004-11-22, 10685.000000
2004-11-23, 10589.000000
2004-11-24, 10758.000000
2004-11-25, 10821.000000
2004-11-26, 10755.000000
2004-11-29, 10656.000000
2004-11-30, 10440.000000
2004-12-01, 10297.000000
2004-12-02, 10414.000000
2004-12-03, 10560.000000
2004-12-06, 10562.000000
2004-12-07, 10559.000000
2004-12-08, 10551.000000
2004-12-09, 10420.000000
2004-12-10, 10371.000000
2004-12-13, 10527.000000
2004-12-14, 10740.000000
2004-12-15, 10844.000000
2004-12-16, 10782.000000
2004-12-17, 10906.000000
2004-12-20, 11012.000000
2004-12-21, 11202.000000
2004-12-22, 11023.000000
2004-12-23, 11105.000000
2004-12-24, 11157.000000
2004-12-27, 11166.000000
2004-12-28, 11149.000000
2004-12-29, 11265.000000
2004-12-30, 11296.000000
2004-12-31, 11296.000000
2005-01-03, 11298.000000
2005-01-04, 0.011434
2005-01-05, 0.011395
2005-01-06, 0.011074
2005-01-07, 0.011124
2005-01-10, 0.011359
2005-01-11, 0.011595
2005-01-12, 0.011740
2005-01-13, 0.011874
2005-01-14, 0.011973
2005-01-17, 0.011963
2005-01-18, 0.012072
2005-01-19, 0.012066
2005-01-24, 0.012017
2005-01-25, 0.011920
2005-01-26, 0.011995
2005-01-27, 0.012118
2005-01-28, 0.012297
2005-01-31, 0.012281
2005-02-01, 0.012291
2005-02-02, 0.012482
2005-02-03, 0.012546
2005-02-04, 0.012459
2005-02-07, 0.012425
2005-02-08, 0.012607
2005-02-09, 0.012613
2005-02-10, 0.012376
2005-02-11, 0.012306
2005-02-14, 0.012527
2005-02-15, 0.012553
2005-02-16, 0.012692
2005-02-17, 0.012473
2005-02-18, 0.012349
2005-02-21, 0.012302
2005-02-22, 0.012180
2005-02-23, 0.012150
2005-02-24, 0.012152
2005-02-25, 0.012350
2005-02-28, 0.012553
2005-03-01, 0.012705
2005-03-02, 0.012571
2005-03-03, 0.012451
2005-03-04, 0.012512
2005-03-07, 0.012473
2005-03-08, 0.012508
2005-03-09, 0.012498
2005-03-10, 0.012494
2005-03-11, 0.012535
2005-03-14, 0.012519
2005-03-15, 0.012300
2005-03-16, 0.012071
2005-03-17, 0.011734
2005-03-18, 0.011209
2005-03-21, 0.011513
2005-03-22, 0.011263
2005-03-23, 0.011369
2005-03-24, 0.011171
2005-03-25, 0.011376
2005-03-28, 0.011544
2005-03-29, 0.011431
2005-03-30, 0.011196
2005-03-31, 0.011292
2005-04-01, 0.011603
2005-04-04, 0.011816
2005-04-05, 0.011652
2005-04-06, 0.011679
2005-04-07, 0.011862
2005-04-08, 0.011746
2005-04-11, 0.011693
2005-04-12, 0.011526
2005-04-13, 0.011461
2005-04-14, 0.011357
2005-04-15, 0.011182
2005-04-18, 0.010847
2005-04-19, 0.010582
2005-04-20, 0.010877
2005-04-21, 0.011078
2005-04-22, 0.011025
2005-04-25, 0.011169
2005-04-26, 0.011214
2005-04-27, 0.011145
2005-04-28, 0.010987
2005-04-29, 0.010800
2005-05-02, 0.010793
2005-05-03, 0.010998
2005-05-04, 0.011041
2005-05-05, 0.011191
2005-05-06, 0.011389
2005-05-09, 0.011402
2005-05-10, 0.011293
2005-05-11, 0.011343
2005-05-12, 0.011239
2005-05-13, 0.011473
2005-05-16, 0.011473
2005-05-17, 0.011400
2005-05-18, 0.011367
2005-05-20, 0.011433
2005-05-23, 0.011559
2005-05-24, 0.011148
2005-05-25, 0.011063
2005-05-26, 0.011039
2005-05-27, 0.011060
2005-05-30, 0.011230
2005-05-31, 0.011456
2005-06-01, 0.011638
2005-06-02, 0.011600
2005-06-03, 0.011827
2005-06-06, 0.011879
2005-06-07, 0.011781
2005-06-08, 0.011662
2005-06-09, 0.011851
2005-06-10, 0.011756
2005-06-13, 0.011853
2005-06-14, 0.011817
2005-06-15, 0.011961
2005-06-16, 0.012043
2005-06-17, 0.012158
2005-06-20, 0.012163
2005-06-21, 0.012247
2005-06-22, 0.012299
2005-06-23, 0.012268
2005-06-24, 0.012366
2005-06-27, 0.012292
2005-06-28, 0.012206
2005-06-29, 0.012271
2005-06-30, 0.012368
2005-07-01, 0.012370
2005-07-04, 0.012562
2005-07-05, 0.012642
2005-07-06, 0.012553
2005-07-07, 0.012643
2005-07-08, 0.012524
2005-07-11, 0.012691
2005-07-12, 0.012717
2005-07-13, 0.012661
2005-07-14, 0.012808
2005-07-15, 0.012948
2005-07-18, 0.013080
2005-07-19, 0.012999
2005-07-20, 0.013051
2005-07-21, 0.013169
2005-07-22, 0.013230
2005-07-25, 0.013353
2005-07-26, 0.013334
2005-07-27, 0.013247
2005-07-28, 0.013292
2005-07-29, 0.013477
2005-08-01, 0.013564
2005-08-02, 0.013656
2005-08-03, 0.013579
2005-08-04, 0.013604
2005-08-05, 0.013674
2005-08-08, 0.013604
2005-08-09, 0.013580
2005-08-10, 0.013541
2005-08-11, 0.013488
2005-08-12, 0.013303
2005-08-15, 0.013064
2005-08-16, 0.012960
2005-08-17, 0.013090
2005-08-18, 0.012944
2005-08-19, 0.012974
2005-08-22, 0.013142
2005-08-23, 0.013306
2005-08-24, 0.013323
2005-08-25, 0.013360
2005-08-26, 0.013460
2005-08-29, 0.013553
2005-08-31, 0.013512
2005-09-01, 0.013804
2005-09-02, 0.014057
2005-09-05, 0.014174
2005-09-06, 0.014187
2005-09-07, 0.014161
2005-09-08, 0.014046
2005-09-09, 0.014109
2005-09-12, 0.014314
2005-09-13, 0.014475
2005-09-14, 0.014678
2005-09-15, 0.014443
2005-09-16, 0.014660
2005-09-19, 0.014846
2005-09-20, 0.014812
2005-09-21, 0.015039
2005-09-22, 0.015059
2005-09-23, 0.015032
2005-09-26, 0.014860
2005-09-27, 0.014929
2005-09-28, 0.014904
2005-09-29, 0.014747
2005-09-30, 0.015009
2005-10-03, 0.014932
2005-10-04, 0.015034
2005-10-05, 0.015871
2005-10-06, 0.015699
2005-10-07, 0.015221
2005-10-10, 0.015121
2005-10-11, 0.015173
2005-10-12, 0.015360
2005-10-13, 0.015204
2005-10-14, 0.014770
2005-10-17, 0.014517
2005-10-18, 0.014551
2005-10-19, 0.014725
2005-10-20, 0.014273
2005-10-21, 0.014403
2005-10-24, 0.014352
2005-10-25, 0.014486
2005-10-26, 0.014461
2005-10-27, 0.014444
2005-10-28, 0.014209
2005-10-31, 0.014209
2005-11-01, 0.014542
2005-11-02, 0.014824
2005-11-07, 0.015062
2005-11-08, 0.015251
2005-11-09, 0.015278
2005-11-10, 0.015320
2005-11-11, 0.015549
2005-11-14, 0.015423
2005-11-15, 0.015432
2005-11-16, 0.015500
2005-11-17, 0.015568
2005-11-18, 0.015727
2005-11-21, 0.015753
2005-11-22, 0.015875
2005-11-23, 0.015707
2005-11-24, 0.015956
2005-11-25, 0.016167
2005-11-28, 0.016319
2005-11-29, 0.016283
2005-11-30, 0.016437
2005-12-01, 0.016679
2005-12-02, 0.016717
2005-12-05, 0.017056
2005-12-06, 0.017131
2005-12-07, 0.017135
2005-12-08, 0.016959
2005-12-09, 0.016881
2005-12-12, 0.016750
2005-12-13, 0.016870
2005-12-14, 0.016775
2005-12-15, 0.016857
2005-12-16, 0.016704
2005-12-19, 0.016678
2005-12-20, 0.016777
2005-12-21, 0.016664
2005-12-22, 0.016831
2005-12-23, 0.016940
2005-12-26, 0.017114
2005-12-27, 0.017171
2005-12-28, 0.017185
2005-12-29, 0.017192
2005-12-30, 0.017409
2006-01-02, 0.017483
2006-01-03, 0.017433
2006-01-04, 0.017630
2006-01-05, 0.017877
2006-01-06, 0.017973
2006-01-09, 0.018196
2006-01-16, 0.018199
2006-01-17, 0.018563
2006-01-18, 0.018672
2006-01-19, 0.018144
2006-01-20, 0.018505
2006-01-23, 0.018922
2006-01-24, 0.018654
2006-01-25, 0.018916
2006-01-26, 0.019466
2006-01-27, 0.019689
2006-01-30, 0.019468
2006-01-31, 0.019416
2006-02-01, 0.019381
2006-02-02, 0.019758
2006-02-03, 0.019624
2006-02-06, 0.019416
2006-02-07, 0.019452
2006-02-08, 0.019644
2006-02-09, 0.019157
2006-02-10, 0.019430
2006-02-13, 0.019543
2006-02-14, 0.019433
2006-02-15, 0.019112
2006-02-16, 0.019260
2006-02-17, 0.019917
2006-02-20, 0.020336
2006-02-21, 0.020380
2006-02-22, 0.020602
2006-02-23, 0.020453
2006-02-24, 0.020665
2006-02-27, 0.020896
2006-02-28, 0.021236
2006-03-01, 0.021229
2006-03-02, 0.021214
2006-03-03, 0.021183
2006-03-06, 0.021000
2006-03-07, 0.020745
2006-03-08, 0.019830
2006-03-09, 0.019272
2006-03-10, 0.019625
2006-03-13, 0.019394
2006-03-14, 0.019965
2006-03-15, 0.019597
2006-03-16, 0.019714
2006-03-17, 0.019756
2006-03-20, 0.020075
2006-03-21, 0.020013
2006-03-22, 0.019930
2006-03-23, 0.019900
2006-03-24, 0.020037
2006-03-27, 0.019784
2006-03-28, 0.019410
2006-03-29, 0.019098
2006-03-30, 0.019133
2006-03-31, 0.019373
2006-04-03, 0.019382
2006-04-04, 0.019798
2006-04-05, 0.019898
2006-04-06, 0.020096
2006-04-07, 0.019896
2006-04-10, 0.020105
2006-04-11, 0.019716
2006-04-12, 0.019589
2006-04-13, 0.019519
2006-04-14, 0.019376
2006-04-17, 0.019351
2006-04-18, 0.019258
2006-04-19, 0.019490
2006-04-20, 0.019942
2006-04-21, 0.019886
2006-04-24, 0.020250
2006-04-25, 0.020443
2006-04-26, 0.020477
2006-04-27, 0.020319
2006-04-28, 0.019988
2006-05-01, 0.019931
2006-05-02, 0.019912
2006-05-03, 0.019966
2006-05-04, 0.020151
2006-05-05, 0.020070
2006-05-08, 0.020088
2006-05-09, 0.020194
2006-05-10, 0.020114
2006-05-11, 0.019772
2006-05-12, 0.019729
2006-05-15, 0.019458
2006-05-16, 0.018786
2006-05-17, 0.018898
2006-05-18, 0.019114
2006-05-22, 0.018384
2006-05-23, 0.017312
2006-05-24, 0.017171
2006-05-25, 0.016950
2006-05-26, 0.017037
2006-05-29, 0.017693
2006-05-30, 0.018011
2006-05-31, 0.017502
2006-06-01, 0.017619
2006-06-02, 0.017752
2006-06-05, 0.018005
2006-06-06, 0.017422
2006-06-07, 0.017227
2006-06-08, 0.017060
2006-06-09, 0.016445
2006-06-12, 0.016152
2006-06-13, 0.015973
2006-06-14, 0.014851
2006-06-15, 0.015077
2006-06-16, 0.015702
2006-06-19, 0.015891
2006-06-20, 0.015945
2006-06-21, 0.015943
2006-06-22, 0.015549
2006-06-23, 0.015728
2006-06-26, 0.015444
2006-06-27, 0.014897
2006-06-28, 0.014762
2006-06-29, 0.015145
2006-06-30, 0.015505
2006-07-03, 0.016023
2006-07-04, 0.016043
2006-07-05, 0.016402
2006-07-06, 0.016104
2006-07-07, 0.016112
2006-07-10, 0.016386
2006-07-11, 0.016392
2006-07-12, 0.016414
2006-07-13, 0.016371
2006-07-14, 0.015867
2006-07-17, 0.015690
2006-07-18, 0.015076
2006-07-19, 0.015348
2006-07-20, 0.015469
2006-07-21, 0.016040
2006-07-24, 0.015978
2006-07-25, 0.015974
2006-07-26, 0.016092
2006-07-27, 0.016373
2006-07-28, 0.016642
2006-07-31, 0.016434
2006-08-01, 0.016558
2006-08-02, 0.016546
2006-08-03, 0.016412
2006-08-04, 0.016323
2006-08-07, 0.016509
2006-08-08, 0.016512
2006-08-09, 0.016702
2006-08-10, 0.016970
2006-08-11, 0.016953
2006-08-14, 0.017091
2006-08-15, 0.017146
2006-08-16, 0.017058
2006-08-17, 0.017368
2006-08-18, 0.017356
2006-08-21, 0.017111
2006-08-22, 0.017086
2006-08-23, 0.017087
2006-08-24, 0.017067
2006-08-25, 0.016830
2006-08-28, 0.016964
2006-08-29, 0.016883
2006-08-31, 0.017011
2006-09-01, 0.017101
2006-09-04, 0.017114
2006-09-05, 0.017308
2006-09-06, 0.017440
2006-09-07, 0.017322
2006-09-08, 0.017281
2006-09-11, 0.017276
2006-09-12, 0.017308
2006-09-13, 0.017440
2006-09-14, 0.017637
2006-09-15, 0.017471
2006-09-18, 0.017545
2006-09-19, 0.017769
2006-09-20, 0.017774
2006-09-21, 0.017807
2006-09-22, 0.017632
2006-09-25, 0.017128
2006-09-26, 0.017126
2006-09-27, 0.017083
2006-09-28, 0.017387
2006-09-29, 0.017372
2006-10-02, 0.017370
2006-10-03, 0.017270
2006-10-04, 0.017310
2006-10-05, 0.017189
2006-10-06, 0.017391
2006-10-09, 0.017359
2006-10-10, 0.017414
2006-10-11, 0.017592
2006-10-12, 0.017642
2006-10-13, 0.017761
2006-10-16, 0.017969
2006-10-17, 0.018088
2006-10-18, 0.018001
2006-10-19, 0.018247
2006-10-20, 0.018472
2006-10-26, 0.018376
2006-10-27, 0.018715
2006-10-30, 0.018776
2006-10-31, 0.018550
2006-11-01, 0.018717
2006-11-02, 0.018722
2006-11-03, 0.018370
2006-11-06, 0.018167
2006-11-07, 0.018437
2006-11-08, 0.018618
2006-11-09, 0.018472
2006-11-10, 0.018560
2006-11-13, 0.018433
2006-11-14, 0.018175
2006-11-15, 0.018378
2006-11-16, 0.018416
2006-11-17, 0.018320
2006-11-20, 0.018041
2006-11-21, 0.017779
2006-11-22, 0.017927
2006-11-23, 0.017683
2006-11-24, 0.017758
2006-11-27, 0.017591
2006-11-28, 0.017731
2006-11-29, 0.017488
2006-11-30, 0.017645
2006-12-01, 0.017866
2006-12-04, 0.017841
2006-12-05, 0.017659
2006-12-06, 0.017757
2006-12-07, 0.017914
2006-12-08, 0.018380
2006-12-11, 0.018396
2006-12-12, 0.018365
2006-12-13, 0.018352
2006-12-14, 0.018206
2006-12-15, 0.018375
2006-12-18, 0.018651
2006-12-19, 0.018636
2006-12-20, 0.018384
2006-12-21, 0.018318
2006-12-22, 0.018276
2006-12-25, 0.018262
2006-12-26, 0.018210
2006-12-27, 0.018165
2006-12-28, 0.018152
2006-12-29, 0.018321
2007-01-04, 0.018303
2007-01-05, 0.018217
2007-01-08, 0.017989
2007-01-09, 0.017658
2007-01-10, 0.017520
2007-01-11, 0.017132
2007-01-12, 0.017554
2007-01-15, 0.017840
2007-01-16, 0.018139
2007-01-17, 0.018217
2007-01-18, 0.018436
2007-01-19, 0.018777
2007-01-22, 0.018934
2007-01-23, 0.019242
2007-01-24, 0.019266
2007-01-25, 0.019664
2007-01-26, 0.019723
2007-01-29, 0.019480
2007-01-30, 0.019358
2007-01-31, 0.019365
2007-02-01, 0.019502
2007-02-02, 0.019992
2007-02-05, 0.020235
2007-02-06, 0.020022
2007-02-07, 0.020052
2007-02-08, 0.019891
2007-02-09, 0.019642
2007-02-12, 0.020014
2007-02-13, 0.019916
2007-02-14, 0.020242
2007-02-15, 0.020573
2007-02-16, 0.020714
2007-02-19, 0.020659
2007-02-20, 0.020920
2007-02-21, 0.020868
2007-02-22, 0.020394
2007-02-23, 0.020647
2007-02-26, 0.020549
2007-02-27, 0.020572
2007-02-28, 0.019888
2007-03-01, 0.019553
2007-03-02, 0.019288
2007-03-05, 0.019010
2007-03-06, 0.018735
2007-03-07, 0.019118
2007-03-08, 0.019240
2007-03-09, 0.019630
2007-03-12, 0.019699
2007-03-13, 0.019713
2007-03-14, 0.019656
2007-03-15, 0.019218
2007-03-16, 0.019537
2007-03-19, 0.019699
2007-03-20, 0.019868
2007-03-21, 0.019886
2007-03-22, 0.020105
2007-03-23, 0.020485
2007-03-26, 0.020502
2007-03-27, 0.020397
2007-03-28, 0.020289
2007-03-29, 0.020356
2007-03-30, 0.020520
2007-04-02, 0.020728
2007-04-03, 0.020711
2007-04-04, 0.020970
2007-04-05, 0.021205
2007-04-06, 0.021559
2007-04-09, 0.021557
2007-04-10, 0.021558
2007-04-11, 0.021394
2007-04-12, 0.021751
2007-04-13, 0.021491
2007-04-16, 0.021697
2007-04-17, 0.021843
2007-04-18, 0.021798
2007-04-19, 0.021527
2007-04-20, 0.021586
2007-04-24, 0.022135
2007-04-25, 0.021969
2007-04-26, 0.022300
2007-04-27, 0.022381
2007-04-30, 0.022154
2007-05-01, 0.020970
2007-05-02, 0.020881
2007-05-03, 0.021116
2007-05-04, 0.021376
2007-05-07, 0.021321
2007-05-08, 0.021453
2007-05-09, 0.021375
2007-05-10, 0.021440
2007-05-11, 0.021471
2007-05-14, 0.021414
2007-05-15, 0.021612
2007-05-16, 0.021679
2007-05-17, 0.021828
2007-05-18, 0.022093
2007-05-21, 0.022249
2007-05-22, 0.022257
2007-05-23, 0.022292
2007-05-24, 0.022260
2007-05-25, 0.022161
2007-05-28, 0.022132
2007-05-29, 0.022340
2007-05-30, 0.022381
2007-05-31, 0.022171
2007-06-01, 0.022504
2007-06-04, 0.022385
2007-06-05, 0.022367
2007-06-06, 0.022491
2007-06-07, 0.022255
2007-06-08, 0.021806
2007-06-11, 0.021411
2007-06-12, 0.021797
2007-06-13, 0.021590
2007-06-14, 0.021487
2007-06-15, 0.021691
2007-06-18, 0.022060
2007-06-19, 0.022291
2007-06-20, 0.022247
2007-06-21, 0.022223
2007-06-22, 0.021989
2007-06-25, 0.021941
2007-06-26, 0.021751
2007-06-27, 0.021939
2007-06-28, 0.021741
2007-06-29, 0.022058
2007-07-02, 0.022254
2007-07-03, 0.022682
2007-07-04, 0.023129
2007-07-05, 0.023509
2007-07-06, 0.023634
2007-07-09, 0.023650
2007-07-10, 0.024114
2007-07-11, 0.024036
2007-07-12, 0.023672
2007-07-13, 0.024394
2007-07-16, 0.024730
2007-07-17, 0.024442
2007-07-18, 0.024336
2007-07-19, 0.024288
2007-07-20, 0.024889
2007-07-23, 0.024972
2007-07-24, 0.025943
2007-07-25, 0.025838
2007-07-26, 0.025665
2007-07-27, 0.024745
2007-07-30, 0.024180
2007-07-31, 0.024049
2007-08-01, 0.024833
2007-08-02, 0.024182
2007-08-03, 0.024235
2007-08-06, 0.024078
2007-08-07, 0.023937
2007-08-08, 0.024134
2007-08-09, 0.024492
2007-08-10, 0.023979
2007-08-13, 0.023384
2007-08-14, 0.023795
2007-08-15, 0.023725
2007-08-16, 0.022890
2007-08-17, 0.021508
2007-08-20, 0.021989
2007-08-21, 0.022479
2007-08-22, 0.022132
2007-08-23, 0.022538
2007-08-24, 0.022881
2007-08-27, 0.022634
2007-08-28, 0.022937
2007-08-29, 0.022917
2007-08-31, 0.023039
2007-09-03, 0.023808
2007-09-04, 0.023766
2007-09-05, 0.023849
2007-09-06, 0.023691
2007-09-07, 0.023500
2007-09-10, 0.023535
2007-09-11, 0.023342
2007-09-12, 0.023538
2007-09-13, 0.023464
2007-09-14, 0.023644
2007-09-17, 0.023925
2007-09-18, 0.024006
2007-09-19, 0.024061
2007-09-20, 0.025167
2007-09-21, 0.025181
2007-09-24, 0.025340
2007-09-25, 0.025415
2007-09-26, 0.024888
2007-09-27, 0.025315
2007-09-28, 0.025513
2007-10-01, 0.025364
2007-10-02, 0.025212
2007-10-03, 0.025731
2007-10-04, 0.025289
2007-10-05, 0.025530
2007-10-08, 0.026180
2007-10-09, 0.026220
2007-10-10, 0.026503
2007-10-11, 0.026541
2007-10-15, 0.026557
2007-10-16, 0.026741
2007-10-17, 0.026301
2007-10-18, 0.026425
2007-10-19, 0.025795
2007-10-22, 0.025566
2007-10-23, 0.024452
2007-10-24, 0.025493
2007-10-25, 0.025364
2007-10-26, 0.025668
2007-10-30, 0.025754
2007-10-31, 0.025854
2007-11-01, 0.026240
2007-11-02, 0.026000
2007-11-05, 0.025787
2007-11-06, 0.025419
2007-11-07, 0.025752
2007-11-08, 0.025454
2007-11-09, 0.025235
2007-11-12, 0.024752
2007-11-13, 0.024595
2007-11-14, 0.024885
2007-11-15, 0.025344
2007-11-16, 0.025089
2007-11-19, 0.024912
2007-11-20, 0.024500
2007-11-21, 0.024512
2007-11-22, 0.024090
2007-11-23, 0.023982
2007-11-26, 0.024189
2007-11-27, 0.024195
2007-11-28, 0.023693
2007-11-29, 0.024205
2007-11-30, 0.024381
2007-12-03, 0.024755
2007-12-04, 0.024784
2007-12-05, 0.024570
2007-12-06, 0.025111
2007-12-07, 0.025345
2007-12-10, 0.025619
2007-12-11, 0.025663
2007-12-12, 0.025599
2007-12-13, 0.025573
2007-12-14, 0.025234
2007-12-17, 0.025092
2007-12-18, 0.024528
2007-12-19, 0.024554
2007-12-24, 0.024447
2007-12-25, 0.025020
2007-12-26, 0.025087
2007-12-27, 0.025190
2007-12-28, 0.025258
2007-12-31, 0.025382
2008-01-02, 0.025193
2008-01-03, 0.024788
2008-01-04, 0.024290
2008-01-07, 0.024242
2008-01-08, 0.024061
2008-01-09, 0.024416
2008-01-10, 0.024261
2008-01-11, 0.024204
2008-01-14, 0.024101
2008-01-15, 0.023980
2008-01-16, 0.023547
2008-01-17, 0.022739
2008-01-18, 0.022611
2008-01-21, 0.022841
2008-01-22, 0.021493
2008-01-23, 0.021166
2008-01-24, 0.020588
2008-01-25, 0.021153
2008-01-28, 0.021632
2008-01-29, 0.020892
2008-01-30, 0.021176
2008-01-31, 0.021131
2008-02-01, 0.020554
2008-02-04, 0.021228
2008-02-05, 0.021746
2008-02-06, 0.021385
2008-02-07, 0.020825
2008-02-08, 0.020308
2008-02-11, 0.020138
2008-02-12, 0.020121
2008-02-13, 0.020758
2008-02-14, 0.021348
2008-02-15, 0.021739
2008-02-18, 0.021342
2008-02-19, 0.021793
2008-02-20, 0.022091
2008-02-21, 0.021712
2008-02-22, 0.022187
2008-02-25, 0.021850
2008-02-26, 0.021686
2008-02-27, 0.021815
2008-02-28, 0.022072
2008-02-29, 0.021942
2008-03-03, 0.021468
2008-03-04, 0.020847
2008-03-05, 0.020734
2008-03-06, 0.020858
2008-03-07, 0.020647
2008-03-10, 0.020191
2008-03-11, 0.020166
2008-03-12, 0.020876
2008-03-13, 0.021442
2008-03-14, 0.020724
2008-03-17, 0.020958
2008-03-18, 0.019390
2008-03-19, 0.019954
2008-03-20, 0.020106
2008-03-21, 0.019589
2008-03-24, 0.019645
2008-03-25, 0.020032
2008-03-26, 0.020107
2008-03-27, 0.019971
2008-03-28, 0.020222
2008-03-31, 0.019684
2008-04-01, 0.019309
2008-04-02, 0.020071
2008-04-03, 0.020619
2008-04-04, 0.020334
2008-04-07, 0.020417
2008-04-08, 0.020957
2008-04-09, 0.021053
2008-04-10, 0.021328
2008-04-11, 0.021059
2008-04-14, 0.020974
2008-04-15, 0.020786
2008-04-16, 0.020903
2008-04-17, 0.020833
2008-04-18, 0.020900
2008-04-21, 0.021230
2008-04-22, 0.021427
2008-04-24, 0.021485
2008-04-25, 0.021494
2008-04-28, 0.021770
2008-04-29, 0.021801
2008-04-30, 0.021619
2008-05-01, 0.021559
2008-05-02, 0.021479
2008-05-05, 0.021568
2008-05-06, 0.021620
2008-05-07, 0.021386
2008-05-08, 0.021402
2008-05-09, 0.021052
2008-05-12, 0.020936
2008-05-13, 0.020964
2008-05-14, 0.020965
2008-05-15, 0.021196
2008-05-16, 0.021337
2008-05-20, 0.021445
2008-05-21, 0.020884
2008-05-22, 0.020520
2008-05-23, 0.020396
2008-05-26, 0.020225
2008-05-27, 0.019950
2008-05-28, 0.020216
2008-05-29, 0.020197
2008-05-30, 0.019965
2008-06-02, 0.020341
2008-06-03, 0.020337
2008-06-04, 0.020520
2008-06-05, 0.020243
2008-06-06, 0.020383
2008-06-09, 0.020155
2008-06-10, 0.019668
2008-06-11, 0.019382
2008-06-12, 0.019434
2008-06-13, 0.019453
2008-06-16, 0.019441
2008-06-17, 0.019562
2008-06-18, 0.019701
2008-06-19, 0.019478
2008-06-20, 0.019402
2008-06-23, 0.019357
2008-06-24, 0.019122
2008-06-25, 0.018928
2008-06-26, 0.019061
2008-06-27, 0.018808
2008-06-30, 0.018374
2008-07-01, 0.018195
2008-07-02, 0.017193
2008-07-03, 0.017350
2008-07-04, 0.017348
2008-07-07, 0.017598
2008-07-08, 0.017876
2008-07-09, 0.017820
2008-07-10, 0.018253
2008-07-11, 0.018268
2008-07-14, 0.017976
2008-07-15, 0.018404
2008-07-16, 0.018127
2008-07-17, 0.018445
2008-07-18, 0.019316
2008-07-21, 0.019562
2008-07-22, 0.019735
2008-07-23, 0.019349
2008-07-24, 0.019645
2008-07-25, 0.019755
2008-07-28, 0.019247
2008-07-29, 0.019390
2008-07-30, 0.019647
2008-07-31, 0.020742
2008-08-01, 0.021292
2008-08-04, 0.021369
2008-08-05, 0.021822
2008-08-06, 0.021649
2008-08-07, 0.021387
2008-08-08, 0.021156
2008-08-11, 0.020921
2008-08-12, 0.021068
2008-08-13, 0.021247
2008-08-14, 0.021077
2008-08-15, 0.021305
2008-08-18, 0.021532
2008-08-19, 0.021534
2008-08-20, 0.020876
2008-08-21, 0.020470
2008-08-22, 0.020335
2008-08-25, 0.020807
2008-08-26, 0.020920
2008-08-27, 0.020573
2008-08-28, 0.020460
2008-08-29, 0.020550
2008-09-01, 0.020629
2008-09-02, 0.020335
2008-09-03, 0.020800
2008-09-04, 0.020802
2008-09-05, 0.020658
2008-09-08, 0.020279
2008-09-09, 0.020991
2008-09-10, 0.020958
2008-09-11, 0.020567
2008-09-12, 0.019840
2008-09-15, 0.019723
2008-09-16, 0.018817
2008-09-17, 0.018316
2008-09-18, 0.017938
2008-09-19, 0.017606
2008-09-22, 0.019318
2008-09-23, 0.019298
2008-09-24, 0.018817
2008-09-25, 0.018793
2008-09-26, 0.019138
2008-09-29, 0.019342
2008-10-03, 0.019182
2008-10-06, 0.018438
2008-10-07, 0.017645
2008-10-08, 0.017538
2008-10-09, 0.017243
2008-10-10, 0.017550
2008-10-13, 0.016376
2008-10-14, 0.016700
2008-10-15, 0.017191
2008-10-16, 0.016819
2008-10-17, 0.015870
2008-10-20, 0.015363
2008-10-21, 0.015374
2008-10-22, 0.015718
2008-10-23, 0.015058
2008-10-24, 0.014331
2008-10-27, 0.013928
2008-10-28, 0.014140
2008-10-30, 0.014583
2008-10-31, 0.015690
2008-11-03, 0.016049
2008-11-04, 0.016428
2008-11-05, 0.016924
2008-11-06, 0.016663
2008-11-07, 0.016075
2008-11-10, 0.015851
2008-11-11, 0.015935
2008-11-12, 0.015410
2008-11-13, 0.015061
2008-11-14, 0.014908
2008-11-17, 0.015098
2008-11-18, 0.014588
2008-11-19, 0.014241
2008-11-20, 0.013719
2008-11-21, 0.013162
2008-11-24, 0.013561
2008-11-25, 0.014649
2008-11-26, 0.014863
2008-11-27, 0.014702
2008-11-28, 0.015329
2008-12-01, 0.015406
2008-12-02, 0.014908
2008-12-03, 0.014889
2008-12-04, 0.014734
2008-12-05, 0.014960
2008-12-12, 0.014669
2008-12-15, 0.015082
2008-12-16, 0.015713
2008-12-17, 0.015957
2008-12-18, 0.016360
2008-12-19, 0.016256
2008-12-22, 0.016134
2008-12-23, 0.016034
2008-12-24, 0.016070
2008-12-25, 0.015969
2008-12-26, 0.015942
2008-12-29, 0.016191
2008-12-30, 0.016227
2008-12-31, 0.016209
2009-01-02, 0.016310
2009-01-05, 0.016450
2009-01-06, 0.016871
2009-01-07, 0.017268
2009-01-08, 0.016923
2009-01-09, 0.016125
2009-01-12, 0.016246
2009-01-13, 0.015828
2009-01-14, 0.015769
2009-01-15, 0.015548
2009-01-16, 0.015444
2009-01-19, 0.015707
2009-01-20, 0.015331
2009-01-21, 0.015057
2009-01-22, 0.014824
2009-01-23, 0.015042
2009-01-26, 0.014846
2009-01-27, 0.015433
2009-01-28, 0.015495
2009-01-29, 0.016010
2009-01-30, 0.015824
2009-02-02, 0.015605
2009-02-03, 0.015357
2009-02-04, 0.015560
2009-02-05, 0.015784
2009-02-06, 0.015693
2009-02-09, 0.016070
2009-02-10, 0.016287
2009-02-11, 0.015822
2009-02-12, 0.015361
2009-02-13, 0.015290
2009-02-16, 0.015292
2009-02-17, 0.015095
2009-02-18, 0.014627
2009-02-19, 0.014348
2009-02-20, 0.014692
2009-02-23, 0.014261
2009-02-24, 0.014482
2009-02-25, 0.014462
2009-02-26, 0.014651
2009-02-27, 0.014658
2009-03-02, 0.014492
2009-03-03, 0.014352
2009-03-04, 0.014384
2009-03-05, 0.014503
2009-03-06, 0.014142
2009-03-09, 0.014072
2009-03-10, 0.014010
2009-03-11, 0.014175
2009-03-12, 0.014317
2009-03-13, 0.014094
2009-03-16, 0.014516
2009-03-17, 0.014505
2009-03-18, 0.014349
2009-03-19, 0.014349
2009-03-20, 0.014683
2009-03-23, 0.014766
2009-03-24, 0.015248
2009-03-25, 0.015430
2009-03-26, 0.015617
2009-03-27, 0.015679
2009-03-30, 0.015656
2009-03-31, 0.015360
2009-04-01, 0.015725
2009-04-02, 0.016027
2009-04-03, 0.016466
2009-04-06, 0.016565
2009-04-07, 0.016617
2009-04-08, 0.016381
2009-04-09, 0.016771
2009-04-10, 0.017527
2009-04-13, 0.017787
2009-04-14, 0.017765
2009-04-15, 0.017679
2009-04-16, 0.017594
2009-04-17, 0.018311
2009-04-20, 0.018427
2009-04-21, 0.018052
2009-04-22, 0.017742
2009-04-24, 0.018100
2009-04-27, 0.018524
2009-04-28, 0.018485
2009-04-29, 0.018286
2009-04-30, 0.019021
2009-05-04, 0.019582
2009-05-05, 0.019787
2009-05-06, 0.020458
2009-05-07, 0.020755
2009-05-08, 0.021198
2009-05-11, 0.020431
2009-05-12, 0.020316
2009-05-13, 0.020715
2009-05-14, 0.020594
2009-05-15, 0.020595
2009-05-18, 0.020732
2009-05-20, 0.020936
2009-05-21, 0.021642
2009-05-22, 0.021614
2009-05-25, 0.021718
2009-05-26, 0.021855
2009-05-27, 0.021590
2009-05-28, 0.021908
2009-05-29, 0.021914
2009-06-01, 0.022062
2009-06-02, 0.022414
2009-06-03, 0.022498
2009-06-04, 0.022289
2009-06-05, 0.021840
2009-06-08, 0.022009
2009-06-09, 0.021380
2009-06-10, 0.021380
2009-06-11, 0.021809
2009-06-12, 0.021942
2009-06-15, 0.022106
2009-06-16, 0.022007
2009-06-17, 0.021925
2009-06-18, 0.021884
2009-06-19, 0.022185
2009-06-22, 0.022531
2009-06-23, 0.022415
2009-06-24, 0.022058
2009-06-25, 0.022487
2009-06-26, 0.022671
2009-06-29, 0.023067
2009-06-30, 0.023217
2009-07-01, 0.023205
2009-07-02, 0.023231
2009-07-03, 0.023245
2009-07-06, 0.023067
2009-07-07, 0.022825
2009-07-08, 0.023171
2009-07-09, 0.023046
2009-07-10, 0.023129
2009-07-13, 0.022894
2009-07-14, 0.023123
2009-07-15, 0.023036
2009-07-16, 0.023275
2009-07-17, 0.023649
2009-07-20, 0.023476
2009-07-21, 0.023671
2009-07-22, 0.023694
2009-07-23, 0.023709
2009-07-24, 0.024017
2009-07-27, 0.024599
2009-07-28, 0.024732
2009-07-29, 0.024763
2009-07-30, 0.024953
2009-07-31, 0.025665
2009-08-03, 0.026211
2009-08-04, 0.026891
2009-08-05, 0.027119
2009-08-06, 0.027018
2009-08-07, 0.026606
2009-08-10, 0.027041
2009-08-11, 0.027325
2009-08-12, 0.027042
2009-08-13, 0.026866
2009-08-14, 0.027672
2009-08-17, 0.027496
2009-08-18, 0.027041
2009-08-19, 0.027336
2009-08-20, 0.027749
2009-08-21, 0.028215
2009-08-24, 0.028702
2009-08-25, 0.028969
2009-08-26, 0.029075
2009-08-27, 0.028617
2009-08-28, 0.028684
2009-08-31, 0.028702
2009-09-01, 0.028454
2009-09-02, 0.028435
2009-09-03, 0.027911
2009-09-04, 0.027976
2009-09-07, 0.027936
2009-09-08, 0.027813
2009-09-09, 0.027682
2009-09-10, 0.027589
2009-09-11, 0.027706
2009-09-14, 0.028537
2009-09-15, 0.028703
2009-09-16, 0.028506
2009-09-17, 0.028789
2009-09-18, 0.028860
2009-09-23, 0.029078
2009-09-24, 0.029485
2009-09-25, 0.029550
2009-09-28, 0.029445
2009-09-29, 0.029560
2009-09-30, 0.029877
2009-10-01, 0.029967
2009-10-02, 0.029532
2009-10-05, 0.028796
2009-10-06, 0.029249
2009-10-07, 0.030162
2009-10-08, 0.030095
2009-10-09, 0.030558
2009-10-12, 0.030486
2009-10-13, 0.030882
2009-10-14, 0.030785
2009-10-15, 0.031219
2009-10-16, 0.031222
2009-10-19, 0.030879
2009-10-20, 0.031020
2009-10-21, 0.031466
2009-10-22, 0.031403
2009-10-23, 0.031514
2009-10-26, 0.031745
2009-10-27, 0.031625
2009-10-28, 0.031054
2009-10-30, 0.030443
2009-11-02, 0.029856
2009-11-03, 0.029079
2009-11-04, 0.028767
2009-11-05, 0.028967
2009-11-06, 0.029269
2009-11-09, 0.029233
2009-11-10, 0.029633
2009-11-11, 0.029873
2009-11-12, 0.030183
2009-11-13, 0.030148
2009-11-16, 0.029785
2009-11-17, 0.029875
2009-11-18, 0.029301
2009-11-19, 0.028889
2009-11-20, 0.028679
2009-11-23, 0.028136
2009-11-24, 0.028251
2009-11-25, 0.028376
2009-11-26, 0.028224
2009-12-01, 0.028054
2009-12-02, 0.028316
2009-12-03, 0.029079
2009-12-04, 0.030016
2009-12-07, 0.030219
2009-12-08, 0.030206
2009-12-09, 0.030082
2009-12-10, 0.030048
2009-12-11, 0.030173
2009-12-14, 0.030096
2009-12-15, 0.030491
2009-12-16, 0.030494
2009-12-17, 0.030755
2009-12-18, 0.030360
2009-12-21, 0.030402
2009-12-22, 0.030810
2009-12-23, 0.031025
2009-12-24, 0.031034
2009-12-25, 0.031059
2009-12-28, 0.031106
2009-12-29, 0.031232
2009-12-30, 0.031291
2009-12-31, 0.031099
2010-01-04, 0.031628
2010-01-05, 0.031797
2010-01-06, 0.032494
2010-01-07, 0.032566
2010-01-08, 0.032802
2010-01-11, 0.033016
2010-01-12, 0.032835
2010-01-13, 0.032462
2010-01-14, 0.033121
2010-01-15, 0.033338
2010-01-18, 0.032953
2010-01-19, 0.033153
2010-01-20, 0.033433
2010-01-21, 0.033880
2010-01-22, 0.034000
2010-01-25, 0.033188
2010-01-26, 0.033377
2010-01-27, 0.033338
2010-01-28, 0.033695
2010-01-29, 0.034003
2010-02-01, 0.033884
2010-02-02, 0.034315
2010-02-03, 0.034236
2010-02-04, 0.034373
2010-02-05, 0.033501
2010-02-08, 0.032044
2010-02-09, 0.031282
2010-02-10, 0.031676
2010-02-11, 0.031738
2010-02-12, 0.031726
2010-02-15, 0.031767
2010-02-16, 0.031970
2010-02-17, 0.032066
2010-02-18, 0.032653
2010-02-19, 0.032350
2010-02-22, 0.032436
2010-02-23, 0.032441
2010-02-24, 0.031908
2010-02-25, 0.030961
2010-02-26, 0.030585
2010-03-01, 0.030725
2010-03-02, 0.031630
2010-03-03, 0.031989
2010-03-04, 0.031908
2010-03-05, 0.031842
2010-03-08, 0.032244
2010-03-09, 0.032852
2010-03-10, 0.032610
2010-03-11, 0.032483
2010-03-12, 0.032440
2010-03-15, 0.032443
2010-03-16, 0.032314
2010-03-17, 0.032786
2010-03-18, 0.033381
2010-03-19, 0.033074
2010-03-22, 0.032984
2010-03-23, 0.033281
2010-03-24, 0.033570
2010-03-25, 0.033752
2010-03-26, 0.034330
2010-03-29, 0.034332
2010-03-30, 0.034401
2010-03-31, 0.034658
2010-04-01, 0.034649
2010-04-02, 0.034984
2010-04-05, 0.035281
2010-04-06, 0.035584
2010-04-07, 0.035586
2010-04-08, 0.035594
2010-04-09, 0.035462
2010-04-12, 0.036216
2010-04-13, 0.036062
2010-04-14, 0.035713
2010-04-15, 0.036232
2010-04-16, 0.036222
2010-04-19, 0.036218
2010-04-20, 0.035769
2010-04-21, 0.036443
2010-04-22, 0.036216
2010-04-26, 0.036035
2010-04-27, 0.036516
2010-04-28, 0.036118
2010-04-29, 0.035646
2010-04-30, 0.036409
2010-05-03, 0.036695
2010-05-04, 0.036609
2010-05-05, 0.035795
2010-05-06, 0.035317
2010-05-07, 0.035044
2010-05-10, 0.033881
2010-05-11, 0.035354
2010-05-12, 0.035323
2010-05-13, 0.036030
2010-05-14, 0.036024
2010-05-17, 0.035106
2010-05-18, 0.034877
2010-05-20, 0.035315
2010-05-21, 0.034362
2010-05-24, 0.033815
2010-05-25, 0.034005
2010-05-26, 0.032871
2010-05-27, 0.033657
2010-05-28, 0.034020
2010-05-31, 0.034308
2010-06-01, 0.033775
2010-06-02, 0.033653
2010-06-03, 0.034305
2010-06-04, 0.034780
2010-06-07, 0.034075
2010-06-08, 0.033874
2010-06-09, 0.033836
2010-06-10, 0.034087
2010-06-11, 0.034251
2010-06-14, 0.034354
2010-06-15, 0.034733
2010-06-16, 0.035006
2010-06-17, 0.035052
2010-06-18, 0.035332
2010-06-21, 0.035303
2010-06-22, 0.035380
2010-06-23, 0.035188
2010-06-24, 0.034870
2010-06-25, 0.034711
2010-06-28, 0.034734
2010-06-29, 0.035010
2010-06-30, 0.034511
2010-07-01, 0.034449
2010-07-02, 0.034037
2010-07-05, 0.034429
2010-07-06, 0.034535
2010-07-07, 0.035044
2010-07-08, 0.034935
2010-07-09, 0.035270
2010-07-12, 0.034972
2010-07-13, 0.035138
2010-07-14, 0.035560
2010-07-15, 0.035595
2010-07-16, 0.035638
2010-07-19, 0.035579
2010-07-20, 0.035632
2010-07-21, 0.035503
2010-07-22, 0.036129
2010-07-23, 0.036306
2010-07-26, 0.036107
2010-07-27, 0.036190
2010-07-28, 0.036579
2010-07-29, 0.036485
2010-07-30, 0.036673
2010-08-02, 0.036264
2010-08-03, 0.036786
2010-08-04, 0.036692
2010-08-05, 0.036756
2010-08-06, 0.036417
2010-08-09, 0.036491
2010-08-10, 0.036800
2010-08-11, 0.036414
2010-08-12, 0.035764
2010-08-13, 0.035873
2010-08-16, 0.035968
2010-08-17, 0.036014
2010-08-18, 0.036492
2010-08-19, 0.036561
2010-08-20, 0.036424
2010-08-23, 0.036135
2010-08-24, 0.036172
2010-08-25, 0.035786
2010-08-26, 0.035833
2010-08-27, 0.036071
2010-08-31, 0.036381
2010-09-01, 0.036568
2010-09-02, 0.036965
2010-09-03, 0.037192
2010-09-06, 0.037397
2010-09-07, 0.037284
2010-09-08, 0.037139
2010-09-13, 0.037036
2010-09-14, 0.037846
2010-09-15, 0.038018
2010-09-16, 0.038445
2010-09-17, 0.038724
2010-09-20, 0.038890
2010-09-21, 0.038908
2010-09-22, 0.039047
2010-09-23, 0.039287
2010-09-24, 0.038798
2010-09-27, 0.039094
2010-09-28, 0.039459
2010-09-29, 0.039763
2010-09-30, 0.040043
2010-10-01, 0.040175
2010-10-04, 0.039890
2010-10-05, 0.040110
2010-10-06, 0.040589
2010-10-07, 0.040835
2010-10-08, 0.040834
2010-10-11, 0.040798
2010-10-12, 0.041803
2010-10-13, 0.042307
2010-10-14, 0.042510
2010-10-15, 0.042080
2010-10-18, 0.042493
2010-10-19, 0.042699
2010-10-20, 0.042508
2010-10-21, 0.042619
2010-10-22, 0.042697
2010-10-25, 0.043254
2010-10-26, 0.043710
2010-10-27, 0.043477
2010-10-28, 0.042587
2010-11-01, 0.041818
2010-11-02, 0.042524
2010-11-03, 0.042153
2010-11-04, 0.042182
2010-11-05, 0.043146
2010-11-08, 0.043404
2010-11-09, 0.043209
2010-11-10, 0.043634
2010-11-11, 0.043448
2010-11-12, 0.043250
2010-11-15, 0.042857
2010-11-22, 0.042894
2010-11-23, 0.042248
2010-11-24, 0.041061
2010-11-25, 0.041299
2010-11-26, 0.041233
2010-11-29, 0.040651
2010-11-30, 0.039851
2010-12-01, 0.040073
2010-12-02, 0.041007
2010-12-03, 0.041235
2010-12-06, 0.041480
2010-12-07, 0.041751
2010-12-08, 0.042252
2010-12-09, 0.041983
2010-12-10, 0.041014
2010-12-13, 0.040355
2010-12-14, 0.040948
2010-12-15, 0.041145
2010-12-16, 0.040789
2010-12-17, 0.040376
2010-12-20, 0.039790
2010-12-21, 0.039430
2010-12-22, 0.040154
2010-12-23, 0.040578
2010-12-24, 0.040826
2010-12-27, 0.040946
2010-12-28, 0.040618
2010-12-29, 0.040901
2010-12-30, 0.041142
2010-12-31, 0.041225
2011-01-03, 0.041045
2011-01-04, 0.041525
2011-01-05, 0.042285
2011-01-06, 0.042459
2011-01-07, 0.042905
2011-01-10, 0.042678
2011-01-11, 0.042453
2011-01-12, 0.042583
2011-01-13, 0.042432
2011-01-14, 0.042726
2011-01-17, 0.042406
2011-01-18, 0.042216
2011-01-19, 0.042266
2011-01-20, 0.042215
2011-01-21, 0.041647
2011-01-24, 0.041636
2011-01-25, 0.041884
2011-01-26, 0.042039
2011-01-27, 0.042093
2011-01-28, 0.042045
2011-01-31, 0.041162
2011-02-01, 0.040808
2011-02-02, 0.041373
2011-02-03, 0.041853
2011-02-04, 0.041395
2011-02-07, 0.041409
2011-02-08, 0.041433
2011-02-09, 0.041588
2011-02-10, 0.041864
2011-02-11, 0.041260
2011-02-14, 0.041039
2011-02-15, 0.041304
2011-02-16, 0.041435
2011-02-17, 0.041497
2011-02-18, 0.041671
2011-02-21, 0.041925
2011-02-22, 0.041325
2011-02-23, 0.040683
2011-02-24, 0.040025
2011-02-25, 0.038401
2011-02-28, 0.038837
2011-03-01, 0.038357
2011-03-02, 0.037435
2011-03-03, 0.036784
2011-03-04, 0.037819
2011-03-07, 0.038283
2011-03-08, 0.037487
2011-03-09, 0.037947
2011-03-10, 0.038933
2011-03-11, 0.039670
2011-03-14, 0.039820
2011-03-15, 0.040450
2011-03-16, 0.039617
2011-03-17, 0.040296
2011-03-18, 0.040015
2011-03-21, 0.040047
2011-03-22, 0.040266
2011-03-23, 0.040546
2011-03-24, 0.039987
2011-03-25, 0.040027
2011-03-28, 0.040254
2011-03-29, 0.040264
2011-03-30, 0.039950
2011-03-31, 0.040419
2011-04-01, 0.040465
2011-04-04, 0.040942
2011-04-05, 0.042306
2011-04-06, 0.042852
2011-04-07, 0.043286
2011-04-08, 0.043527
2011-04-11, 0.043271
2011-04-12, 0.043049
2011-04-13, 0.043094
2011-04-14, 0.043430
2011-04-15, 0.043152
2011-04-18, 0.043320
2011-04-19, 0.042708
2011-04-20, 0.042902
2011-04-21, 0.043360
2011-04-22, 0.043403
2011-04-25, 0.043706
2011-04-26, 0.044027
2011-04-27, 0.043964
2011-04-28, 0.043452
2011-04-29, 0.043587
2011-05-02, 0.044055
2011-05-03, 0.044418
2011-05-04, 0.044477
2011-05-05, 0.044629
2011-05-06, 0.044612
2011-05-09, 0.044191
2011-05-10, 0.043894
2011-05-11, 0.043371
2011-05-12, 0.042375
2011-05-13, 0.042263
2011-05-16, 0.041873
2011-05-17, 0.041306
2011-05-18, 0.041360
2011-05-20, 0.040603
2011-05-23, 0.039784
2011-05-24, 0.039984
2011-05-25, 0.040355
2011-05-26, 0.040759
2011-05-27, 0.040463
2011-05-30, 0.039415
2011-05-31, 0.039240
2011-06-01, 0.040079
2011-06-02, 0.040475
2011-06-03, 0.040313
2011-06-06, 0.040006
2011-06-07, 0.040435
2011-06-08, 0.040987
2011-06-09, 0.040827
2011-06-10, 0.040625
2011-06-13, 0.040578
2011-06-14, 0.040729
2011-06-15, 0.039642
2011-06-16, 0.038708
2011-06-17, 0.038252
2011-06-20, 0.039010
2011-06-21, 0.038533
2011-06-22, 0.039202
2011-06-23, 0.038757
2011-06-24, 0.038787
2011-06-27, 0.039351
2011-06-28, 0.039102
2011-06-29, 0.039675
2011-06-30, 0.039770
2011-07-01, 0.040130
2011-07-04, 0.040056
2011-07-05, 0.040433
2011-07-06, 0.040582
2011-07-07, 0.040222
2011-07-08, 0.040513
2011-07-11, 0.040582
2011-07-12, 0.040076
2011-07-13, 0.039752
2011-07-14, 0.040095
2011-07-15, 0.040082
2011-07-18, 0.039938
2011-07-19, 0.039585
2011-07-20, 0.039430
2011-07-21, 0.039438
2011-07-22, 0.038443
2011-07-25, 0.038118
2011-07-26, 0.038307
2011-07-27, 0.038927
2011-07-28, 0.039253
2011-07-29, 0.039553
2011-08-01, 0.039564
2011-08-02, 0.039725
2011-08-03, 0.039187
2011-08-04, 0.039019
2011-08-05, 0.038073
2011-08-08, 0.035894
2011-08-09, 0.033110
2011-08-10, 0.032376
2011-08-11, 0.031947
2011-08-12, 0.030991
2011-08-15, 0.032265
2011-08-16, 0.032865
2011-08-17, 0.032926
2011-08-18, 0.033532
2011-08-19, 0.032103
2011-08-22, 0.031996
2011-08-23, 0.033154
2011-08-24, 0.032468
2011-08-25, 0.032820
2011-08-26, 0.032976
2011-08-29, 0.032877
2011-09-02, 0.033201
2011-09-05, 0.033812
2011-09-06, 0.033144
2011-09-07, 0.033468
2011-09-08, 0.033920
2011-09-09, 0.034345
2011-09-12, 0.034373
2011-09-13, 0.033715
2011-09-14, 0.034397
2011-09-15, 0.034555
2011-09-16, 0.034709
2011-09-19, 0.035218
2011-09-20, 0.035218
2011-09-21, 0.036447
2011-09-22, 0.036696
2011-09-23, 0.035191
2011-09-26, 0.034074
2011-09-27, 0.034459
2011-09-28, 0.035128
2011-09-29, 0.035869
2011-09-30, 0.036289
2011-10-03, 0.035791
2011-10-04, 0.036133
2011-10-05, 0.035020
2011-10-06, 0.035001
2011-10-07, 0.034693
2011-10-10, 0.034437
2011-10-11, 0.035080
2011-10-12, 0.035419
2011-10-13, 0.035998
2011-10-14, 0.035806
2011-10-17, 0.035956
2011-10-18, 0.035783
2011-10-19, 0.035569
2011-10-20, 0.035319
2011-10-21, 0.034362
2011-10-24, 0.034351
2011-10-25, 0.033954
2011-10-26, 0.034168
2011-10-27, 0.033773
2011-10-28, 0.034310
2011-10-31, 0.034632
2011-11-01, 0.034016
2011-11-02, 0.032916
2011-11-03, 0.033362
2011-11-04, 0.033926
2011-11-10, 0.033933
2011-11-11, 0.033609
2011-11-14, 0.033993
2011-11-15, 0.033864
2011-11-16, 0.033688
2011-11-17, 0.033790
2011-11-18, 0.033156
2011-11-21, 0.032870
2011-11-22, 0.031964
2011-11-23, 0.031258
2011-11-24, 0.030601
2011-11-25, 0.030364
2011-11-28, 0.029976
2011-11-29, 0.030915
2011-11-30, 0.030855
2011-12-01, 0.031832
2011-12-02, 0.032122
2011-12-05, 0.032493
2011-12-06, 0.032800
2011-12-07, 0.032250
2011-12-08, 0.032370
2011-12-09, 0.031892
2011-12-12, 0.031476
2011-12-13, 0.030888
2011-12-14, 0.030730
2011-12-15, 0.030096
2011-12-16, 0.030315
2011-12-19, 0.030400
2011-12-20, 0.029981
2011-12-21, 0.030142
2011-12-22, 0.030217
2011-12-23, 0.030028
2011-12-26, 0.030125
2011-12-27, 0.030290
2011-12-28, 0.030393
2011-12-29, 0.030254
2011-12-30, 0.030072
2012-01-02, 0.030131
2012-01-03, 0.030094
2012-01-04, 0.030536
2012-01-05, 0.030181
2012-01-06, 0.029815
2012-01-09, 0.029614
2012-01-10, 0.028855
2012-01-11, 0.029311
2012-01-12, 0.029510
2012-01-13, 0.030126
2012-01-16, 0.029809
2012-01-17, 0.030184
2012-01-18, 0.030743
2012-01-19, 0.031051
2012-01-20, 0.031757
2012-01-23, 0.031871
2012-01-24, 0.032249
2012-01-25, 0.031763
2012-01-26, 0.032110
2012-01-27, 0.033318
2012-01-30, 0.033415
2012-01-31, 0.033627
2012-02-01, 0.033577
2012-02-02, 0.034113
2012-02-03, 0.034605
2012-02-06, 0.035029
2012-02-07, 0.035058
2012-02-08, 0.035447
2012-02-09, 0.035633
2012-02-10, 0.035336
2012-02-13, 0.034646
2012-02-14, 0.035472
2012-02-15, 0.035222
2012-02-16, 0.035224
2012-02-17, 0.035057
2012-02-20, 0.035773
2012-02-21, 0.036254
2012-02-22, 0.036013
2012-02-23, 0.036022
2012-02-24, 0.035260
2012-02-27, 0.034807
2012-02-28, 0.034367
2012-02-29, 0.034996
2012-03-01, 0.035276
2012-03-02, 0.035475
2012-03-05, 0.035551
2012-03-06, 0.035143
2012-03-07, 0.034700
2012-03-08, 0.034904
2012-03-09, 0.035177
2012-03-12, 0.034765
2012-03-13, 0.034504
2012-03-14, 0.034822
2012-03-15, 0.035470
2012-03-16, 0.035696
2012-03-19, 0.036286
2012-03-20, 0.036720
2012-03-21, 0.036285
2012-03-22, 0.036553
2012-03-23, 0.036502
2012-03-26, 0.036189
2012-03-27, 0.036371
2012-03-28, 0.036710
2012-03-29, 0.036456
2012-03-30, 0.036244
2012-04-02, 0.036592
2012-04-03, 0.036840
2012-04-04, 0.037391
2012-04-05, 0.036955
2012-04-06, 0.036616
2012-04-09, 0.036307
2012-04-10, 0.036044
2012-04-11, 0.035820
2012-04-12, 0.035719
2012-04-13, 0.035946
2012-04-16, 0.036053
2012-04-17, 0.035863
2012-04-18, 0.036038
2012-04-19, 0.035771
2012-04-20, 0.035637
2012-04-24, 0.035655
2012-04-25, 0.035367
2012-04-26, 0.035423
2012-04-27, 0.035703
2012-04-30, 0.035778
2012-05-02, 0.035362
2012-05-03, 0.034938
2012-05-04, 0.035046
2012-05-07, 0.035020
2012-05-08, 0.034753
2012-05-09, 0.035025
2012-05-10, 0.034671
2012-05-11, 0.034865
2012-05-14, 0.034887
2012-05-15, 0.034673
2012-05-16, 0.034319
2012-05-17, 0.034451
2012-05-18, 0.034041
2012-05-21, 0.033713
2012-05-22, 0.033665
2012-05-23, 0.033765
2012-05-24, 0.033289
2012-05-25, 0.032905
2012-05-28, 0.032433
2012-05-29, 0.032644
2012-05-30, 0.033088
2012-05-31, 0.032843
2012-06-01, 0.032923
2012-06-04, 0.032911
2012-06-05, 0.033368
2012-06-06, 0.033426
2012-06-07, 0.033596
2012-06-08, 0.034053
2012-06-11, 0.034083
2012-06-12, 0.034462
2012-06-13, 0.034606
2012-06-14, 0.034800
2012-06-15, 0.034970
2012-06-18, 0.035027
2012-06-19, 0.034997
2012-06-20, 0.035362
2012-06-21, 0.035794
2012-06-22, 0.036366
2012-06-25, 0.036398
2012-06-26, 0.035990
2012-06-27, 0.036045
2012-06-28, 0.036968
2012-06-29, 0.036975
2012-07-02, 0.037763
2012-07-03, 0.037686
2012-07-04, 0.038076
2012-07-05, 0.038238
2012-07-06, 0.038005
2012-07-09, 0.038030
2012-07-10, 0.038164
2012-07-11, 0.038565
2012-07-12, 0.038552
2012-07-13, 0.038168
2012-07-16, 0.038308
2012-07-17, 0.038345
2012-07-18, 0.038214
2012-07-19, 0.038111
2012-07-20, 0.038250
2012-07-23, 0.037866
2012-07-24, 0.037240
2012-07-25, 0.037653
2012-07-26, 0.037988
2012-07-27, 0.038781
2012-07-30, 0.039384
2012-07-31, 0.039548
2012-08-01, 0.039483
2012-08-02, 0.039366
2012-08-03, 0.039134
2012-08-06, 0.039761
2012-08-07, 0.040288
2012-08-08, 0.039920
2012-08-09, 0.039767
2012-08-10, 0.039437
2012-08-13, 0.039474
2012-08-14, 0.039751
2012-08-15, 0.039263
2012-08-16, 0.039232
2012-08-17, 0.039595
2012-08-22, 0.040059
2012-08-23, 0.040276
2012-08-24, 0.040214
2012-08-27, 0.040114
2012-08-28, 0.040145
2012-08-29, 0.040400
2012-08-31, 0.040467
2012-09-03, 0.040826
2012-09-04, 0.041096
2012-09-05, 0.041005
2012-09-06, 0.041217
2012-09-07, 0.041297
2012-09-10, 0.041502
2012-09-11, 0.041531
2012-09-12, 0.041469
2012-09-13, 0.041585
2012-09-14, 0.041157
2012-09-17, 0.041538
2012-09-18, 0.041573
2012-09-19, 0.041414
2012-09-20, 0.041067
2012-09-21, 0.040924
2012-09-24, 0.041574
2012-09-25, 0.041194
2012-09-26, 0.041427
2012-09-27, 0.041430
2012-09-28, 0.041031
2012-10-01, 0.040672
2012-10-02, 0.040754
2012-10-03, 0.041287
2012-10-04, 0.041314
2012-10-05, 0.040636
2012-10-08, 0.041334
2012-10-09, 0.041285
2012-10-10, 0.041503
2012-10-11, 0.041692
2012-10-12, 0.042136
2012-10-15, 0.042232
2012-10-16, 0.042198
2012-10-17, 0.042463
2012-10-18, 0.042499
2012-10-19, 0.042356
2012-10-22, 0.042263
2012-10-23, 0.042539
2012-10-24, 0.042354
2012-10-30, 0.042415
2012-10-31, 0.042699
2012-11-01, 0.043182
2012-11-02, 0.043349
2012-11-05, 0.042772
2012-11-06, 0.043397
2012-11-07, 0.043232
2012-11-08, 0.043084
2012-11-09, 0.043267
2012-11-12, 0.043078
2012-11-13, 0.042905
2012-11-14, 0.042949
2012-11-15, 0.043061
2012-11-16, 0.042913
2012-11-19, 0.042690
2012-11-20, 0.042371
2012-11-21, 0.042495
2012-11-22, 0.042751
2012-11-23, 0.042545
2012-11-26, 0.042633
2012-11-27, 0.043223
2012-11-28, 0.043376
2012-11-29, 0.043297
2012-11-30, 0.043732
2012-12-03, 0.043818
2012-12-04, 0.044471
2012-12-05, 0.045127
2012-12-06, 0.045489
2012-12-07, 0.045889
2012-12-10, 0.046109
2012-12-11, 0.046599
2012-12-12, 0.046880
2012-12-13, 0.046816
2012-12-14, 0.046677
2012-12-17, 0.046434
2012-12-18, 0.046534
2012-12-19, 0.046825
2012-12-20, 0.046742
2012-12-21, 0.046509
2012-12-24, 0.046489
2012-12-25, 0.047233
2012-12-26, 0.047466
2012-12-27, 0.047800
2012-12-28, 0.048051
2012-12-31, 0.047969
2013-01-02, 0.047582
2013-01-03, 0.048261
2013-01-04, 0.048678
2013-01-07, 0.048543
2013-01-08, 0.048978
2013-01-09, 0.049332
2013-01-10, 0.049585
2013-01-11, 0.049760
2013-01-14, 0.050016
2013-01-15, 0.050426
2013-01-16, 0.050480
2013-01-17, 0.051276
2013-01-18, 0.052162
2013-01-21, 0.052167
2013-01-22, 0.052290
2013-01-23, 0.052341
2013-01-24, 0.052781
2013-01-25, 0.052876
2013-01-28, 0.052435
2013-01-29, 0.050531
2013-01-30, 0.049812
2013-01-31, 0.048933
2013-02-01, 0.048776
2013-02-04, 0.048919
2013-02-05, 0.049343
2013-02-06, 0.049324
2013-02-07, 0.049257
2013-02-08, 0.048716
2013-02-11, 0.048225
2013-02-12, 0.048177
2013-02-13, 0.048459
2013-02-14, 0.048541
2013-02-15, 0.047786
2013-02-18, 0.048026
2013-02-19, 0.048433
2013-02-20, 0.048388
2013-02-21, 0.048601
2013-02-22, 0.048048
2013-02-25, 0.047268
2013-02-26, 0.047472
2013-02-27, 0.047684
2013-02-28, 0.048234
2013-03-01, 0.048700
2013-03-04, 0.048811
2013-03-05, 0.049449
2013-03-06, 0.049917
2013-03-07, 0.050369
2013-03-08, 0.050299
2013-03-11, 0.050705
2013-03-12, 0.050850
2013-03-13, 0.050784
2013-03-14, 0.050358
2013-03-15, 0.050143
2013-03-18, 0.050716
2013-03-19, 0.050715
2013-03-20, 0.050209
2013-03-21, 0.050187
2013-03-22, 0.050308
2013-03-25, 0.050319
2013-03-26, 0.050370
2013-03-27, 0.050951
2013-03-28, 0.050799
2013-03-29, 0.051425
2013-04-01, 0.051800
2013-04-02, 0.051880
2013-04-03, 0.051918
2013-04-04, 0.051302
2013-04-05, 0.050669
2013-04-08, 0.050133
2013-04-09, 0.050871
2013-04-10, 0.050660
2013-04-11, 0.050527
2013-04-12, 0.051295
2013-04-15, 0.051511
2013-04-16, 0.051655
2013-04-17, 0.051203
2013-04-18, 0.050954
2013-04-19, 0.050187
2013-04-22, 0.050289
2013-04-24, 0.050662
2013-04-25, 0.051187
2013-04-26, 0.051204
2013-04-29, 0.051204
2013-04-30, 0.051351
2013-05-02, 0.051974
2013-05-03, 0.053245
2013-05-06, 0.053422
2013-05-07, 0.053900
2013-05-08, 0.053679
2013-05-09, 0.054397
2013-05-10, 0.054120
2013-05-13, 0.053954
2013-05-14, 0.054151
2013-05-15, 0.054937
2013-05-16, 0.055335
2013-05-17, 0.055333
2013-05-20, 0.055326
2013-05-21, 0.054400
2013-05-22, 0.055039
2013-05-23, 0.055799
2013-05-24, 0.054921
2013-05-27, 0.054895
2013-05-28, 0.054735
2013-05-29, 0.054687
2013-05-30, 0.053366
2013-05-31, 0.053446
2013-06-03, 0.052753
2013-06-04, 0.048291
2013-06-05, 0.050258
2013-06-06, 0.049558
2013-06-07, 0.047593
2013-06-10, 0.048903
2013-06-11, 0.047910
2013-06-12, 0.047281
2013-06-13, 0.048174
2013-06-14, 0.048118
2013-06-17, 0.050033
2013-06-18, 0.049393
2013-06-19, 0.048937
2013-06-20, 0.049415
2013-06-21, 0.046497
2013-06-24, 0.046126
2013-06-25, 0.044328
2013-06-26, 0.044673
2013-06-27, 0.046084
2013-06-28, 0.047108
2013-07-01, 0.047073
2013-07-02, 0.047518
2013-07-03, 0.047434
2013-07-04, 0.045806
2013-07-05, 0.046777
2013-07-08, 0.045461
2013-07-09, 0.044748
2013-07-10, 0.044939
2013-07-11, 0.044298
2013-07-12, 0.044507
2013-07-15, 0.045776
2013-07-16, 0.047074
2013-07-17, 0.046752
2013-07-18, 0.047507
2013-07-19, 0.047372
2013-07-22, 0.046669
2013-07-23, 0.046565
2013-07-24, 0.046322
2013-07-25, 0.045626
2013-07-26, 0.045628
2013-07-29, 0.044965
2013-07-30, 0.045213
2013-07-31, 0.046054
2013-08-01, 0.045391
2013-08-02, 0.045472
2013-08-05, 0.045856
2013-08-06, 0.045948
2013-08-07, 0.045764
2013-08-12, 0.045573
2013-08-13, 0.046610
2013-08-14, 0.046644
2013-08-15, 0.046616
2013-08-16, 0.045812
2013-08-19, 0.045965
2013-08-20, 0.045002
2013-08-21, 0.044860
2013-08-22, 0.043481
2013-08-23, 0.042740
2013-08-26, 0.042588
2013-08-27, 0.043024
2013-08-28, 0.041225
2013-08-29, 0.041273
2013-09-02, 0.041754
2013-09-03, 0.042821
2013-09-04, 0.042018
2013-09-05, 0.041943
2013-09-06, 0.041711
2013-09-09, 0.042063
2013-09-10, 0.043287
2013-09-11, 0.044434
2013-09-12, 0.044292
2013-09-13, 0.044908
2013-09-16, 0.044378
2013-09-17, 0.046000
2013-09-18, 0.046401
2013-09-19, 0.046379
2013-09-20, 0.049118
2013-09-23, 0.048120
2013-09-24, 0.047554
2013-09-25, 0.047407
2013-09-26, 0.047254
2013-09-27, 0.046924
2013-09-30, 0.046373
2013-10-01, 0.046103
2013-10-02, 0.047246
2013-10-03, 0.046512
2013-10-04, 0.047259
2013-10-07, 0.047294
2013-10-08, 0.046970
2013-10-09, 0.046487
2013-10-10, 0.046148
2013-10-11, 0.046766
2013-10-14, 0.047192
2013-10-21, 0.047193
2013-10-22, 0.048524
2013-10-23, 0.048973
2013-10-24, 0.048521
2013-10-25, 0.048779
2013-10-28, 0.049060
2013-10-30, 0.049332
2013-10-31, 0.048833
2013-11-01, 0.047952
2013-11-04, 0.047402
2013-11-05, 0.047252
2013-11-06, 0.046287
2013-11-07, 0.046864
2013-11-08, 0.046804
2013-11-11, 0.045569
2013-11-12, 0.044701
2013-11-13, 0.044696
2013-11-14, 0.044811
2013-11-15, 0.045717
2013-11-18, 0.045988
2013-11-19, 0.046667
2013-11-20, 0.046205
2013-11-21, 0.046591
2013-11-22, 0.046347
2013-11-25, 0.046928
2013-11-26, 0.047424
2013-11-27, 0.046792
2013-11-28, 0.046436
2013-11-29, 0.046333
2013-12-02, 0.046888
2013-12-03, 0.046473
2013-12-04, 0.045361
2013-12-05, 0.045477
2013-12-06, 0.044906
2013-12-09, 0.045717
2013-12-10, 0.046061
2013-12-11, 0.045980
2013-12-12, 0.045836
2013-12-13, 0.045316
2013-12-16, 0.045925
2013-12-17, 0.046437
2013-12-18, 0.043775
2013-12-19, 0.044009
2013-12-20, 0.042613
2013-12-23, 0.043095
2013-12-24, 0.042168
2013-12-25, 0.042657
2013-12-26, 0.041077
2013-12-27, 0.040088
2013-12-30, 0.039687
2013-12-31, 0.041719
2014-01-02, 0.041903
2014-01-03, 0.041276
2014-01-06, 0.040764
2014-01-07, 0.041907
2014-01-08, 0.042261
2014-01-09, 0.041570
2014-01-10, 0.041148
2014-01-13, 0.042036
2014-01-14, 0.042112
2014-01-15, 0.042113
2014-01-16, 0.042178
2014-01-17, 0.041639
2014-01-20, 0.041070
2014-01-21, 0.041030
2014-01-22, 0.041421
2014-01-23, 0.041864
2014-01-24, 0.040892
2014-01-27, 0.040129
2014-01-28, 0.040301
2014-01-29, 0.039673
2014-01-30, 0.038812
2014-01-31, 0.039237
2014-02-03, 0.038790
2014-02-04, 0.038742
2014-02-05, 0.039374
2014-02-06, 0.039170
2014-02-07, 0.040269
2014-02-10, 0.040308
2014-02-11, 0.040079
2014-02-12, 0.040276
2014-02-13, 0.040384
2014-02-14, 0.040015
2014-02-17, 0.040754
2014-02-18, 0.041033
2014-02-19, 0.040356
2014-02-20, 0.039954
2014-02-21, 0.040179
2014-02-24, 0.040269
2014-02-25, 0.040415
2014-02-26, 0.039220
2014-02-27, 0.038966
2014-02-28, 0.039178
2014-03-03, 0.039481
2014-03-04, 0.038778
2014-03-05, 0.039786
2014-03-06, 0.039998
2014-03-07, 0.040245
2014-03-10, 0.039773
2014-03-11, 0.039463
2014-03-12, 0.039468
2014-03-13, 0.039610
2014-03-14, 0.039727
2014-03-17, 0.039657
2014-03-18, 0.040155
2014-03-19, 0.041158
2014-03-20, 0.040977
2014-03-21, 0.040816
2014-03-24, 0.040488
2014-03-25, 0.039955
2014-03-26, 0.040494
2014-03-27, 0.042443
2014-03-28, 0.041984
2014-03-31, 0.043192
2014-04-01, 0.043698
2014-04-02, 0.044443
2014-04-03, 0.044459
2014-04-04, 0.044885
2014-04-07, 0.045449
2014-04-08, 0.045380
2014-04-09, 0.046100
2014-04-10, 0.045329
2014-04-11, 0.045696
2014-04-14, 0.045463
2014-04-15, 0.046064
2014-04-16, 0.045491
2014-04-17, 0.045513
2014-04-18, 0.046011
2014-04-21, 0.046081
2014-04-22, 0.046267
2014-04-24, 0.046159
2014-04-25, 0.045716
2014-04-28, 0.045307
2014-04-29, 0.046058
2014-04-30, 0.046164
2014-05-02, 0.046897
2014-05-05, 0.047596
2014-05-06, 0.047401
2014-05-07, 0.047587
2014-05-08, 0.047436
2014-05-09, 0.047838
2014-05-12, 0.047855
2014-05-13, 0.047926
2014-05-14, 0.047775
2014-05-15, 0.047892
2014-05-16, 0.047637
2014-05-20, 0.047512
2014-05-21, 0.047702
2014-05-22, 0.048310
2014-05-23, 0.049096
2014-05-26, 0.049229
2014-05-27, 0.049642
2014-05-28, 0.049050
2014-05-29, 0.049235
2014-05-30, 0.049860
2014-06-02, 0.050050
2014-06-03, 0.049775
2014-06-04, 0.049867
2014-06-05, 0.049590
2014-06-06, 0.050264
2014-06-09, 0.050700
2014-06-10, 0.050951
2014-06-11, 0.051372
2014-06-12, 0.049946
2014-06-13, 0.050451
2014-06-16, 0.050023
2014-06-17, 0.049148
2014-06-18, 0.049383
2014-06-19, 0.049435
2014-06-20, 0.049877
2014-06-23, 0.049584
2014-06-24, 0.050061
2014-06-25, 0.049833
2014-06-26, 0.049846
2014-06-27, 0.049376
2014-06-30, 0.049573
2014-07-01, 0.049603
2014-07-02, 0.048791
2014-07-03, 0.048667
2014-07-04, 0.048999
2014-07-07, 0.049158
2014-07-08, 0.049790
2014-07-09, 0.049888
2014-07-10, 0.049919
2014-07-11, 0.049407
2014-07-14, 0.049770
2014-07-15, 0.050514
2014-07-16, 0.050777
2014-07-17, 0.051325
2014-07-18, 0.051004
2014-07-21, 0.051306
2014-07-22, 0.051360
2014-07-23, 0.051611
2014-07-24, 0.051694
2014-07-25, 0.052349
2014-07-31, 0.052569
2014-08-01, 0.051439
2014-08-04, 0.051493
2014-08-05, 0.051329
2014-08-06, 0.050553
2014-08-07, 0.049765
2014-08-08, 0.049485
2014-08-11, 0.049651
2014-08-12, 0.048479
2014-08-13, 0.048736
2014-08-14, 0.048566
2014-08-15, 0.048576
2014-08-18, 0.047939
2014-08-19, 0.048499
2014-08-20, 0.049580
2014-08-21, 0.049460
2014-08-22, 0.049568
2014-08-25, 0.049611
2014-08-26, 0.049877
2014-08-27, 0.050521
2014-08-28, 0.050217
2014-08-29, 0.050451
2014-09-01, 0.050125
2014-09-02, 0.050549
2014-09-03, 0.050374
2014-09-04, 0.050802
2014-09-05, 0.051353
2014-09-08, 0.051337
2014-09-09, 0.051319
2014-09-10, 0.050095
2014-09-11, 0.049847
2014-09-12, 0.049579
2014-09-15, 0.048717
2014-09-16, 0.048826
2014-09-17, 0.049256
2014-09-18, 0.049389
2014-09-19, 0.048479
2014-09-22, 0.048350
2014-09-23, 0.048323
2014-09-24, 0.048263
2014-09-25, 0.047477
2014-09-26, 0.047093
2014-09-29, 0.046985
2014-09-30, 0.046986
2014-10-01, 0.047205
2014-10-02, 0.046767
2014-10-03, 0.046799
2014-10-08, 0.047086
2014-10-09, 0.046259
2014-10-10, 0.047557
2014-10-13, 0.046584
2014-10-14, 0.047502
2014-10-15, 0.047233
2014-10-16, 0.047343
2014-10-17, 0.047101
2014-10-20, 0.047763
2014-10-21, 0.048159
2014-10-22, 0.048975
2014-10-23, 0.049304
2014-10-24, 0.050096
2014-10-27, 0.049999
2014-10-28, 0.049839
2014-10-30, 0.049968
2014-10-31, 0.050152
2014-11-03, 0.050731
2014-11-04, 0.050436
2014-11-05, 0.050720
2014-11-06, 0.050068
2014-11-07, 0.049391
2014-11-10, 0.049757
2014-11-11, 0.049577
2014-11-12, 0.050019
2014-11-13, 0.051187
2014-11-14, 0.051450
2014-11-17, 0.051684
2014-11-18, 0.051526
2014-11-19, 0.051937
2014-11-20, 0.051983
2014-11-21, 0.052750
2014-11-24, 0.053100
2014-11-25, 0.053027
2014-11-26, 0.053379
2014-11-27, 0.053836
2014-11-28, 0.054102
2014-12-01, 0.054886
2014-12-02, 0.054735
2014-12-03, 0.054065
2014-12-04, 0.054176
2014-12-05, 0.054970
2014-12-08, 0.054389
2014-12-09, 0.054194
2014-12-10, 0.053544
2014-12-11, 0.053899
2014-12-12, 0.054211
2014-12-15, 0.053308
2014-12-16, 0.053163
2014-12-17, 0.050971
2014-12-18, 0.051937
2014-12-19, 0.053359
2014-12-22, 0.053453
2014-12-23, 0.054240
2014-12-24, 0.053884
2014-12-25, 0.054055
2014-12-26, 0.054151
2014-12-29, 0.054188
2014-12-30, 0.053664
2014-12-31, 0.053807
2015-01-02, 0.054606
2015-01-05, 0.054443
2015-01-06, 0.055032
2015-01-07, 0.055310
2015-01-08, 0.055216
2015-01-09, 0.055746
2015-01-12, 0.055773
2015-01-13, 0.055906
2015-01-14, 0.056251
2015-01-15, 0.055912
2015-01-16, 0.056187
2015-01-19, 0.056118
2015-01-20, 0.056397
2015-01-21, 0.057093
2015-01-22, 0.057780
2015-01-23, 0.058220
2015-01-26, 0.058156
2015-01-27, 0.058492
2015-01-28, 0.058359
2015-01-29, 0.057977
2015-01-30, 0.056904
2015-02-02, 0.057073
2015-02-03, 0.057575
2015-02-04, 0.056222
2015-02-05, 0.055367
2015-02-06, 0.055263
2015-02-09, 0.054792
2015-02-10, 0.054455
2015-02-11, 0.053574
2015-02-12, 0.053903
2015-02-13, 0.055465
2015-02-16, 0.055329
2015-02-17, 0.055433
2015-02-18, 0.054421
2015-02-19, 0.055065
2015-02-20, 0.055597
2015-02-23, 0.055106
2015-02-24, 0.055467
2015-02-25, 0.055654
2015-02-26, 0.055637
2015-02-27, 0.055162
2015-03-02, 0.054190
2015-03-03, 0.054068
2015-03-04, 0.054224
2015-03-05, 0.052972
2015-03-06, 0.052295
2015-03-09, 0.052045
2015-03-10, 0.052205
2015-03-11, 0.050638
2015-03-12, 0.050846
2015-03-13, 0.050847
2015-03-16, 0.049926
2015-03-17, 0.050721
2015-03-18, 0.051671
2015-03-19, 0.051608
2015-03-20, 0.052699
2015-03-23, 0.052950
2015-03-24, 0.053754
2015-03-25, 0.052665
2015-03-26, 0.053101
2015-03-27, 0.052419
2015-03-30, 0.052093
2015-03-31, 0.052844
2015-04-01, 0.052058
2015-04-02, 0.052353
2015-04-03, 0.052559
2015-04-06, 0.053319
2015-04-07, 0.053765
2015-04-08, 0.053368
2015-04-09, 0.053486
2015-04-10, 0.053935
2015-04-13, 0.053368
2015-04-14, 0.052979
2015-04-15, 0.053187
2015-04-16, 0.052619
2015-04-17, 0.053302
2015-04-20, 0.053437
2015-04-21, 0.053322
2015-04-22, 0.054457
2015-04-24, 0.054164
2015-04-27, 0.055139
2015-04-28, 0.055800
2015-04-29, 0.055664
2015-04-30, 0.055599
2015-05-04, 0.054310
2015-05-05, 0.054247
2015-05-06, 0.053889
2015-05-07, 0.053378
2015-05-08, 0.053516
2015-05-11, 0.054484
2015-05-12, 0.054798
2015-05-13, 0.055039
2015-05-14, 0.055771
2015-05-15, 0.056273
2015-05-18, 0.056403
2015-05-20, 0.056947
2015-05-21, 0.056372
2015-05-22, 0.055711
2015-05-25, 0.055302
2015-05-26, 0.054524
2015-05-27, 0.054329
2015-05-28, 0.054724
2015-05-29, 0.054363
2015-06-01, 0.053982
2015-06-02, 0.052573
2015-06-03, 0.053162
2015-06-04, 0.054331
2015-06-05, 0.053759
2015-06-08, 0.053458
2015-06-09, 0.050809
2015-06-10, 0.051029
2015-06-11, 0.051976
2015-06-12, 0.052655
2015-06-15, 0.052466
2015-06-16, 0.051571
2015-06-17, 0.052294
2015-06-18, 0.052598
2015-06-19, 0.053255
2015-06-22, 0.053528
2015-06-23, 0.054205
2015-06-24, 0.054013
2015-06-25, 0.054564
2015-06-26, 0.054053
2015-06-29, 0.054113
2015-06-30, 0.053089
2015-07-01, 0.053351
2015-07-02, 0.052932
2015-07-03, 0.053038
2015-07-06, 0.052718
2015-07-07, 0.053420
2015-07-08, 0.052867
2015-07-09, 0.052115
2015-07-10, 0.053225
2015-07-13, 0.053589
2015-07-14, 0.053996
2015-07-15, 0.053839
2015-07-16, 0.053631
2015-07-20, 0.053651
2015-07-21, 0.052819
2015-07-22, 0.052954
2015-07-23, 0.052833
2015-07-24, 0.051317
2015-07-27, 0.051548
2015-07-28, 0.050794
2015-07-29, 0.051284
2015-07-30, 0.051369
2015-07-31, 0.051477
2015-08-03, 0.052455
2015-08-04, 0.051402
2015-08-05, 0.051351
2015-08-06, 0.051246
2015-08-07, 0.051705
2015-08-10, 0.051475
2015-08-11, 0.051040
2015-08-12, 0.052277
2015-08-13, 0.051414
2015-08-14, 0.050603
2015-08-17, 0.050770
2015-08-18, 0.050554
2015-08-19, 0.049866
2015-08-20, 0.049403
2015-08-21, 0.049045
2015-08-24, 0.048406
2015-08-25, 0.047040
2015-08-26, 0.048367
2015-08-27, 0.048384
2015-08-28, 0.048995
2015-08-31, 0.048888
2015-09-01, 0.049180
2015-09-02, 0.048319
2015-09-03, 0.048455
2015-09-04, 0.048577
2015-09-07, 0.047983
2015-09-08, 0.047369
2015-09-09, 0.047487
2015-09-10, 0.047497
2015-09-11, 0.047397
2015-09-14, 0.047097
2015-09-15, 0.046941
2015-09-16, 0.048137
2015-09-17, 0.048706
2015-09-18, 0.049065
2015-09-21, 0.049115
2015-09-22, 0.049574
2015-09-23, 0.049172
2015-09-28, 0.049066
2015-09-29, 0.048282
2015-09-30, 0.048843
2015-10-01, 0.048843
2015-10-02, 0.049071
2015-10-05, 0.049096
2015-10-06, 0.050674
2015-10-07, 0.050831
2015-10-08, 0.051638
2015-10-09, 0.051707
2015-10-12, 0.051967
2015-10-13, 0.051912
2015-10-14, 0.051396
2015-10-15, 0.051996
2015-10-16, 0.051906
2015-10-19, 0.051412
2015-10-20, 0.052088
2015-10-21, 0.052593
2015-10-22, 0.052168
2015-10-23, 0.052430
2015-10-26, 0.052360
2015-10-27, 0.051737
2015-10-28, 0.051332
2015-10-30, 0.051259
2015-11-02, 0.051899
2015-11-03, 0.055038
2015-11-04, 0.054660
2015-11-05, 0.055291
2015-11-06, 0.054836
2015-11-09, 0.054184
2015-11-10, 0.054250
2015-11-11, 0.053644
2015-11-12, 0.054033
2015-11-13, 0.054321
2015-11-16, 0.054187
2015-11-17, 0.053618
2015-11-18, 0.053737
2015-11-19, 0.053350
2015-11-20, 0.053287
2015-11-23, 0.053527
2015-11-24, 0.052913
2015-11-25, 0.050712
2015-11-26, 0.051038
2015-11-27, 0.049692
2015-11-30, 0.050177
2015-12-01, 0.049934
2015-12-02, 0.050977
2015-12-03, 0.050750
2015-12-04, 0.050190
2015-12-07, 0.049498
2015-12-08, 0.049346
2015-12-09, 0.048811
2015-12-10, 0.049862
2015-12-11, 0.048378
2015-12-14, 0.046979
2015-12-15, 0.046461
2015-12-16, 0.048274
2015-12-17, 0.048667
2015-12-18, 0.049181
2015-12-21, 0.048463
2015-12-22, 0.049101
2015-12-23, 0.048878
2015-12-24, 0.049446
2015-12-25, 0.049364
2015-12-28, 0.049362
2015-12-29, 0.049550
2015-12-30, 0.049485
2015-12-31, 0.049063
2016-01-05, 0.047423
2016-01-06, 0.047467
2016-01-07, 0.047793
2016-01-08, 0.047992
2016-01-11, 0.047480
2016-01-12, 0.047850
2016-01-13, 0.048225
2016-01-14, 0.048676
2016-01-15, 0.048366
2016-01-18, 0.047881
2016-01-19, 0.047858
2016-01-20, 0.047904
2016-01-21, 0.046995
2016-01-22, 0.046338
2016-01-25, 0.047306
2016-01-26, 0.047452
2016-01-27, 0.048289
2016-01-28, 0.048378
2016-01-29, 0.048715
2016-02-01, 0.049441
2016-02-02, 0.049424
2016-02-03, 0.048738
2016-02-04, 0.049224
2016-02-05, 0.049962
2016-02-08, 0.049640
2016-02-09, 0.048191
2016-02-10, 0.047812
2016-02-11, 0.047992
2016-02-12, 0.047575
2016-02-15, 0.047441
2016-02-16, 0.047476
2016-02-17, 0.047498
2016-02-18, 0.048616
2016-02-19, 0.048805
2016-02-22, 0.048488
2016-02-23, 0.049644
2016-02-24, 0.049971
2016-02-25, 0.049010
2016-02-26, 0.049699
2016-02-29, 0.049630
2016-03-01, 0.050177
2016-03-02, 0.050251
2016-03-03, 0.050823
2016-03-04, 0.050992
2016-03-07, 0.051305
2016-03-08, 0.051541
2016-03-09, 0.051678
2016-03-10, 0.052375
2016-03-11, 0.052420
2016-03-14, 0.052753
2016-03-15, 0.053105
2016-03-16, 0.052321
2016-03-17, 0.052400
2016-03-18, 0.053701
2016-03-21, 0.054570
2016-03-22, 0.054883
2016-03-23, 0.053638
2016-03-24, 0.052907
2016-03-25, 0.053424
2016-03-28, 0.053499
2016-03-29, 0.053445
2016-03-30, 0.053619
2016-03-31, 0.054436
2016-04-01, 0.054683
2016-04-04, 0.054075
2016-04-05, 0.054998
2016-04-06, 0.054514
2016-04-07, 0.053901
2016-04-08, 0.053667
2016-04-11, 0.054434
2016-04-12, 0.055363
2016-04-13, 0.055185
2016-04-14, 0.056420
2016-04-15, 0.056471
2016-04-18, 0.056536
2016-04-19, 0.057004
2016-04-20, 0.056951
2016-04-21, 0.056551
2016-04-22, 0.056603
2016-04-25, 0.056789
2016-04-26, 0.056386
2016-04-27, 0.056952
2016-04-28, 0.056741
2016-04-29, 0.056829
2016-05-02, 0.056724
2016-05-03, 0.055810
2016-05-04, 0.054140
2016-05-05, 0.053084
2016-05-06, 0.052538
2016-05-09, 0.052116
2016-05-10, 0.052725
2016-05-11, 0.052598
2016-05-12, 0.052713
2016-05-13, 0.052374
2016-05-16, 0.051994
2016-05-17, 0.051556
2016-05-18, 0.051679
2016-05-20, 0.051645
2016-05-23, 0.050964
2016-05-24, 0.051375
2016-05-25, 0.053097
2016-05-26, 0.052782
2016-05-27, 0.052470
2016-05-30, 0.052549
2016-05-31, 0.052921
2016-06-01, 0.052611
2016-06-02, 0.052156
2016-06-03, 0.051718
2016-06-06, 0.052751
2016-06-07, 0.053156
2016-06-08, 0.052791
2016-06-09, 0.053235
2016-06-10, 0.052478
2016-06-13, 0.052035
2016-06-14, 0.051821
2016-06-15, 0.051480
2016-06-16, 0.051766
2016-06-17, 0.050755
2016-06-20, 0.051293
2016-06-21, 0.052605
2016-06-22, 0.052675
2016-06-23, 0.052626
2016-06-24, 0.053123
2016-06-27, 0.051473
2016-06-28, 0.051443
2016-06-29, 0.052365
2016-06-30, 0.052153
2016-07-01, 0.052314
2016-07-04, 0.052838
2016-07-08, 0.053111
2016-07-11, 0.052891
2016-07-12, 0.053788
2016-07-13, 0.055026
2016-07-14, 0.055194
2016-07-15, 0.055869
2016-07-18, 0.055968
2016-07-19, 0.052009
2016-07-20, 0.051422
2016-07-21, 0.050596
2016-07-22, 0.048500
2016-07-25, 0.048551
2016-07-26, 0.050054
2016-07-27, 0.049687
2016-07-28, 0.050470
2016-07-29, 0.050546
2016-08-01, 0.050753
2016-08-02, 0.051474
2016-08-03, 0.051006
2016-08-04, 0.050308
2016-08-05, 0.051223
2016-08-08, 0.051057
2016-08-09, 0.052183
2016-08-10, 0.052735
2016-08-11, 0.052318
2016-08-12, 0.052980
2016-08-15, 0.052357
2016-08-16, 0.052503
2016-08-17, 0.052053
2016-08-18, 0.052347
2016-08-19, 0.052240
2016-08-22, 0.052355
2016-08-23, 0.052212
2016-08-24, 0.051862
2016-08-25, 0.051118
2016-08-26, 0.051582
2016-08-29, 0.051832
2016-08-31, 0.051163
2016-09-01, 0.051326
2016-09-02, 0.051265
2016-09-05, 0.051900
2016-09-06, 0.052431
2016-09-07, 0.052459
2016-09-08, 0.052237
2016-09-09, 0.052472
2016-09-16, 0.052075
2016-09-19, 0.051502
2016-09-20, 0.052397
2016-09-21, 0.052165
2016-09-22, 0.052561
2016-09-23, 0.053762
2016-09-26, 0.053757
2016-09-27, 0.051811
2016-09-28, 0.052186
2016-09-29, 0.052554
2016-09-30, 0.052159
2016-10-03, 0.051786
2016-10-04, 0.052202
2016-10-05, 0.051998
2016-10-06, 0.052493
2016-10-07, 0.052588
2016-10-10, 0.052553
2016-10-11, 0.052480
2016-10-12, 0.052302
2016-10-13, 0.052187
2016-10-14, 0.051717
2016-10-17, 0.052236
2016-10-18, 0.052218
2016-10-19, 0.052796
2016-10-20, 0.053385
2016-10-21, 0.053501
2016-10-24, 0.053250
2016-10-25, 0.053959
2016-10-26, 0.053676
2016-10-27, 0.053683
2016-10-28, 0.053325
2016-10-31, 0.053160
2016-11-01, 0.053285
2016-11-02, 0.052680
2016-11-03, 0.052488
2016-11-04, 0.052178
2016-11-07, 0.050764
2016-11-08, 0.051642
2016-11-09, 0.052062
2016-11-10, 0.052169
2016-11-11, 0.052357
2016-11-14, 0.051817
2016-11-15, 0.051415
2016-11-16, 0.051833
2016-11-17, 0.051763
2016-11-18, 0.051904
2016-11-21, 0.052236
2016-11-22, 0.052121
2016-11-23, 0.052406
2016-11-24, 0.051869
2016-11-25, 0.051348
2016-11-28, 0.051459
2016-11-29, 0.051921
2016-11-30, 0.051379
2016-12-01, 0.051367
2016-12-02, 0.050487
2016-12-05, 0.051067
2016-12-06, 0.051284
2016-12-07, 0.052341
2016-12-08, 0.052707
2016-12-09, 0.052627
2016-12-12, 0.052432
2016-12-13, 0.052753
2016-12-14, 0.053274
2016-12-15, 0.053211
2016-12-16, 0.053748
2016-12-19, 0.053710
2016-12-20, 0.053439
2016-12-21, 0.053798
2016-12-22, 0.053658
2016-12-23, 0.053526
2016-12-26, 0.053359
2016-12-27, 0.053395
2016-12-28, 0.053201
2016-12-29, 0.053734
2016-12-30, 0.053846
2017-01-02, 0.054010
2017-01-03, 0.053813
2017-01-04, 0.053143
2017-01-05, 0.052833
2017-01-06, 0.052975
2017-01-09, 0.053332
2017-01-10, 0.053603
2017-01-11, 0.053570
2017-01-12, 0.053580
2017-01-13, 0.055554
2017-01-16, 0.055904
2017-01-17, 0.055950
2017-01-18, 0.056424
2017-01-19, 0.056692
2017-01-20, 0.056454
2017-01-23, 0.056921
2017-01-24, 0.056857
2017-01-25, 0.057684
2017-01-26, 0.057062
2017-01-27, 0.057504
2017-01-30, 0.057469
2017-01-31, 0.059156
2017-02-01, 0.059146
2017-02-02, 0.059569
2017-02-03, 0.059831
2017-02-06, 0.060557
2017-02-07, 0.059875
2017-02-08, 0.060069
2017-02-09, 0.060730
2017-02-10, 0.061069
2017-02-13, 0.060069
2017-02-14, 0.060858
2017-02-15, 0.060594
2017-02-16, 0.060363
2017-02-17, 0.060543
2017-02-20, 0.061000
2017-02-21, 0.060831
2017-02-22, 0.061113
2017-02-23, 0.060843
2017-02-24, 0.061260
2017-02-27, 0.060690
2017-02-28, 0.060454
2017-03-01, 0.060254
2017-03-02, 0.061542
2017-03-03, 0.061985
2017-03-06, 0.061774
2017-03-07, 0.062610
2017-03-08, 0.062562
2017-03-09, 0.061818
2017-03-10, 0.061572
2017-03-13, 0.062109
2017-03-14, 0.061914
2017-03-15, 0.061731
2017-03-16, 0.062042
2017-03-17, 0.062522
2017-03-20, 0.062658
2017-03-21, 0.062984
2017-03-22, 0.062742
2017-03-23, 0.062324
2017-03-24, 0.062386
2017-03-27, 0.062792
2017-03-28, 0.062437
2017-03-29, 0.062799
2017-03-30, 0.062184
2017-03-31, 0.062316
2017-04-03, 0.062155
2017-04-04, 0.062171
2017-04-05, 0.062506
2017-04-06, 0.063128
2017-04-07, 0.062925
2017-04-10, 0.062795
2017-04-11, 0.064546
2017-04-12, 0.064331
2017-04-13, 0.064374
2017-04-14, 0.063627
2017-04-17, 0.063798
2017-04-18, 0.064241
2017-04-19, 0.064782
2017-04-20, 0.064430
2017-04-21, 0.065139
2017-04-24, 0.065425
2017-04-25, 0.066455
2017-04-26, 0.066989
2017-04-27, 0.066939
2017-04-28, 0.066913
2017-05-02, 0.067065
2017-05-03, 0.066913
2017-05-04, 0.066632
2017-05-05, 0.066273
2017-05-08, 0.066772
2017-05-09, 0.066747
2017-05-10, 0.067736
2017-05-11, 0.068302
2017-05-12, 0.067573
2017-05-15, 0.067584
2017-05-16, 0.067964
2017-05-17, 0.068398
2017-05-18, 0.068082
2017-05-22, 0.067776
2017-05-23, 0.068648
2017-05-24, 0.069495
2017-05-25, 0.069929
2017-05-26, 0.069524
2017-05-29, 0.069398
2017-05-30, 0.069569
2017-05-31, 0.069352
2017-06-01, 0.069509
2017-06-02, 0.069422
2017-06-05, 0.070342
2017-06-06, 0.069929
2017-06-07, 0.070030
2017-06-08, 0.069636
2017-06-09, 0.069880
2017-06-12, 0.070501
2017-06-13, 0.070910
2017-06-14, 0.070955
2017-06-15, 0.071032
2017-06-16, 0.070669
2017-06-19, 0.070335
2017-06-20, 0.071140
2017-06-21, 0.071115
2017-06-22, 0.071149
2017-06-23, 0.071567
2017-06-28, 0.071323
2017-06-29, 0.071806
2017-06-30, 0.071436
2017-07-03, 0.071657
2017-07-04, 0.071703
2017-07-05, 0.072162
2017-07-06, 0.071839
2017-07-07, 0.071740
2017-07-10, 0.071451
2017-07-11, 0.072096
2017-07-12, 0.073170
2017-07-13, 0.073465
2017-07-14, 0.073638
2017-07-17, 0.074221
2017-07-18, 0.074963
2017-07-19, 0.074581
2017-07-20, 0.075584
2017-07-21, 0.075206
2017-07-24, 0.075109
2017-07-25, 0.075100
2017-07-26, 0.075302
2017-07-27, 0.075394
2017-07-28, 0.076236
2017-07-31, 0.075681
2017-08-01, 0.075559
2017-08-02, 0.074655
2017-08-03, 0.074802
2017-08-04, 0.075102
2017-08-07, 0.075879
2017-08-08, 0.076630
2017-08-09, 0.076488
2017-08-10, 0.076011
2017-08-11, 0.075530
2017-08-14, 0.075095
2017-08-15, 0.076626
2017-08-16, 0.075322
2017-08-17, 0.075259
2017-08-18, 0.075343
2017-08-21, 0.075646
2017-08-22, 0.076631
2017-08-23, 0.076619
2017-08-24, 0.076786
2017-08-25, 0.076967
2017-08-28, 0.077267
2017-08-29, 0.077745
2017-08-31, 0.077743
2017-09-05, 0.077528
2017-09-06, 0.076704
2017-09-07, 0.077201
2017-09-08, 0.077210
2017-09-11, 0.076653
2017-09-12, 0.077390
2017-09-13, 0.077245
2017-09-14, 0.076637
2017-09-15, 0.076718
2017-09-18, 0.076596
2017-09-19, 0.075777
2017-09-20, 0.074813
2017-09-21, 0.074974
2017-09-22, 0.074205
2017-09-25, 0.074344
2017-09-26, 0.073080
2017-09-27, 0.074233
2017-09-28, 0.072668
2017-09-29, 0.073630
2017-10-02, 0.073907
2017-10-03, 0.074463
2017-10-04, 0.074494
2017-10-05, 0.074915
2017-10-06, 0.074773
2017-10-09, 0.074625
2017-10-10, 0.072761
2017-10-11, 0.074148
2017-10-12, 0.074423
2017-10-13, 0.075729
2017-10-16, 0.076024
2017-10-17, 0.076281
2017-10-18, 0.076692
2017-10-19, 0.076656
2017-10-20, 0.077728
2017-10-23, 0.077701
2017-10-24, 0.076877
2017-10-25, 0.076886
2017-10-26, 0.077582
2017-10-27, 0.077027
2017-10-30, 0.077335
2017-10-31, 0.077693
2017-11-01, 0.078647
2017-11-02, 0.080492
2017-11-03, 0.080541
2017-11-06, 0.079354
2017-11-07, 0.081099
2017-11-09, 0.079683
2017-11-10, 0.078981
2017-11-13, 0.078143
2017-11-14, 0.078019
2017-11-15, 0.079043
2017-11-17, 0.077294
2017-11-20, 0.076848
2017-11-21, 0.075304
2017-11-22, 0.076118
2017-11-23, 0.076469
2017-11-24, 0.075932
2017-11-27, 0.075697
2017-11-28, 0.075937
2017-11-29, 0.074401
2017-11-30, 0.074516
2017-12-01, 0.075435
2017-12-04, 0.075449
2017-12-05, 0.076759
2017-12-06, 0.077157
2017-12-07, 0.076459
2017-12-08, 0.077316
2017-12-11, 0.078223
2017-12-12, 0.078962
2017-12-13, 0.078758
2017-12-14, 0.078285
2017-12-15, 0.079344
2017-12-18, 0.079214
2017-12-19, 0.079674
2017-12-20, 0.079632
2017-12-21, 0.079853
2017-12-22, 0.080530
2017-12-25, 0.080425
2017-12-26, 0.080877
2017-12-27, 0.080970
2017-12-28, 0.081154
2017-12-29, 0.082783
2018-01-02, 0.083333
2018-01-03, 0.084364
2018-01-04, 0.083394
2018-01-05, 0.083038
2018-01-08, 0.083963
2018-01-09, 0.083829
2018-01-10, 0.082937
2018-01-11, 0.082076
2018-01-12, 0.082918
2018-01-15, 0.083028
2018-01-16, 0.081654
2018-01-17, 0.082962
2018-01-18, 0.084450
2018-01-19, 0.084560
2018-01-22, 0.083511
2018-01-23, 0.084776
2018-01-24, 0.085504
2018-01-25, 0.086236
2018-01-26, 0.085611
2018-01-29, 0.087161
2018-01-30, 0.087162
2018-01-31, 0.086303
2018-02-01, 0.086498
2018-02-02, 0.086206
2018-02-05, 0.085686
2018-02-06, 0.084821
2018-02-07, 0.083969
2018-02-08, 0.084190
2018-02-09, 0.083483
2018-02-12, 0.082937
2018-02-13, 0.083841
2018-02-14, 0.083638
2018-02-15, 0.082752
2018-02-16, 0.084490
2018-02-19, 0.084795
2018-02-20, 0.084422
2018-02-21, 0.082804
2018-02-22, 0.084599
2018-02-23, 0.085025
2018-02-26, 0.085456
2018-02-27, 0.086157
2018-02-28, 0.086092
2018-03-01, 0.086284
2018-03-02, 0.085427
2018-03-05, 0.084849
2018-03-06, 0.084994
2018-03-07, 0.085030
2018-03-08, 0.085049
2018-03-09, 0.084696
2018-03-12, 0.084924
2018-03-13, 0.086188
2018-03-14, 0.086101
2018-03-15, 0.085823
2018-03-16, 0.085752
2018-03-19, 0.085543
2018-03-20, 0.084317
2018-03-21, 0.085102
2018-03-22, 0.085898
2018-03-23, 0.085462
2018-03-26, 0.085065
2018-03-27, 0.085022
2018-03-28, 0.084803
2018-03-29, 0.083763
2018-03-30, 0.085063
2018-04-02, 0.085061
2018-04-03, 0.084748
2018-04-04, 0.084980
2018-04-05, 0.084769
2018-04-06, 0.085356
2018-04-09, 0.085446
2018-04-10, 0.084387
2018-04-11, 0.082982
2018-04-12, 0.082003
2018-04-13, 0.082633
2018-04-16, 0.082209
2018-04-17, 0.083022
2018-04-18, 0.081633
2018-04-19, 0.084193
2018-04-20, 0.084352
