2003-10-17, 0.000000
2003-10-20, 0.000000
2003-10-21, 0.000000
2003-10-22, 9997.000000
2003-10-23, 9936.000000
2003-10-24, 9822.000000
2003-10-27, 9815.000000
2003-10-28, 9741.000000
2003-10-30, 9770.000000
2003-10-31, 9902.000000
2003-11-03, 10027.000000
2003-11-04, 10163.000000
2003-11-05, 10207.000000
2003-11-06, 10219.000000
2003-11-07, 10021.000000
2003-11-10, 10003.000000
2003-11-11, 10029.000000
2003-11-12, 10037.000000
2003-11-13, 10101.000000
2003-11-14, 10191.000000
2003-11-17, 10209.000000
2003-11-18, 10147.000000
2003-11-19, 10155.000000
2003-11-20, 10158.000000
2003-11-21, 10098.000000
2003-11-24, 10108.000000
2003-11-28, 10146.000000
2003-12-01, 10165.000000
2003-12-02, 10183.000000
2003-12-03, 10257.000000
2003-12-04, 10336.000000
2003-12-05, 10383.000000
2003-12-08, 10424.000000
2003-12-09, 10578.000000
2003-12-10, 10610.000000
2003-12-11, 10546.000000
2003-12-12, 10554.000000
2003-12-15, 10680.000000
2003-12-16, 10859.000000
2003-12-17, 10853.000000
2003-12-18, 10851.000000
2003-12-19, 11045.000000
2003-12-22, 11299.000000
2003-12-23, 11377.000000
2003-12-24, 11338.000000
2003-12-25, 11289.000000
2003-12-26, 11098.000000
2003-12-29, 11124.000000
2003-12-30, 11157.000000
2003-12-31, 11271.000000
2004-01-02, 11432.000000
2004-01-05, 11581.000000
2004-01-06, 11862.000000
2004-01-07, 11692.000000
2004-01-08, 11741.000000
2004-01-09, 11824.000000
2004-01-12, 11934.000000
2004-01-13, 11938.000000
2004-01-14, 11835.000000
2004-01-15, 11702.000000
2004-01-16, 11648.000000
2004-01-19, 11475.000000
2004-01-20, 11231.000000
2004-01-21, 11509.000000
2004-01-22, 11600.000000
2004-01-23, 11531.000000
2004-01-26, 11542.000000
2004-01-27, 11533.000000
2004-01-28, 11437.000000
2004-01-29, 11320.000000
2004-01-30, 11120.000000
2004-02-05, 11076.000000
2004-02-06, 11076.000000
2004-02-09, 11048.000000
2004-02-10, 11173.000000
2004-02-11, 11270.000000
2004-02-12, 11275.000000
2004-02-13, 11544.000000
2004-02-16, 11604.000000
2004-02-17, 11770.000000
2004-02-18, 11657.000000
2004-02-19, 11687.000000
2004-02-20, 11605.000000
2004-02-23, 11507.000000
2004-02-24, 11517.000000
2004-02-25, 11550.000000
2004-02-26, 11586.000000
2004-02-27, 11623.000000
2004-03-01, 11620.000000
2004-03-02, 11633.000000
2004-03-03, 11741.000000
2004-03-04, 11768.000000
2004-03-05, 11714.000000
2004-03-08, 11758.000000
2004-03-09, 11865.000000
2004-03-10, 11872.000000
2004-03-11, 11832.000000
2004-03-12, 11746.000000
2004-03-15, 11756.000000
2004-03-16, 11732.000000
2004-03-17, 11713.000000
2004-03-18, 11654.000000
2004-03-19, 11721.000000
2004-03-22, 11843.000000
2004-03-23, 11929.000000
2004-03-24, 11880.000000
2004-03-25, 11909.000000
2004-03-26, 11938.000000
2004-03-29, 12054.000000
2004-03-30, 12142.000000
2004-03-31, 12001.000000
2004-04-01, 11984.000000
2004-04-02, 12019.000000
2004-04-05, 12123.000000
2004-04-06, 12129.000000
2004-04-07, 12080.000000
2004-04-08, 12013.000000
2004-04-09, 11780.000000
2004-04-12, 11773.000000
2004-04-13, 11642.000000
2004-04-14, 11593.000000
2004-04-15, 11579.000000
2004-04-16, 11422.000000
2004-04-19, 11522.000000
2004-04-20, 11631.000000
2004-04-21, 11623.000000
2004-04-22, 11577.000000
2004-04-26, 11623.000000
2004-04-27, 11477.000000
2004-04-28, 11313.000000
2004-04-29, 11315.000000
2004-04-30, 11151.000000
2004-05-03, 11189.000000
2004-05-04, 11058.000000
2004-05-05, 11103.000000
2004-05-06, 11134.000000
2004-05-07, 11036.000000
2004-05-10, 10885.000000
2004-05-11, 10869.000000
2004-05-12, 10934.000000
2004-05-13, 10956.000000
2004-05-14, 10897.000000
2004-05-17, 10860.000000
2004-05-18, 10795.000000
2004-05-20, 10845.000000
2004-05-21, 10908.000000
2004-05-24, 10980.000000
2004-05-25, 11057.000000
2004-05-26, 10994.000000
2004-05-27, 11088.000000
2004-05-28, 11025.000000
2004-05-31, 11119.000000
2004-06-01, 11041.000000
2004-06-02, 11010.000000
2004-06-03, 10974.000000
2004-06-04, 11010.000000
2004-06-07, 11103.000000
2004-06-08, 11190.000000
2004-06-09, 11209.000000
2004-06-10, 11185.000000
2004-06-11, 11188.000000
2004-06-14, 11164.000000
2004-06-15, 11004.000000
2004-06-16, 10993.000000
2004-06-17, 11054.000000
2004-06-18, 11005.000000
2004-06-21, 11005.000000
2004-06-22, 11000.000000
2004-06-23, 11000.000000
2004-06-24, 10959.000000
2004-06-25, 10974.000000
2004-06-28, 11038.000000
2004-06-29, 11096.000000
2004-06-30, 11119.000000
2004-07-01, 11149.000000
2004-07-02, 11247.000000
2004-07-05, 11312.000000
2004-07-06, 11409.000000
2004-07-07, 11374.000000
2004-07-08, 11342.000000
2004-07-09, 11347.000000
2004-07-12, 11346.000000
2004-07-13, 11367.000000
2004-07-14, 11427.000000
2004-07-15, 11439.000000
2004-07-16, 11510.000000
2004-07-19, 11576.000000
2004-07-20, 11587.000000
2004-07-21, 11548.000000
2004-07-22, 11483.000000
2004-07-23, 11439.000000
2004-07-26, 11504.000000
2004-07-27, 11466.000000
2004-07-28, 11447.000000
2004-07-29, 11524.000000
2004-07-30, 11598.000000
2004-08-02, 11693.000000
2004-08-03, 11741.000000
2004-08-04, 11697.000000
2004-08-05, 11584.000000
2004-08-06, 11693.000000
2004-08-09, 11660.000000
2004-08-10, 11790.000000
2004-08-11, 11824.000000
2004-08-12, 11722.000000
2004-08-13, 11649.000000
2004-08-16, 11678.000000
2004-08-17, 11742.000000
2004-08-18, 11901.000000
2004-08-19, 11971.000000
2004-08-20, 11879.000000
2004-08-23, 11905.000000
2004-08-24, 11974.000000
2004-08-25, 12100.000000
2004-08-26, 12128.000000
2004-08-27, 12111.000000
2004-08-31, 12232.000000
2004-09-01, 12336.000000
2004-09-02, 12476.000000
2004-09-03, 12459.000000
2004-09-06, 12501.000000
2004-09-07, 12517.000000
2004-09-08, 12660.000000
2004-09-09, 12832.000000
2004-09-10, 12837.000000
2004-09-13, 12792.000000
2004-09-14, 12719.000000
2004-09-15, 12839.000000
2004-09-16, 12894.000000
2004-09-17, 12853.000000
2004-09-20, 12746.000000
2004-09-21, 12515.000000
2004-09-22, 12626.000000
2004-09-23, 12729.000000
2004-09-24, 12883.000000
2004-09-27, 12989.000000
2004-09-28, 12912.000000
2004-09-29, 12956.000000
2004-09-30, 12978.000000
2004-10-01, 12898.000000
2004-10-04, 12849.000000
2004-10-05, 12898.000000
2004-10-06, 12818.000000
2004-10-07, 12954.000000
2004-10-08, 13037.000000
2004-10-11, 13152.000000
2004-10-12, 13157.000000
2004-10-13, 13043.000000
2004-10-14, 13135.000000
2004-10-15, 13091.000000
2004-10-18, 13103.000000
2004-10-19, 13085.000000
2004-10-20, 13160.000000
2004-10-21, 13064.000000
2004-10-22, 13050.000000
2004-10-25, 13077.000000
2004-10-26, 12990.000000
2004-10-27, 13004.000000
2004-10-28, 13129.000000
2004-11-01, 13201.000000
2004-11-02, 13256.000000
2004-11-03, 13278.000000
2004-11-04, 13389.000000
2004-11-05, 13298.000000
2004-11-08, 13266.000000
2004-11-09, 13136.000000
2004-11-10, 13087.000000
2004-11-11, 13054.000000
2004-11-12, 12934.000000
2004-11-17, 12966.000000
2004-11-18, 13031.000000
2004-11-19, 13208.000000
2004-11-22, 13206.000000
2004-11-23, 13130.000000
2004-11-24, 13242.000000
2004-11-25, 13313.000000
2004-11-26, 13255.000000
2004-11-29, 13196.000000
2004-11-30, 13063.000000
2004-12-01, 12908.000000
2004-12-02, 12990.000000
2004-12-03, 13015.000000
2004-12-06, 12986.000000
2004-12-07, 13055.000000
2004-12-08, 13005.000000
2004-12-09, 12934.000000
2004-12-10, 12887.000000
2004-12-13, 12939.000000
2004-12-14, 13063.000000
2004-12-15, 13096.000000
2004-12-16, 13060.000000
2004-12-17, 13247.000000
2004-12-20, 13234.000000
2004-12-21, 13451.000000
2004-12-22, 13431.000000
2004-12-23, 13559.000000
2004-12-24, 13559.000000
2004-12-27, 13520.000000
2004-12-28, 13537.000000
2004-12-29, 13615.000000
2004-12-30, 13691.000000
2004-12-31, 13705.000000
2005-01-03, 13727.000000
2005-01-04, 0.013791
2005-01-05, 0.013764
2005-01-06, 0.013572
2005-01-07, 0.013572
2005-01-10, 0.013673
2005-01-11, 0.013733
2005-01-12, 0.013867
2005-01-13, 0.013951
2005-01-14, 0.013965
2005-01-17, 0.014029
2005-01-18, 0.014037
2005-01-19, 0.013981
2005-01-24, 0.013972
2005-01-25, 0.013912
2005-01-26, 0.013956
2005-01-27, 0.013987
2005-01-28, 0.014063
2005-01-31, 0.014095
2005-02-01, 0.014059
2005-02-02, 0.014241
2005-02-03, 0.014371
2005-02-04, 0.014415
2005-02-07, 0.014491
2005-02-08, 0.014563
2005-02-09, 0.014500
2005-02-10, 0.014400
2005-02-11, 0.014304
2005-02-14, 0.014365
2005-02-15, 0.014383
2005-02-16, 0.014385
2005-02-17, 0.014127
2005-02-18, 0.014094
2005-02-21, 0.014167
2005-02-22, 0.014254
2005-02-23, 0.014133
2005-02-24, 0.014107
2005-02-25, 0.014320
2005-02-28, 0.014430
2005-03-01, 0.014528
2005-03-02, 0.014518
2005-03-03, 0.014561
2005-03-04, 0.014590
2005-03-07, 0.014624
2005-03-08, 0.014697
2005-03-09, 0.014693
2005-03-10, 0.014717
2005-03-11, 0.014600
2005-03-14, 0.014690
2005-03-15, 0.014519
2005-03-16, 0.014444
2005-03-17, 0.014244
2005-03-18, 0.014007
2005-03-21, 0.014196
2005-03-22, 0.013938
2005-03-23, 0.014045
2005-03-24, 0.013801
2005-03-25, 0.013904
2005-03-28, 0.013973
2005-03-29, 0.013885
2005-03-30, 0.013794
2005-03-31, 0.013789
2005-04-01, 0.013871
2005-04-04, 0.013950
2005-04-05, 0.013822
2005-04-06, 0.013795
2005-04-07, 0.013880
2005-04-08, 0.013895
2005-04-11, 0.013898
2005-04-12, 0.013810
2005-04-13, 0.013823
2005-04-14, 0.013747
2005-04-15, 0.013684
2005-04-18, 0.013591
2005-04-19, 0.013490
2005-04-20, 0.013578
2005-04-21, 0.013658
2005-04-22, 0.013696
2005-04-25, 0.013770
2005-04-26, 0.013757
2005-04-27, 0.013717
2005-04-28, 0.013674
2005-04-29, 0.013675
2005-05-02, 0.013690
2005-05-03, 0.013732
2005-05-04, 0.013735
2005-05-05, 0.013756
2005-05-06, 0.013842
2005-05-09, 0.013804
2005-05-10, 0.013800
2005-05-11, 0.013840
2005-05-12, 0.013770
2005-05-13, 0.013835
2005-05-16, 0.013849
2005-05-17, 0.013793
2005-05-18, 0.013723
2005-05-20, 0.013753
2005-05-23, 0.013823
2005-05-24, 0.013445
2005-05-25, 0.013319
2005-05-26, 0.013259
2005-05-27, 0.013273
2005-05-30, 0.013346
2005-05-31, 0.013425
2005-06-01, 0.013481
2005-06-02, 0.013496
2005-06-03, 0.013578
2005-06-06, 0.013655
2005-06-07, 0.013534
2005-06-08, 0.013474
2005-06-09, 0.013584
2005-06-10, 0.013513
2005-06-13, 0.013583
2005-06-14, 0.013624
2005-06-15, 0.013667
2005-06-16, 0.013703
2005-06-17, 0.013810
2005-06-20, 0.013809
2005-06-21, 0.013838
2005-06-22, 0.013917
2005-06-23, 0.013892
2005-06-24, 0.013957
2005-06-27, 0.013920
2005-06-28, 0.013820
2005-06-29, 0.013848
2005-06-30, 0.013999
2005-07-01, 0.013969
2005-07-04, 0.014189
2005-07-05, 0.014300
2005-07-06, 0.014228
2005-07-07, 0.014331
2005-07-08, 0.014193
2005-07-11, 0.014352
2005-07-12, 0.014455
2005-07-13, 0.014402
2005-07-14, 0.014514
2005-07-15, 0.014657
2005-07-18, 0.014744
2005-07-19, 0.014732
2005-07-20, 0.014752
2005-07-21, 0.014800
2005-07-22, 0.014836
2005-07-25, 0.014870
2005-07-26, 0.014826
2005-07-27, 0.014715
2005-07-28, 0.014739
2005-07-29, 0.014862
2005-08-01, 0.014979
2005-08-02, 0.015085
2005-08-03, 0.015050
2005-08-04, 0.015132
2005-08-05, 0.015202
2005-08-08, 0.015205
2005-08-09, 0.015152
2005-08-10, 0.015095
2005-08-11, 0.015078
2005-08-12, 0.015022
2005-08-15, 0.014870
2005-08-16, 0.014777
2005-08-17, 0.014814
2005-08-18, 0.014695
2005-08-19, 0.014707
2005-08-22, 0.014731
2005-08-23, 0.014813
2005-08-24, 0.014851
2005-08-25, 0.014884
2005-08-26, 0.014938
2005-08-29, 0.015052
2005-08-31, 0.015067
2005-09-01, 0.015123
2005-09-02, 0.015238
2005-09-05, 0.015235
2005-09-06, 0.015222
2005-09-07, 0.015271
2005-09-08, 0.015287
2005-09-09, 0.015363
2005-09-12, 0.015478
2005-09-13, 0.015669
2005-09-14, 0.015865
2005-09-15, 0.015715
2005-09-16, 0.015929
2005-09-19, 0.016099
2005-09-20, 0.016112
2005-09-21, 0.016286
2005-09-22, 0.016199
2005-09-23, 0.016144
2005-09-26, 0.016094
2005-09-27, 0.016123
2005-09-28, 0.016088
2005-09-29, 0.015988
2005-09-30, 0.016157
2005-10-03, 0.016102
2005-10-04, 0.016139
2005-10-05, 0.016458
2005-10-06, 0.016476
2005-10-07, 0.016392
2005-10-10, 0.016308
2005-10-11, 0.016356
2005-10-12, 0.016366
2005-10-13, 0.016261
2005-10-14, 0.015964
2005-10-17, 0.015909
2005-10-18, 0.015928
2005-10-19, 0.016011
2005-10-20, 0.015847
2005-10-21, 0.015900
2005-10-24, 0.015884
2005-10-25, 0.015930
2005-10-26, 0.015926
2005-10-27, 0.015916
2005-10-28, 0.015799
2005-10-31, 0.015799
2005-11-01, 0.015931
2005-11-02, 0.016045
2005-11-07, 0.016115
2005-11-08, 0.016233
2005-11-09, 0.016228
2005-11-10, 0.016240
2005-11-11, 0.016380
2005-11-14, 0.016338
2005-11-15, 0.016405
2005-11-16, 0.016465
2005-11-17, 0.016482
2005-11-18, 0.016538
2005-11-21, 0.016598
2005-11-22, 0.016668
2005-11-23, 0.016608
2005-11-24, 0.016706
2005-11-25, 0.016736
2005-11-28, 0.016831
2005-11-29, 0.016770
2005-11-30, 0.016865
2005-12-01, 0.016924
2005-12-02, 0.017016
2005-12-05, 0.017118
2005-12-06, 0.017142
2005-12-07, 0.017160
2005-12-08, 0.017030
2005-12-09, 0.017001
2005-12-12, 0.016940
2005-12-13, 0.016986
2005-12-14, 0.017011
2005-12-15, 0.017061
2005-12-16, 0.016993
2005-12-19, 0.017024
2005-12-20, 0.017058
2005-12-21, 0.017041
2005-12-22, 0.017150
2005-12-23, 0.017222
2005-12-26, 0.017376
2005-12-27, 0.017432
2005-12-28, 0.017464
2005-12-29, 0.017450
2005-12-30, 0.017535
2006-01-02, 0.017564
2006-01-03, 0.017556
2006-01-04, 0.017657
2006-01-05, 0.017731
2006-01-06, 0.017758
2006-01-09, 0.017895
2006-01-16, 0.017886
2006-01-17, 0.018036
2006-01-18, 0.018195
2006-01-19, 0.017952
2006-01-20, 0.018123
2006-01-23, 0.018330
2006-01-24, 0.018181
2006-01-25, 0.018226
2006-01-26, 0.018417
2006-01-27, 0.018518
2006-01-30, 0.018477
2006-01-31, 0.018419
2006-02-01, 0.018337
2006-02-02, 0.018401
2006-02-03, 0.018376
2006-02-06, 0.018301
2006-02-07, 0.018316
2006-02-08, 0.018395
2006-02-09, 0.018136
2006-02-10, 0.018241
2006-02-13, 0.018324
2006-02-14, 0.018283
2006-02-15, 0.018186
2006-02-16, 0.018216
2006-02-17, 0.018495
2006-02-20, 0.018704
2006-02-21, 0.018757
2006-02-22, 0.018847
2006-02-23, 0.018769
2006-02-24, 0.018849
2006-02-27, 0.018976
2006-02-28, 0.019049
2006-03-01, 0.019108
2006-03-02, 0.019077
2006-03-03, 0.019089
2006-03-06, 0.018988
2006-03-07, 0.018905
2006-03-08, 0.018460
2006-03-09, 0.018239
2006-03-10, 0.018365
2006-03-13, 0.018317
2006-03-14, 0.018507
2006-03-15, 0.018374
2006-03-16, 0.018428
2006-03-17, 0.018368
2006-03-20, 0.018506
2006-03-21, 0.018431
2006-03-22, 0.018326
2006-03-23, 0.018307
2006-03-24, 0.018347
2006-03-27, 0.018276
2006-03-28, 0.018168
2006-03-29, 0.018066
2006-03-30, 0.018093
2006-03-31, 0.018172
2006-04-03, 0.018228
2006-04-04, 0.018356
2006-04-05, 0.018393
2006-04-06, 0.018435
2006-04-07, 0.018366
2006-04-10, 0.018430
2006-04-11, 0.018290
2006-04-12, 0.018259
2006-04-13, 0.018242
2006-04-14, 0.018217
2006-04-17, 0.018218
2006-04-18, 0.018187
2006-04-19, 0.018285
2006-04-20, 0.018406
2006-04-21, 0.018411
2006-04-24, 0.018561
2006-04-25, 0.018635
2006-04-26, 0.018667
2006-04-27, 0.018612
2006-04-28, 0.018526
2006-05-01, 0.018510
2006-05-02, 0.018536
2006-05-03, 0.018547
2006-05-04, 0.018566
2006-05-05, 0.018550
2006-05-08, 0.018548
2006-05-09, 0.018578
2006-05-10, 0.018569
2006-05-11, 0.018492
2006-05-12, 0.018489
2006-05-15, 0.018367
2006-05-16, 0.018102
2006-05-17, 0.018098
2006-05-18, 0.018181
2006-05-22, 0.018013
2006-05-23, 0.017722
2006-05-24, 0.017674
2006-05-25, 0.017619
2006-05-26, 0.017709
2006-05-29, 0.017882
2006-05-30, 0.017977
2006-05-31, 0.017777
2006-06-01, 0.017858
2006-06-02, 0.017918
2006-06-05, 0.018041
2006-06-06, 0.017785
2006-06-07, 0.017732
2006-06-08, 0.017691
2006-06-09, 0.017486
2006-06-12, 0.017414
2006-06-13, 0.017463
2006-06-14, 0.017033
2006-06-15, 0.017010
2006-06-16, 0.017107
2006-06-19, 0.017148
2006-06-20, 0.017126
2006-06-21, 0.017134
2006-06-22, 0.016997
2006-06-23, 0.017046
2006-06-26, 0.016966
2006-06-27, 0.016595
2006-06-28, 0.016524
2006-06-29, 0.016668
2006-06-30, 0.016835
2006-07-03, 0.017024
2006-07-04, 0.017061
2006-07-05, 0.017213
2006-07-06, 0.017088
2006-07-07, 0.017076
2006-07-10, 0.017189
2006-07-11, 0.017217
2006-07-12, 0.017260
2006-07-13, 0.017276
2006-07-14, 0.017079
2006-07-17, 0.017081
2006-07-18, 0.016936
2006-07-19, 0.016967
2006-07-20, 0.017002
2006-07-21, 0.017165
2006-07-24, 0.017156
2006-07-25, 0.017155
2006-07-26, 0.017228
2006-07-27, 0.017357
2006-07-28, 0.017497
2006-07-31, 0.017428
2006-08-01, 0.017390
2006-08-02, 0.017336
2006-08-03, 0.017291
2006-08-04, 0.017271
2006-08-07, 0.017395
2006-08-08, 0.017430
2006-08-09, 0.017551
2006-08-10, 0.017691
2006-08-11, 0.017663
2006-08-14, 0.017691
2006-08-15, 0.017697
2006-08-16, 0.017628
2006-08-17, 0.017770
2006-08-18, 0.017780
2006-08-21, 0.017666
2006-08-22, 0.017621
2006-08-23, 0.017629
2006-08-24, 0.017651
2006-08-25, 0.017504
2006-08-28, 0.017577
2006-08-29, 0.017561
2006-08-31, 0.017626
2006-09-01, 0.017715
2006-09-04, 0.017745
2006-09-05, 0.017890
2006-09-06, 0.017928
2006-09-07, 0.017849
2006-09-08, 0.017784
2006-09-11, 0.017759
2006-09-12, 0.017759
2006-09-13, 0.017834
2006-09-14, 0.017945
2006-09-15, 0.017840
2006-09-18, 0.017890
2006-09-19, 0.017995
2006-09-20, 0.017999
2006-09-21, 0.017993
2006-09-22, 0.017924
2006-09-25, 0.017638
2006-09-26, 0.017646
2006-09-27, 0.017654
2006-09-28, 0.017807
2006-09-29, 0.017802
2006-10-02, 0.017804
2006-10-03, 0.017762
2006-10-04, 0.017810
2006-10-05, 0.017748
2006-10-06, 0.017842
2006-10-09, 0.017859
2006-10-10, 0.017882
2006-10-11, 0.017945
2006-10-12, 0.017967
2006-10-13, 0.018028
2006-10-16, 0.018118
2006-10-17, 0.018150
2006-10-18, 0.018125
2006-10-19, 0.018194
2006-10-20, 0.018266
2006-10-26, 0.018233
2006-10-27, 0.018365
2006-10-30, 0.018403
2006-10-31, 0.018319
2006-11-01, 0.018390
2006-11-02, 0.018424
2006-11-03, 0.018285
2006-11-06, 0.018176
2006-11-07, 0.018251
2006-11-08, 0.018306
2006-11-09, 0.018280
2006-11-10, 0.018305
2006-11-13, 0.018294
2006-11-14, 0.018199
2006-11-15, 0.018241
2006-11-16, 0.018255
2006-11-17, 0.018236
2006-11-20, 0.018195
2006-11-21, 0.018150
2006-11-22, 0.018196
2006-11-23, 0.018154
2006-11-24, 0.018165
2006-11-27, 0.018148
2006-11-28, 0.018228
2006-11-29, 0.018140
2006-11-30, 0.018186
2006-12-01, 0.018243
2006-12-04, 0.018249
2006-12-05, 0.018170
2006-12-06, 0.018226
2006-12-07, 0.018318
2006-12-08, 0.018533
2006-12-11, 0.018563
2006-12-12, 0.018560
2006-12-13, 0.018556
2006-12-14, 0.018481
2006-12-15, 0.018551
2006-12-18, 0.018724
2006-12-19, 0.018726
2006-12-20, 0.018587
2006-12-21, 0.018541
2006-12-22, 0.018503
2006-12-25, 0.018497
2006-12-26, 0.018485
2006-12-27, 0.018476
2006-12-28, 0.018411
2006-12-29, 0.018497
2007-01-04, 0.018519
2007-01-05, 0.018489
2007-01-08, 0.018382
2007-01-09, 0.018214
2007-01-10, 0.018138
2007-01-11, 0.018039
2007-01-12, 0.018139
2007-01-15, 0.018225
2007-01-16, 0.018307
2007-01-17, 0.018314
2007-01-18, 0.018342
2007-01-19, 0.018424
2007-01-22, 0.018472
2007-01-23, 0.018516
2007-01-24, 0.018513
2007-01-25, 0.018621
2007-01-26, 0.018663
2007-01-29, 0.018612
2007-01-30, 0.018585
2007-01-31, 0.018572
2007-02-01, 0.018580
2007-02-02, 0.018707
2007-02-05, 0.018877
2007-02-06, 0.018844
2007-02-07, 0.018860
2007-02-08, 0.018815
2007-02-09, 0.018756
2007-02-12, 0.018848
2007-02-13, 0.018808
2007-02-14, 0.018888
2007-02-15, 0.018995
2007-02-16, 0.019063
2007-02-19, 0.019063
2007-02-20, 0.019141
2007-02-21, 0.019139
2007-02-22, 0.018997
2007-02-23, 0.019067
2007-02-26, 0.019075
2007-02-27, 0.019085
2007-02-28, 0.018938
2007-03-01, 0.018893
2007-03-02, 0.018866
2007-03-05, 0.018797
2007-03-06, 0.018715
2007-03-07, 0.018825
2007-03-08, 0.018877
2007-03-09, 0.018987
2007-03-12, 0.019011
2007-03-13, 0.019014
2007-03-14, 0.018980
2007-03-15, 0.018895
2007-03-16, 0.018950
2007-03-19, 0.018977
2007-03-20, 0.019037
2007-03-21, 0.019061
2007-03-22, 0.019122
2007-03-23, 0.019253
2007-03-26, 0.019283
2007-03-27, 0.019241
2007-03-28, 0.019223
2007-03-29, 0.019231
2007-03-30, 0.019274
2007-04-02, 0.019356
2007-04-03, 0.019383
2007-04-04, 0.019446
2007-04-05, 0.019521
2007-04-06, 0.019643
2007-04-09, 0.019661
2007-04-10, 0.019657
2007-04-11, 0.019561
2007-04-12, 0.019661
2007-04-13, 0.019587
2007-04-16, 0.019640
2007-04-17, 0.019698
2007-04-18, 0.019707
2007-04-19, 0.019638
2007-04-20, 0.019645
2007-04-24, 0.019752
2007-04-25, 0.019714
2007-04-26, 0.019834
2007-04-27, 0.019866
2007-04-30, 0.019793
2007-05-01, 0.019416
2007-05-02, 0.019381
2007-05-03, 0.019484
2007-05-04, 0.019537
2007-05-07, 0.019540
2007-05-08, 0.019601
2007-05-09, 0.019605
2007-05-10, 0.019661
2007-05-11, 0.019624
2007-05-14, 0.019601
2007-05-15, 0.019667
2007-05-16, 0.019677
2007-05-17, 0.019732
2007-05-18, 0.019833
2007-05-21, 0.019863
2007-05-22, 0.019913
2007-05-23, 0.019962
2007-05-24, 0.019960
2007-05-25, 0.019948
2007-05-28, 0.019959
2007-05-29, 0.020011
2007-05-30, 0.020041
2007-05-31, 0.020018
2007-06-01, 0.020089
2007-06-04, 0.020086
2007-06-05, 0.020072
2007-06-06, 0.020106
2007-06-07, 0.020077
2007-06-08, 0.019996
2007-06-11, 0.019909
2007-06-12, 0.020007
2007-06-13, 0.019955
2007-06-14, 0.019934
2007-06-15, 0.019976
2007-06-18, 0.020061
2007-06-19, 0.020171
2007-06-20, 0.020221
2007-06-21, 0.020242
2007-06-22, 0.020150
2007-06-25, 0.020188
2007-06-26, 0.020164
2007-06-27, 0.020234
2007-06-28, 0.020216
2007-06-29, 0.020320
2007-07-02, 0.020394
2007-07-03, 0.020488
2007-07-04, 0.020606
2007-07-05, 0.020725
2007-07-06, 0.020745
2007-07-09, 0.020751
2007-07-10, 0.020892
2007-07-11, 0.020853
2007-07-12, 0.020764
2007-07-13, 0.020927
2007-07-16, 0.020983
2007-07-17, 0.020936
2007-07-18, 0.020920
2007-07-19, 0.020920
2007-07-20, 0.021068
2007-07-23, 0.021099
2007-07-24, 0.021387
2007-07-25, 0.021441
2007-07-26, 0.021436
2007-07-27, 0.021255
2007-07-30, 0.021146
2007-07-31, 0.021095
2007-08-01, 0.021323
2007-08-02, 0.021138
2007-08-03, 0.021149
2007-08-06, 0.021123
2007-08-07, 0.021047
2007-08-08, 0.021112
2007-08-09, 0.021203
2007-08-10, 0.021084
2007-08-13, 0.020931
2007-08-14, 0.021014
2007-08-15, 0.021003
2007-08-16, 0.020765
2007-08-17, 0.020422
2007-08-20, 0.020529
2007-08-21, 0.020653
2007-08-22, 0.020556
2007-08-23, 0.020665
2007-08-24, 0.020742
2007-08-27, 0.020703
2007-08-28, 0.020772
2007-08-29, 0.020792
2007-08-31, 0.020823
2007-09-03, 0.021050
2007-09-04, 0.021066
2007-09-05, 0.021099
2007-09-06, 0.021068
2007-09-07, 0.021026
2007-09-10, 0.021054
2007-09-11, 0.021010
2007-09-12, 0.021031
2007-09-13, 0.021033
2007-09-14, 0.021109
2007-09-17, 0.021185
2007-09-18, 0.021202
2007-09-19, 0.021202
2007-09-20, 0.021544
2007-09-21, 0.021593
2007-09-24, 0.021642
2007-09-25, 0.021683
2007-09-26, 0.021599
2007-09-27, 0.021725
2007-09-28, 0.021768
2007-10-01, 0.021741
2007-10-02, 0.021693
2007-10-03, 0.021841
2007-10-04, 0.021750
2007-10-05, 0.021845
2007-10-08, 0.022029
2007-10-09, 0.022064
2007-10-10, 0.022115
2007-10-11, 0.022210
2007-10-15, 0.022217
2007-10-16, 0.022227
2007-10-17, 0.022144
2007-10-18, 0.022193
2007-10-19, 0.022089
2007-10-22, 0.022051
2007-10-23, 0.021774
2007-10-24, 0.021991
2007-10-25, 0.021976
2007-10-26, 0.022050
2007-10-30, 0.022087
2007-10-31, 0.022106
2007-11-01, 0.022178
2007-11-02, 0.022140
2007-11-05, 0.022104
2007-11-06, 0.022026
2007-11-07, 0.022103
2007-11-08, 0.022072
2007-11-09, 0.022008
2007-11-12, 0.021891
2007-11-13, 0.021857
2007-11-14, 0.021900
2007-11-15, 0.022005
2007-11-16, 0.021947
2007-11-19, 0.021925
2007-11-20, 0.021836
2007-11-21, 0.021824
2007-11-22, 0.021743
2007-11-23, 0.021728
2007-11-26, 0.021768
2007-11-27, 0.021766
2007-11-28, 0.021653
2007-11-29, 0.021747
2007-11-30, 0.021867
2007-12-03, 0.022009
2007-12-04, 0.022016
2007-12-05, 0.021980
2007-12-06, 0.022120
2007-12-07, 0.022210
2007-12-10, 0.022307
2007-12-11, 0.022318
2007-12-12, 0.022316
2007-12-13, 0.022342
2007-12-14, 0.022267
2007-12-17, 0.022244
2007-12-18, 0.022134
2007-12-19, 0.022146
2007-12-24, 0.022157
2007-12-25, 0.022296
2007-12-26, 0.022328
2007-12-27, 0.022357
2007-12-28, 0.022342
2007-12-31, 0.022355
2008-01-02, 0.022340
2008-01-03, 0.022280
2008-01-04, 0.022199
2008-01-07, 0.022214
2008-01-08, 0.022154
2008-01-09, 0.022249
2008-01-10, 0.022215
2008-01-11, 0.022187
2008-01-14, 0.022161
2008-01-15, 0.022111
2008-01-16, 0.022044
2008-01-17, 0.021874
2008-01-18, 0.021783
2008-01-21, 0.021805
2008-01-22, 0.021304
2008-01-23, 0.021175
2008-01-24, 0.020996
2008-01-25, 0.021177
2008-01-28, 0.021371
2008-01-29, 0.021067
2008-01-30, 0.021175
2008-01-31, 0.021172
2008-02-01, 0.020970
2008-02-04, 0.021222
2008-02-05, 0.021397
2008-02-06, 0.021282
2008-02-07, 0.021074
2008-02-08, 0.020916
2008-02-11, 0.020840
2008-02-12, 0.020778
2008-02-13, 0.020963
2008-02-14, 0.021152
2008-02-15, 0.021315
2008-02-18, 0.021215
2008-02-19, 0.021370
2008-02-20, 0.021510
2008-02-21, 0.021397
2008-02-22, 0.021517
2008-02-25, 0.021475
2008-02-26, 0.021430
2008-02-27, 0.021463
2008-02-28, 0.021513
2008-02-29, 0.021478
2008-03-03, 0.021331
2008-03-04, 0.021126
2008-03-05, 0.021087
2008-03-06, 0.021134
2008-03-07, 0.021053
2008-03-10, 0.020882
2008-03-11, 0.020897
2008-03-12, 0.021137
2008-03-13, 0.021342
2008-03-14, 0.021070
2008-03-17, 0.021163
2008-03-18, 0.020580
2008-03-19, 0.020696
2008-03-20, 0.020776
2008-03-21, 0.020635
2008-03-24, 0.020669
2008-03-25, 0.020787
2008-03-26, 0.020815
2008-03-27, 0.020780
2008-03-28, 0.020800
2008-03-31, 0.020657
2008-04-01, 0.020527
2008-04-02, 0.020756
2008-04-03, 0.020929
2008-04-04, 0.020879
2008-04-07, 0.020910
2008-04-08, 0.021063
2008-04-09, 0.021066
2008-04-10, 0.021190
2008-04-11, 0.021101
2008-04-14, 0.021112
2008-04-15, 0.021078
2008-04-16, 0.021125
2008-04-17, 0.021107
2008-04-18, 0.021145
2008-04-21, 0.021266
2008-04-22, 0.021330
2008-04-24, 0.021372
2008-04-25, 0.021409
2008-04-28, 0.021540
2008-04-29, 0.021520
2008-04-30, 0.021459
2008-05-01, 0.021481
2008-05-02, 0.021472
2008-05-05, 0.021570
2008-05-06, 0.021624
2008-05-07, 0.021544
2008-05-08, 0.021503
2008-05-09, 0.021369
2008-05-12, 0.021314
2008-05-13, 0.021318
2008-05-14, 0.021333
2008-05-15, 0.021432
2008-05-16, 0.021495
2008-05-20, 0.021571
2008-05-21, 0.021469
2008-05-22, 0.021324
2008-05-23, 0.021284
2008-05-26, 0.021238
2008-05-27, 0.021275
2008-05-28, 0.021366
2008-05-29, 0.021321
2008-05-30, 0.021240
2008-06-02, 0.021418
2008-06-03, 0.021408
2008-06-04, 0.021444
2008-06-05, 0.021399
2008-06-06, 0.021465
2008-06-09, 0.021365
2008-06-10, 0.021195
2008-06-11, 0.021081
2008-06-12, 0.021096
2008-06-13, 0.021145
2008-06-16, 0.021107
2008-06-17, 0.021095
2008-06-18, 0.021130
2008-06-19, 0.021042
2008-06-20, 0.020991
2008-06-23, 0.020977
2008-06-24, 0.020899
2008-06-25, 0.020787
2008-06-26, 0.020842
2008-06-27, 0.020720
2008-06-30, 0.020507
2008-07-01, 0.020483
2008-07-02, 0.020129
2008-07-03, 0.020216
2008-07-04, 0.020276
2008-07-07, 0.020316
2008-07-08, 0.020462
2008-07-09, 0.020453
2008-07-10, 0.020653
2008-07-11, 0.020668
2008-07-14, 0.020551
2008-07-15, 0.020760
2008-07-16, 0.020662
2008-07-17, 0.020815
2008-07-18, 0.021188
2008-07-21, 0.021311
2008-07-22, 0.021396
2008-07-23, 0.021228
2008-07-24, 0.021340
2008-07-25, 0.021420
2008-07-28, 0.021261
2008-07-29, 0.021308
2008-07-30, 0.021392
2008-07-31, 0.021723
2008-08-01, 0.022000
2008-08-04, 0.022133
2008-08-05, 0.022316
2008-08-06, 0.022340
2008-08-07, 0.022304
2008-08-08, 0.022212
2008-08-11, 0.022136
2008-08-12, 0.022194
2008-08-13, 0.022266
2008-08-14, 0.022212
2008-08-15, 0.022251
2008-08-18, 0.022377
2008-08-19, 0.022410
2008-08-20, 0.022212
2008-08-21, 0.022051
2008-08-22, 0.022009
2008-08-25, 0.022180
2008-08-26, 0.022228
2008-08-27, 0.022087
2008-08-28, 0.022031
2008-08-29, 0.022048
2008-09-01, 0.022091
2008-09-02, 0.021982
2008-09-03, 0.022099
2008-09-04, 0.022062
2008-09-05, 0.021957
2008-09-08, 0.021797
2008-09-09, 0.022059
2008-09-10, 0.022000
2008-09-11, 0.021834
2008-09-12, 0.021592
2008-09-15, 0.021532
2008-09-16, 0.021200
2008-09-17, 0.020996
2008-09-18, 0.020783
2008-09-19, 0.020628
2008-09-22, 0.021414
2008-09-23, 0.021461
2008-09-24, 0.021250
2008-09-25, 0.021225
2008-09-26, 0.021345
2008-09-29, 0.021418
2008-10-03, 0.021386
2008-10-06, 0.021041
2008-10-07, 0.020657
2008-10-08, 0.020561
2008-10-09, 0.020279
2008-10-10, 0.020449
2008-10-13, 0.019886
2008-10-14, 0.020085
2008-10-15, 0.020265
2008-10-16, 0.019954
2008-10-17, 0.019392
2008-10-20, 0.019147
2008-10-21, 0.019218
2008-10-22, 0.019317
2008-10-23, 0.019020
2008-10-24, 0.018685
2008-10-27, 0.018468
2008-10-28, 0.018530
2008-10-30, 0.018891
2008-10-31, 0.019525
2008-11-03, 0.019608
2008-11-04, 0.019806
2008-11-05, 0.020031
2008-11-06, 0.020023
2008-11-07, 0.019835
2008-11-10, 0.019820
2008-11-11, 0.019889
2008-11-12, 0.019653
2008-11-13, 0.019493
2008-11-14, 0.019422
2008-11-17, 0.019560
2008-11-18, 0.019319
2008-11-19, 0.019127
2008-11-20, 0.018935
2008-11-21, 0.018645
2008-11-24, 0.018825
2008-11-25, 0.019411
2008-11-26, 0.019543
2008-11-27, 0.019436
2008-11-28, 0.019721
2008-12-01, 0.019746
2008-12-02, 0.019546
2008-12-03, 0.019567
2008-12-04, 0.019604
2008-12-05, 0.019778
2008-12-12, 0.019767
2008-12-15, 0.019953
2008-12-16, 0.020247
2008-12-17, 0.020321
2008-12-18, 0.020557
2008-12-19, 0.020590
2008-12-22, 0.020609
2008-12-23, 0.020635
2008-12-24, 0.020652
2008-12-25, 0.020609
2008-12-26, 0.020642
2008-12-29, 0.020752
2008-12-30, 0.020793
2008-12-31, 0.020845
2009-01-02, 0.020884
2009-01-05, 0.021036
2009-01-06, 0.021213
2009-01-07, 0.021371
2009-01-08, 0.021251
2009-01-09, 0.020937
2009-01-12, 0.020917
2009-01-13, 0.020783
2009-01-14, 0.020799
2009-01-15, 0.020811
2009-01-16, 0.020800
2009-01-19, 0.020991
2009-01-20, 0.020871
2009-01-21, 0.020799
2009-01-22, 0.020730
2009-01-23, 0.020822
2009-01-26, 0.020737
2009-01-27, 0.020987
2009-01-28, 0.020956
2009-01-29, 0.021122
2009-01-30, 0.021056
2009-02-02, 0.020949
2009-02-03, 0.020836
2009-02-04, 0.020955
2009-02-05, 0.021089
2009-02-06, 0.021045
2009-02-09, 0.021302
2009-02-10, 0.021464
2009-02-11, 0.021262
2009-02-12, 0.021120
2009-02-13, 0.021096
2009-02-16, 0.021178
2009-02-17, 0.021131
2009-02-18, 0.020868
2009-02-19, 0.020751
2009-02-20, 0.020908
2009-02-23, 0.020829
2009-02-24, 0.020887
2009-02-25, 0.020890
2009-02-26, 0.020921
2009-02-27, 0.020932
2009-03-02, 0.020884
2009-03-03, 0.020814
2009-03-04, 0.020801
2009-03-05, 0.020821
2009-03-06, 0.020686
2009-03-09, 0.020612
2009-03-10, 0.020547
2009-03-11, 0.020547
2009-03-12, 0.020679
2009-03-13, 0.020521
2009-03-16, 0.020786
2009-03-17, 0.020853
2009-03-18, 0.020777
2009-03-19, 0.020794
2009-03-20, 0.020936
2009-03-23, 0.020958
2009-03-24, 0.021282
2009-03-25, 0.021447
2009-03-26, 0.021502
2009-03-27, 0.021551
2009-03-30, 0.021555
2009-03-31, 0.021436
2009-04-01, 0.021594
2009-04-02, 0.021726
2009-04-03, 0.022044
2009-04-06, 0.022155
2009-04-07, 0.022226
2009-04-08, 0.022170
2009-04-09, 0.022275
2009-04-10, 0.022699
2009-04-13, 0.022898
2009-04-14, 0.022837
2009-04-15, 0.022787
2009-04-16, 0.022801
2009-04-17, 0.022968
2009-04-20, 0.023077
2009-04-21, 0.022893
2009-04-22, 0.022814
2009-04-24, 0.022891
2009-04-27, 0.022993
2009-04-28, 0.023027
2009-04-29, 0.022966
2009-04-30, 0.023220
2009-05-04, 0.023532
2009-05-05, 0.023597
2009-05-06, 0.023946
2009-05-07, 0.024016
2009-05-08, 0.024129
2009-05-11, 0.023875
2009-05-12, 0.023835
2009-05-13, 0.023964
2009-05-14, 0.023919
2009-05-15, 0.023909
2009-05-18, 0.023969
2009-05-20, 0.024016
2009-05-21, 0.024208
2009-05-22, 0.024201
2009-05-25, 0.024244
2009-05-26, 0.024275
2009-05-27, 0.024263
2009-05-28, 0.024308
2009-05-29, 0.024308
2009-06-01, 0.024375
2009-06-02, 0.024490
2009-06-03, 0.024473
2009-06-04, 0.024415
2009-06-05, 0.024269
2009-06-08, 0.024344
2009-06-09, 0.024201
2009-06-10, 0.024179
2009-06-11, 0.024249
2009-06-12, 0.024256
2009-06-15, 0.024305
2009-06-16, 0.024286
2009-06-17, 0.024300
2009-06-18, 0.024367
2009-06-19, 0.024411
2009-06-22, 0.024515
2009-06-23, 0.024478
2009-06-24, 0.024261
2009-06-25, 0.024374
2009-06-26, 0.024453
2009-06-29, 0.024677
2009-06-30, 0.024760
2009-07-01, 0.024728
2009-07-02, 0.024686
2009-07-03, 0.024737
2009-07-06, 0.024692
2009-07-07, 0.024619
2009-07-08, 0.024753
2009-07-09, 0.024738
2009-07-10, 0.024765
2009-07-13, 0.024695
2009-07-14, 0.024732
2009-07-15, 0.024718
2009-07-16, 0.024789
2009-07-17, 0.024910
2009-07-20, 0.024865
2009-07-21, 0.024925
2009-07-22, 0.024982
2009-07-23, 0.024998
2009-07-24, 0.025163
2009-07-27, 0.025379
2009-07-28, 0.025455
2009-07-29, 0.025487
2009-07-30, 0.025578
2009-07-31, 0.025941
2009-08-03, 0.026156
2009-08-04, 0.026403
2009-08-05, 0.026517
2009-08-06, 0.026477
2009-08-07, 0.026328
2009-08-10, 0.026484
2009-08-11, 0.026635
2009-08-12, 0.026603
2009-08-13, 0.026477
2009-08-14, 0.026789
2009-08-17, 0.026764
2009-08-18, 0.026564
2009-08-19, 0.026725
2009-08-20, 0.026793
2009-08-21, 0.027060
2009-08-24, 0.027373
2009-08-25, 0.027585
2009-08-26, 0.027627
2009-08-27, 0.027527
2009-08-28, 0.027552
2009-08-31, 0.027595
2009-09-01, 0.027418
2009-09-02, 0.027332
2009-09-03, 0.026974
2009-09-04, 0.027015
2009-09-07, 0.027062
2009-09-08, 0.027067
2009-09-09, 0.027052
2009-09-10, 0.027045
2009-09-11, 0.027109
2009-09-14, 0.027240
2009-09-15, 0.027311
2009-09-16, 0.027289
2009-09-17, 0.027335
2009-09-18, 0.027345
2009-09-23, 0.027397
2009-09-24, 0.027486
2009-09-25, 0.027522
2009-09-28, 0.027486
2009-09-29, 0.027495
2009-09-30, 0.027571
2009-10-01, 0.027660
2009-10-02, 0.027486
2009-10-05, 0.027161
2009-10-06, 0.027313
2009-10-07, 0.027606
2009-10-08, 0.027540
2009-10-09, 0.027734
2009-10-12, 0.027710
2009-10-13, 0.027887
2009-10-14, 0.027822
2009-10-15, 0.027907
2009-10-16, 0.027875
2009-10-19, 0.027685
2009-10-20, 0.027730
2009-10-21, 0.027857
2009-10-22, 0.027858
2009-10-23, 0.027871
2009-10-26, 0.027978
2009-10-27, 0.027966
2009-10-28, 0.027796
2009-10-30, 0.027648
2009-11-02, 0.027498
2009-11-03, 0.027351
2009-11-04, 0.027292
2009-11-05, 0.027362
2009-11-06, 0.027406
2009-11-09, 0.027426
2009-11-10, 0.027494
2009-11-11, 0.027516
2009-11-12, 0.027636
2009-11-13, 0.027627
2009-11-16, 0.027583
2009-11-17, 0.027612
2009-11-18, 0.027492
2009-11-19, 0.027414
2009-11-20, 0.027382
2009-11-23, 0.027329
2009-11-24, 0.027373
2009-11-25, 0.027366
2009-11-26, 0.027350
2009-12-01, 0.027324
2009-12-02, 0.027395
2009-12-03, 0.027552
2009-12-04, 0.027779
2009-12-07, 0.027843
2009-12-08, 0.027824
2009-12-09, 0.027803
2009-12-10, 0.027733
2009-12-11, 0.027780
2009-12-14, 0.027735
2009-12-15, 0.027847
2009-12-16, 0.027820
2009-12-17, 0.027930
2009-12-18, 0.027782
2009-12-21, 0.027791
2009-12-22, 0.027922
2009-12-23, 0.028029
2009-12-24, 0.028029
2009-12-25, 0.028031
2009-12-28, 0.028030
2009-12-29, 0.028108
2009-12-30, 0.028196
2009-12-31, 0.028193
2010-01-04, 0.028452
2010-01-05, 0.028493
2010-01-06, 0.028706
2010-01-07, 0.028829
2010-01-08, 0.028998
2010-01-11, 0.029023
2010-01-12, 0.028953
2010-01-13, 0.028859
2010-01-14, 0.029013
2010-01-15, 0.029087
2010-01-18, 0.029004
2010-01-19, 0.029087
2010-01-20, 0.029190
2010-01-21, 0.029327
2010-01-22, 0.029300
2010-01-25, 0.029013
2010-01-26, 0.029078
2010-01-27, 0.029080
2010-01-28, 0.029146
2010-01-29, 0.029218
2010-02-01, 0.029218
2010-02-02, 0.029363
2010-02-03, 0.029419
2010-02-04, 0.029414
2010-02-05, 0.029184
2010-02-08, 0.028808
2010-02-09, 0.028676
2010-02-10, 0.028770
2010-02-11, 0.028787
2010-02-12, 0.028788
2010-02-15, 0.028801
2010-02-16, 0.028963
2010-02-17, 0.029076
2010-02-18, 0.029253
2010-02-19, 0.029192
2010-02-22, 0.029201
2010-02-23, 0.029300
2010-02-24, 0.029141
2010-02-25, 0.028874
2010-02-26, 0.028706
2010-03-01, 0.028707
2010-03-02, 0.028987
2010-03-03, 0.029096
2010-03-04, 0.029052
2010-03-05, 0.029040
2010-03-08, 0.029153
2010-03-09, 0.029285
2010-03-10, 0.029227
2010-03-11, 0.029188
2010-03-12, 0.029166
2010-03-15, 0.029134
2010-03-16, 0.029072
2010-03-17, 0.029201
2010-03-18, 0.029377
2010-03-19, 0.029267
2010-03-22, 0.029203
2010-03-23, 0.029214
2010-03-24, 0.029325
2010-03-25, 0.029496
2010-03-26, 0.029745
2010-03-29, 0.029804
2010-03-30, 0.029781
2010-03-31, 0.029844
2010-04-01, 0.029909
2010-04-02, 0.030024
2010-04-05, 0.030093
2010-04-06, 0.030169
2010-04-07, 0.030189
2010-04-08, 0.030191
2010-04-09, 0.030156
2010-04-12, 0.030357
2010-04-13, 0.030381
2010-04-14, 0.030247
2010-04-15, 0.030409
2010-04-16, 0.030356
2010-04-19, 0.030344
2010-04-20, 0.030186
2010-04-21, 0.030370
2010-04-22, 0.030312
2010-04-26, 0.030313
2010-04-27, 0.030421
2010-04-28, 0.030362
2010-04-29, 0.030247
2010-04-30, 0.030381
2010-05-03, 0.030390
2010-05-04, 0.030378
2010-05-05, 0.030236
2010-05-06, 0.030092
2010-05-07, 0.030020
2010-05-10, 0.029736
2010-05-11, 0.030050
2010-05-12, 0.030016
2010-05-13, 0.030138
2010-05-14, 0.030111
2010-05-17, 0.029923
2010-05-18, 0.029902
2010-05-20, 0.029990
2010-05-21, 0.029764
2010-05-24, 0.029614
2010-05-25, 0.029705
2010-05-26, 0.029477
2010-05-27, 0.029687
2010-05-28, 0.029744
2010-05-31, 0.029854
2010-06-01, 0.029762
2010-06-02, 0.029739
2010-06-03, 0.029876
2010-06-04, 0.030006
2010-06-07, 0.029880
2010-06-08, 0.029809
2010-06-09, 0.029773
2010-06-10, 0.029802
2010-06-11, 0.029841
2010-06-14, 0.029860
2010-06-15, 0.029959
2010-06-16, 0.030017
2010-06-17, 0.030006
2010-06-18, 0.030120
2010-06-21, 0.030123
2010-06-22, 0.030166
2010-06-23, 0.030145
2010-06-24, 0.030059
2010-06-25, 0.030029
2010-06-28, 0.030052
2010-06-29, 0.030206
2010-06-30, 0.030052
2010-07-01, 0.030032
2010-07-02, 0.029900
2010-07-05, 0.030019
2010-07-06, 0.030101
2010-07-07, 0.030168
2010-07-08, 0.030148
2010-07-09, 0.030267
2010-07-12, 0.030199
2010-07-13, 0.030216
2010-07-14, 0.030368
2010-07-15, 0.030396
2010-07-16, 0.030358
2010-07-19, 0.030329
2010-07-20, 0.030332
2010-07-21, 0.030307
2010-07-22, 0.030561
2010-07-23, 0.030616
2010-07-26, 0.030531
2010-07-27, 0.030536
2010-07-28, 0.030699
2010-07-29, 0.030654
2010-07-30, 0.030714
2010-08-02, 0.030575
2010-08-03, 0.030720
2010-08-04, 0.030691
2010-08-05, 0.030696
2010-08-06, 0.030549
2010-08-09, 0.030552
2010-08-10, 0.030637
2010-08-11, 0.030474
2010-08-12, 0.030328
2010-08-13, 0.030343
2010-08-16, 0.030362
2010-08-17, 0.030384
2010-08-18, 0.030484
2010-08-19, 0.030500
2010-08-20, 0.030479
2010-08-23, 0.030425
2010-08-24, 0.030471
2010-08-25, 0.030374
2010-08-26, 0.030376
2010-08-27, 0.030421
2010-08-31, 0.030515
2010-09-01, 0.030587
2010-09-02, 0.030704
2010-09-03, 0.030753
2010-09-06, 0.030808
2010-09-07, 0.030817
2010-09-08, 0.030814
2010-09-13, 0.030782
2010-09-14, 0.030980
2010-09-15, 0.031015
2010-09-16, 0.031119
2010-09-17, 0.031179
2010-09-20, 0.031241
2010-09-21, 0.031278
2010-09-22, 0.031305
2010-09-23, 0.031341
2010-09-24, 0.031243
2010-09-27, 0.031291
2010-09-28, 0.031408
2010-09-29, 0.031489
2010-09-30, 0.031634
2010-10-01, 0.031606
2010-10-04, 0.031545
2010-10-05, 0.031580
2010-10-06, 0.031761
2010-10-07, 0.031847
2010-10-08, 0.031887
2010-10-11, 0.031870
2010-10-12, 0.032170
2010-10-13, 0.032284
2010-10-14, 0.032362
2010-10-15, 0.032294
2010-10-18, 0.032363
2010-10-19, 0.032449
2010-10-20, 0.032366
2010-10-21, 0.032336
2010-10-22, 0.032307
2010-10-25, 0.032381
2010-10-26, 0.032437
2010-10-27, 0.032389
2010-10-28, 0.032209
2010-11-01, 0.032078
2010-11-02, 0.032242
2010-11-03, 0.032215
2010-11-04, 0.032219
2010-11-05, 0.032437
2010-11-08, 0.032517
2010-11-09, 0.032474
2010-11-10, 0.032581
2010-11-11, 0.032547
2010-11-12, 0.032453
2010-11-15, 0.032306
2010-11-22, 0.032392
2010-11-23, 0.032295
2010-11-24, 0.032054
2010-11-25, 0.032099
2010-11-26, 0.032146
2010-11-29, 0.032074
2010-11-30, 0.031894
2010-12-01, 0.031906
2010-12-02, 0.032119
2010-12-03, 0.032256
2010-12-06, 0.032389
2010-12-07, 0.032443
2010-12-08, 0.032543
2010-12-09, 0.032450
2010-12-10, 0.032166
2010-12-13, 0.032021
2010-12-14, 0.032204
2010-12-15, 0.032246
2010-12-16, 0.032098
2010-12-17, 0.031997
2010-12-20, 0.031836
2010-12-21, 0.031744
2010-12-22, 0.031925
2010-12-23, 0.032044
2010-12-24, 0.032127
2010-12-27, 0.032170
2010-12-28, 0.032080
2010-12-29, 0.032176
2010-12-30, 0.032235
2010-12-31, 0.032254
2011-01-03, 0.032188
2011-01-04, 0.032342
2011-01-05, 0.032562
2011-01-06, 0.032639
2011-01-07, 0.032783
2011-01-10, 0.032650
2011-01-11, 0.032551
2011-01-12, 0.032551
2011-01-13, 0.032520
2011-01-14, 0.032634
2011-01-17, 0.032488
2011-01-18, 0.032395
2011-01-19, 0.032398
2011-01-20, 0.032366
2011-01-21, 0.032171
2011-01-24, 0.032097
2011-01-25, 0.032131
2011-01-26, 0.032171
2011-01-27, 0.032214
2011-01-28, 0.032164
2011-01-31, 0.031845
2011-02-01, 0.031744
2011-02-02, 0.031916
2011-02-03, 0.032104
2011-02-04, 0.031962
2011-02-07, 0.031975
2011-02-08, 0.031981
2011-02-09, 0.031990
2011-02-10, 0.032013
2011-02-11, 0.031893
2011-02-14, 0.031870
2011-02-15, 0.031923
2011-02-16, 0.031932
2011-02-17, 0.031910
2011-02-18, 0.031955
2011-02-21, 0.032018
2011-02-22, 0.031921
2011-02-23, 0.031776
2011-02-24, 0.031656
2011-02-25, 0.031375
2011-02-28, 0.031450
2011-03-01, 0.031421
2011-03-02, 0.031278
2011-03-03, 0.031189
2011-03-04, 0.031309
2011-03-07, 0.031360
2011-03-08, 0.031265
2011-03-09, 0.031348
2011-03-10, 0.031495
2011-03-11, 0.031599
2011-03-14, 0.031642
2011-03-15, 0.031769
2011-03-16, 0.031646
2011-03-17, 0.031778
2011-03-18, 0.031722
2011-03-21, 0.031743
2011-03-22, 0.031797
2011-03-23, 0.031838
2011-03-24, 0.031738
2011-03-25, 0.031735
2011-03-28, 0.031783
2011-03-29, 0.031756
2011-03-30, 0.031677
2011-03-31, 0.031755
2011-04-01, 0.031791
2011-04-04, 0.031875
2011-04-05, 0.032177
2011-04-06, 0.032383
2011-04-07, 0.032528
2011-04-08, 0.032627
2011-04-11, 0.032544
2011-04-12, 0.032453
2011-04-13, 0.032455
2011-04-14, 0.032561
2011-04-15, 0.032488
2011-04-18, 0.032573
2011-04-19, 0.032340
2011-04-20, 0.032381
2011-04-21, 0.032486
2011-04-22, 0.032562
2011-04-25, 0.032657
2011-04-26, 0.032735
2011-04-27, 0.032704
2011-04-28, 0.032650
2011-04-29, 0.032689
2011-05-02, 0.032799
2011-05-03, 0.032898
2011-05-04, 0.032976
2011-05-05, 0.033058
2011-05-06, 0.033026
2011-05-09, 0.032904
2011-05-10, 0.032819
2011-05-11, 0.032728
2011-05-12, 0.032545
2011-05-13, 0.032550
2011-05-16, 0.032505
2011-05-17, 0.032381
2011-05-18, 0.032439
2011-05-20, 0.032309
2011-05-23, 0.032169
2011-05-24, 0.032177
2011-05-25, 0.032276
2011-05-26, 0.032332
2011-05-27, 0.032301
2011-05-30, 0.032148
2011-05-31, 0.032140
2011-06-01, 0.032304
2011-06-02, 0.032344
2011-06-03, 0.032330
2011-06-06, 0.032262
2011-06-07, 0.032377
2011-06-08, 0.032496
2011-06-09, 0.032480
2011-06-10, 0.032483
2011-06-13, 0.032481
2011-06-14, 0.032489
2011-06-15, 0.032270
2011-06-16, 0.032139
2011-06-17, 0.032073
2011-06-20, 0.032191
2011-06-21, 0.032134
2011-06-22, 0.032251
2011-06-23, 0.032191
2011-06-24, 0.032189
2011-06-27, 0.032273
2011-06-28, 0.032209
2011-06-29, 0.032285
2011-06-30, 0.032328
2011-07-01, 0.032370
2011-07-04, 0.032369
2011-07-05, 0.032425
2011-07-06, 0.032463
2011-07-07, 0.032436
2011-07-08, 0.032455
2011-07-11, 0.032510
2011-07-12, 0.032368
2011-07-13, 0.032248
2011-07-14, 0.032299
2011-07-15, 0.032312
2011-07-18, 0.032323
2011-07-19, 0.032248
2011-07-20, 0.032231
2011-07-21, 0.032234
2011-07-22, 0.032088
2011-07-25, 0.032077
2011-07-26, 0.032127
2011-07-27, 0.032218
2011-07-28, 0.032235
2011-07-29, 0.032305
2011-08-01, 0.032313
2011-08-02, 0.032345
2011-08-03, 0.032284
2011-08-04, 0.032278
2011-08-05, 0.032118
2011-08-08, 0.031814
2011-08-09, 0.031268
2011-08-10, 0.031194
2011-08-11, 0.031102
2011-08-12, 0.030856
2011-08-15, 0.031217
2011-08-16, 0.031408
2011-08-17, 0.031483
2011-08-18, 0.031700
2011-08-19, 0.031243
2011-08-22, 0.031264
2011-08-23, 0.031564
2011-08-24, 0.031372
2011-08-25, 0.031473
2011-08-26, 0.031523
2011-08-29, 0.031517
2011-09-02, 0.031616
2011-09-05, 0.031837
2011-09-06, 0.031686
2011-09-07, 0.031786
2011-09-08, 0.031889
2011-09-09, 0.032032
2011-09-12, 0.032053
2011-09-13, 0.031785
2011-09-14, 0.031971
2011-09-15, 0.032000
2011-09-16, 0.032063
2011-09-19, 0.032214
2011-09-20, 0.032202
2011-09-21, 0.032609
2011-09-22, 0.032690
2011-09-23, 0.032272
2011-09-26, 0.031927
2011-09-27, 0.032053
2011-09-28, 0.032285
2011-09-29, 0.032503
2011-09-30, 0.032606
2011-10-03, 0.032499
2011-10-04, 0.032625
2011-10-05, 0.032311
2011-10-06, 0.032297
2011-10-07, 0.032253
2011-10-10, 0.032229
2011-10-11, 0.032392
2011-10-12, 0.032465
2011-10-13, 0.032638
2011-10-14, 0.032551
2011-10-17, 0.032602
2011-10-18, 0.032558
2011-10-19, 0.032503
2011-10-20, 0.032447
2011-10-21, 0.032153
2011-10-24, 0.032095
2011-10-25, 0.032026
2011-10-26, 0.032078
2011-10-27, 0.031929
2011-10-28, 0.032068
2011-10-31, 0.032166
2011-11-01, 0.032027
2011-11-02, 0.031753
2011-11-03, 0.031854
2011-11-04, 0.031991
2011-11-10, 0.032042
2011-11-11, 0.031962
2011-11-14, 0.032103
2011-11-15, 0.032078
2011-11-16, 0.032007
2011-11-17, 0.032081
2011-11-18, 0.031934
2011-11-21, 0.031862
2011-11-22, 0.031635
2011-11-23, 0.031479
2011-11-24, 0.031319
2011-11-25, 0.031273
2011-11-28, 0.031219
2011-11-29, 0.031455
2011-11-30, 0.031463
2011-12-01, 0.031787
2011-12-02, 0.031890
2011-12-05, 0.032015
2011-12-06, 0.032106
2011-12-07, 0.031990
2011-12-08, 0.032039
2011-12-09, 0.031951
2011-12-12, 0.031828
2011-12-13, 0.031652
2011-12-14, 0.031606
2011-12-15, 0.031432
2011-12-16, 0.031499
2011-12-19, 0.031500
2011-12-20, 0.031357
2011-12-21, 0.031405
2011-12-22, 0.031475
2011-12-23, 0.031410
2011-12-26, 0.031487
2011-12-27, 0.031589
2011-12-28, 0.031595
2011-12-29, 0.031522
2011-12-30, 0.031428
2012-01-02, 0.031482
2012-01-03, 0.031419
2012-01-04, 0.031574
2012-01-05, 0.031468
2012-01-06, 0.031295
2012-01-09, 0.031208
2012-01-10, 0.031026
2012-01-11, 0.031211
2012-01-12, 0.031308
2012-01-13, 0.031475
2012-01-16, 0.031401
2012-01-17, 0.031491
2012-01-18, 0.031659
2012-01-19, 0.031754
2012-01-20, 0.031972
2012-01-23, 0.031984
2012-01-24, 0.032094
2012-01-25, 0.031985
2012-01-26, 0.032118
2012-01-27, 0.032518
2012-01-30, 0.032590
2012-01-31, 0.032695
2012-02-01, 0.032766
2012-02-02, 0.032944
2012-02-03, 0.033059
2012-02-06, 0.033219
2012-02-07, 0.033199
2012-02-08, 0.033281
2012-02-09, 0.033336
2012-02-10, 0.033281
2012-02-13, 0.033178
2012-02-14, 0.033324
2012-02-15, 0.033259
2012-02-16, 0.033277
2012-02-17, 0.033209
2012-02-20, 0.033353
2012-02-21, 0.033439
2012-02-22, 0.033350
2012-02-23, 0.033377
2012-02-24, 0.033230
2012-02-27, 0.033134
2012-02-28, 0.033043
2012-02-29, 0.033190
2012-03-01, 0.033260
2012-03-02, 0.033299
2012-03-05, 0.033318
2012-03-06, 0.033250
2012-03-07, 0.033170
2012-03-08, 0.033208
2012-03-09, 0.033292
2012-03-12, 0.033198
2012-03-13, 0.033143
2012-03-14, 0.033195
2012-03-15, 0.033351
2012-03-16, 0.033413
2012-03-19, 0.033601
2012-03-20, 0.033707
2012-03-21, 0.033516
2012-03-22, 0.033601
2012-03-23, 0.033530
2012-03-26, 0.033426
2012-03-27, 0.033476
2012-03-28, 0.033586
2012-03-29, 0.033482
2012-03-30, 0.033421
2012-04-02, 0.033505
2012-04-03, 0.033553
2012-04-04, 0.033605
2012-04-05, 0.033439
2012-04-06, 0.033343
2012-04-09, 0.033268
2012-04-10, 0.033221
2012-04-11, 0.033201
2012-04-12, 0.033185
2012-04-13, 0.033239
2012-04-16, 0.033313
2012-04-17, 0.033255
2012-04-18, 0.033293
2012-04-19, 0.033219
2012-04-20, 0.033195
2012-04-24, 0.033229
2012-04-25, 0.033134
2012-04-26, 0.033186
2012-04-27, 0.033242
2012-04-30, 0.033260
2012-05-02, 0.033175
2012-05-03, 0.033112
2012-05-04, 0.033149
2012-05-07, 0.033145
2012-05-08, 0.033092
2012-05-09, 0.033186
2012-05-10, 0.033081
2012-05-11, 0.033127
2012-05-14, 0.033123
2012-05-15, 0.033029
2012-05-16, 0.032952
2012-05-17, 0.032953
2012-05-18, 0.032911
2012-05-21, 0.032876
2012-05-22, 0.032853
2012-05-23, 0.032870
2012-05-24, 0.032766
2012-05-25, 0.032710
2012-05-28, 0.032585
2012-05-29, 0.032646
2012-05-30, 0.032809
2012-05-31, 0.032735
2012-06-01, 0.032792
2012-06-04, 0.032784
2012-06-05, 0.032952
2012-06-06, 0.032951
2012-06-07, 0.033011
2012-06-08, 0.033202
2012-06-11, 0.033250
2012-06-12, 0.033457
2012-06-13, 0.033507
2012-06-14, 0.033536
2012-06-15, 0.033607
2012-06-18, 0.033658
2012-06-19, 0.033647
2012-06-20, 0.033791
2012-06-21, 0.033938
2012-06-22, 0.034053
2012-06-25, 0.034078
2012-06-26, 0.033973
2012-06-27, 0.033998
2012-06-28, 0.034210
2012-06-29, 0.034195
2012-07-02, 0.034415
2012-07-03, 0.034388
2012-07-04, 0.034524
2012-07-05, 0.034594
2012-07-06, 0.034536
2012-07-09, 0.034530
2012-07-10, 0.034549
2012-07-11, 0.034666
2012-07-12, 0.034659
2012-07-13, 0.034518
2012-07-16, 0.034554
2012-07-17, 0.034547
2012-07-18, 0.034503
2012-07-19, 0.034465
2012-07-20, 0.034506
2012-07-23, 0.034346
2012-07-24, 0.034172
2012-07-25, 0.034296
2012-07-26, 0.034405
2012-07-27, 0.034642
2012-07-30, 0.034822
2012-07-31, 0.034885
2012-08-01, 0.034859
2012-08-02, 0.034829
2012-08-03, 0.034761
2012-08-06, 0.034917
2012-08-07, 0.035087
2012-08-08, 0.034994
2012-08-09, 0.034907
2012-08-10, 0.034814
2012-08-13, 0.034846
2012-08-14, 0.034916
2012-08-15, 0.034807
2012-08-16, 0.034810
2012-08-17, 0.034883
2012-08-22, 0.035021
2012-08-23, 0.035066
2012-08-24, 0.035051
2012-08-27, 0.035043
2012-08-28, 0.035046
2012-08-29, 0.035130
2012-08-31, 0.035139
2012-09-03, 0.035239
2012-09-04, 0.035304
2012-09-05, 0.035296
2012-09-06, 0.035372
2012-09-07, 0.035371
2012-09-10, 0.035453
2012-09-11, 0.035442
2012-09-12, 0.035430
2012-09-13, 0.035479
2012-09-14, 0.035351
2012-09-17, 0.035447
2012-09-18, 0.035434
2012-09-19, 0.035410
2012-09-20, 0.035347
2012-09-21, 0.035297
2012-09-24, 0.035433
2012-09-25, 0.035361
2012-09-26, 0.035415
2012-09-27, 0.035428
2012-09-28, 0.035337
2012-10-01, 0.035261
2012-10-02, 0.035275
2012-10-03, 0.035402
2012-10-04, 0.035400
2012-10-05, 0.035265
2012-10-08, 0.035411
2012-10-09, 0.035408
2012-10-10, 0.035453
2012-10-11, 0.035507
2012-10-12, 0.035625
2012-10-15, 0.035688
2012-10-16, 0.035697
2012-10-17, 0.035776
2012-10-18, 0.035810
2012-10-19, 0.035760
2012-10-22, 0.035760
2012-10-23, 0.035883
2012-10-24, 0.035820
2012-10-30, 0.035817
2012-10-31, 0.035934
2012-11-01, 0.036131
2012-11-02, 0.036182
2012-11-05, 0.035977
2012-11-06, 0.036174
2012-11-07, 0.036088
2012-11-08, 0.036041
2012-11-09, 0.036126
2012-11-12, 0.036114
2012-11-13, 0.036068
2012-11-14, 0.036081
2012-11-15, 0.036159
2012-11-16, 0.036135
2012-11-19, 0.036064
2012-11-20, 0.036041
2012-11-21, 0.036074
2012-11-22, 0.036088
2012-11-23, 0.036061
2012-11-26, 0.036091
2012-11-27, 0.036186
2012-11-28, 0.036223
2012-11-29, 0.036181
2012-11-30, 0.036251
2012-12-03, 0.036265
2012-12-04, 0.036383
2012-12-05, 0.036555
2012-12-06, 0.036690
2012-12-07, 0.036750
2012-12-10, 0.036793
2012-12-11, 0.036870
2012-12-12, 0.036940
2012-12-13, 0.036933
2012-12-14, 0.036896
2012-12-17, 0.036831
2012-12-18, 0.036860
2012-12-19, 0.036919
2012-12-20, 0.036906
2012-12-21, 0.036884
2012-12-24, 0.036807
2012-12-25, 0.036901
2012-12-26, 0.036991
2012-12-27, 0.037034
2012-12-28, 0.037120
2012-12-31, 0.037115
2013-01-02, 0.037049
2013-01-03, 0.037213
2013-01-04, 0.037279
2013-01-07, 0.037221
2013-01-08, 0.037347
2013-01-09, 0.037426
2013-01-10, 0.037426
2013-01-11, 0.037503
2013-01-14, 0.037557
2013-01-15, 0.037679
2013-01-16, 0.037707
2013-01-17, 0.037885
2013-01-18, 0.038121
2013-01-21, 0.038104
2013-01-22, 0.038142
2013-01-23, 0.038145
2013-01-24, 0.038218
2013-01-25, 0.038219
2013-01-28, 0.038117
2013-01-29, 0.037798
2013-01-30, 0.037663
2013-01-31, 0.037501
2013-02-01, 0.037509
2013-02-04, 0.037585
2013-02-05, 0.037699
2013-02-06, 0.037697
2013-02-07, 0.037630
2013-02-08, 0.037512
2013-02-11, 0.037421
2013-02-12, 0.037411
2013-02-13, 0.037463
2013-02-14, 0.037497
2013-02-15, 0.037266
2013-02-18, 0.037305
2013-02-19, 0.037338
2013-02-20, 0.037378
2013-02-21, 0.037382
2013-02-22, 0.037280
2013-02-25, 0.037158
2013-02-26, 0.037206
2013-02-27, 0.037254
2013-02-28, 0.037388
2013-03-01, 0.037490
2013-03-04, 0.037519
2013-03-05, 0.037629
2013-03-06, 0.037732
2013-03-07, 0.037772
2013-03-08, 0.037790
2013-03-11, 0.037875
2013-03-12, 0.037902
2013-03-13, 0.037892
2013-03-14, 0.037815
2013-03-15, 0.037754
2013-03-18, 0.037873
2013-03-19, 0.037886
2013-03-20, 0.037830
2013-03-21, 0.037824
2013-03-22, 0.037834
2013-03-25, 0.037824
2013-03-26, 0.037824
2013-03-27, 0.037976
2013-03-28, 0.038002
2013-03-29, 0.038133
2013-04-01, 0.038254
2013-04-02, 0.038341
2013-04-03, 0.038387
2013-04-04, 0.038289
2013-04-05, 0.038133
2013-04-08, 0.038063
2013-04-09, 0.038212
2013-04-10, 0.038089
2013-04-11, 0.038062
2013-04-12, 0.038263
2013-04-15, 0.038308
2013-04-16, 0.038310
2013-04-17, 0.038229
2013-04-18, 0.038183
2013-04-19, 0.038022
2013-04-22, 0.038040
2013-04-24, 0.038154
2013-04-25, 0.038255
2013-04-26, 0.038278
2013-04-29, 0.038294
2013-04-30, 0.038304
2013-05-02, 0.038438
2013-05-03, 0.038827
2013-05-06, 0.038995
2013-05-07, 0.039139
2013-05-08, 0.039082
2013-05-09, 0.039246
2013-05-10, 0.039143
2013-05-13, 0.039104
2013-05-14, 0.039125
2013-05-15, 0.039308
2013-05-16, 0.039426
2013-05-17, 0.039403
2013-05-20, 0.039416
2013-05-21, 0.039185
2013-05-22, 0.039289
2013-05-23, 0.039508
2013-05-24, 0.039263
2013-05-27, 0.039301
2013-05-28, 0.039319
2013-05-29, 0.039219
2013-05-30, 0.038954
2013-05-31, 0.038916
2013-06-03, 0.038741
2013-06-04, 0.037487
2013-06-05, 0.038089
2013-06-06, 0.037882
2013-06-07, 0.037393
2013-06-10, 0.037721
2013-06-11, 0.037463
2013-06-12, 0.037272
2013-06-13, 0.037502
2013-06-14, 0.037501
2013-06-17, 0.038052
2013-06-18, 0.037897
2013-06-19, 0.037743
2013-06-20, 0.037876
2013-06-21, 0.037186
2013-06-24, 0.037082
2013-06-25, 0.036711
2013-06-26, 0.036792
2013-06-27, 0.037124
2013-06-28, 0.037354
2013-07-01, 0.037396
2013-07-02, 0.037486
2013-07-03, 0.037491
2013-07-04, 0.037097
2013-07-05, 0.037318
2013-07-08, 0.036998
2013-07-09, 0.036787
2013-07-10, 0.036777
2013-07-11, 0.036598
2013-07-12, 0.036594
2013-07-15, 0.036927
2013-07-16, 0.037302
2013-07-17, 0.037270
2013-07-18, 0.037492
2013-07-19, 0.037501
2013-07-22, 0.037301
2013-07-23, 0.037273
2013-07-24, 0.037180
2013-07-25, 0.037003
2013-07-26, 0.036978
2013-07-29, 0.036819
2013-07-30, 0.036834
2013-07-31, 0.037032
2013-08-01, 0.036837
2013-08-02, 0.036887
2013-08-05, 0.036984
2013-08-06, 0.037040
2013-08-07, 0.037010
2013-08-12, 0.037060
2013-08-13, 0.037355
2013-08-14, 0.037298
2013-08-15, 0.037281
2013-08-16, 0.037063
2013-08-19, 0.037080
2013-08-20, 0.036798
2013-08-21, 0.036774
2013-08-22, 0.036418
2013-08-23, 0.036193
2013-08-26, 0.036170
2013-08-27, 0.036258
2013-08-28, 0.035886
2013-08-29, 0.035934
2013-09-02, 0.036065
2013-09-03, 0.036401
2013-09-04, 0.036179
2013-09-05, 0.036194
2013-09-06, 0.036123
2013-09-09, 0.036270
2013-09-10, 0.036678
2013-09-11, 0.036939
2013-09-12, 0.036969
2013-09-13, 0.037119
2013-09-16, 0.036994
2013-09-17, 0.037371
2013-09-18, 0.037458
2013-09-19, 0.037475
2013-09-20, 0.038173
2013-09-23, 0.037906
2013-09-24, 0.037780
2013-09-25, 0.037776
2013-09-26, 0.037748
2013-09-27, 0.037673
2013-09-30, 0.037561
2013-10-01, 0.037528
2013-10-02, 0.037796
2013-10-03, 0.037620
2013-10-04, 0.037764
2013-10-07, 0.037786
2013-10-08, 0.037772
2013-10-09, 0.037642
2013-10-10, 0.037589
2013-10-11, 0.037796
2013-10-14, 0.037897
2013-10-21, 0.037919
2013-10-22, 0.038289
2013-10-23, 0.038395
2013-10-24, 0.038376
2013-10-25, 0.038415
2013-10-28, 0.038485
2013-10-30, 0.038615
2013-10-31, 0.038559
2013-11-01, 0.038365
2013-11-04, 0.038191
2013-11-05, 0.038180
2013-11-06, 0.037966
2013-11-07, 0.038130
2013-11-08, 0.038130
2013-11-11, 0.037906
2013-11-12, 0.037588
2013-11-13, 0.037562
2013-11-14, 0.037627
2013-11-15, 0.037941
2013-11-18, 0.038046
2013-11-19, 0.038258
2013-11-20, 0.038095
2013-11-21, 0.038160
2013-11-22, 0.038058
2013-11-25, 0.038183
2013-11-26, 0.038360
2013-11-27, 0.038162
2013-11-28, 0.038083
2013-11-29, 0.038073
2013-12-02, 0.038212
2013-12-03, 0.038079
2013-12-04, 0.037851
2013-12-05, 0.037863
2013-12-06, 0.037676
2013-12-09, 0.037937
2013-12-10, 0.038050
2013-12-11, 0.038042
2013-12-12, 0.037995
2013-12-13, 0.037870
2013-12-16, 0.038083
2013-12-17, 0.038221
2013-12-18, 0.037475
2013-12-19, 0.037442
2013-12-20, 0.037076
2013-12-23, 0.037169
2013-12-24, 0.036949
2013-12-25, 0.037085
2013-12-26, 0.036640
2013-12-27, 0.036393
2013-12-30, 0.036194
2013-12-31, 0.036784
2014-01-02, 0.036783
2014-01-03, 0.036661
2014-01-06, 0.036532
2014-01-07, 0.036847
2014-01-08, 0.036978
2014-01-09, 0.036839
2014-01-10, 0.036749
2014-01-13, 0.036987
2014-01-14, 0.037057
2014-01-15, 0.037058
2014-01-16, 0.037103
2014-01-17, 0.036930
2014-01-20, 0.036750
2014-01-21, 0.036740
2014-01-22, 0.036848
2014-01-23, 0.037000
2014-01-24, 0.036697
2014-01-27, 0.036451
2014-01-28, 0.036511
2014-01-29, 0.036325
2014-01-30, 0.036077
2014-01-31, 0.036157
2014-02-03, 0.036029
2014-02-04, 0.036051
2014-02-05, 0.036200
2014-02-06, 0.036172
2014-02-07, 0.036537
2014-02-10, 0.036606
2014-02-11, 0.036543
2014-02-12, 0.036586
2014-02-13, 0.036659
2014-02-14, 0.036534
2014-02-17, 0.036766
2014-02-18, 0.036804
2014-02-19, 0.036563
2014-02-20, 0.036444
2014-02-21, 0.036501
2014-02-24, 0.036534
2014-02-25, 0.036610
2014-02-26, 0.036243
2014-02-27, 0.036147
2014-02-28, 0.036176
2014-03-03, 0.036320
2014-03-04, 0.036098
2014-03-05, 0.036417
2014-03-06, 0.036483
2014-03-07, 0.036560
2014-03-10, 0.036453
2014-03-11, 0.036337
2014-03-12, 0.036323
2014-03-13, 0.036339
2014-03-14, 0.036405
2014-03-17, 0.036471
2014-03-18, 0.036621
2014-03-19, 0.036907
2014-03-20, 0.036902
2014-03-21, 0.036859
2014-03-24, 0.036767
2014-03-25, 0.036621
2014-03-26, 0.036791
2014-03-27, 0.037326
2014-03-28, 0.037206
2014-03-31, 0.037567
2014-04-01, 0.037669
2014-04-02, 0.037909
2014-04-03, 0.037964
2014-04-04, 0.038111
2014-04-07, 0.038294
2014-04-08, 0.038274
2014-04-09, 0.038532
2014-04-10, 0.038359
2014-04-11, 0.038480
2014-04-14, 0.038408
2014-04-15, 0.038554
2014-04-16, 0.038397
2014-04-17, 0.038424
2014-04-18, 0.038609
2014-04-21, 0.038612
2014-04-22, 0.038669
2014-04-24, 0.038658
2014-04-25, 0.038551
2014-04-28, 0.038434
2014-04-29, 0.038543
2014-04-30, 0.038548
2014-05-02, 0.038724
2014-05-05, 0.039041
2014-05-06, 0.039020
2014-05-07, 0.039109
2014-05-08, 0.039091
2014-05-09, 0.039213
2014-05-12, 0.039203
2014-05-13, 0.039327
2014-05-14, 0.039325
2014-05-15, 0.039353
2014-05-16, 0.039213
2014-05-20, 0.039217
2014-05-21, 0.039268
2014-05-22, 0.039442
2014-05-23, 0.039674
2014-05-26, 0.039715
2014-05-27, 0.039848
2014-05-28, 0.039734
2014-05-29, 0.039789
2014-05-30, 0.039993
2014-06-02, 0.039979
2014-06-03, 0.039949
2014-06-04, 0.040042
2014-06-05, 0.039994
2014-06-06, 0.040176
2014-06-09, 0.040386
2014-06-10, 0.040459
2014-06-11, 0.040599
2014-06-12, 0.040228
2014-06-13, 0.040327
2014-06-16, 0.040224
2014-06-17, 0.039985
2014-06-18, 0.040084
2014-06-19, 0.040067
2014-06-20, 0.040242
2014-06-23, 0.040186
2014-06-24, 0.040318
2014-06-25, 0.040333
2014-06-26, 0.040363
2014-06-27, 0.040293
2014-06-30, 0.040341
2014-07-01, 0.040404
2014-07-02, 0.040229
2014-07-03, 0.040195
2014-07-04, 0.040266
2014-07-07, 0.040265
2014-07-08, 0.040466
2014-07-09, 0.040512
2014-07-10, 0.040554
2014-07-11, 0.040477
2014-07-14, 0.040599
2014-07-15, 0.040804
2014-07-16, 0.040874
2014-07-17, 0.041015
2014-07-18, 0.040928
2014-07-21, 0.040982
2014-07-22, 0.040985
2014-07-23, 0.041032
2014-07-24, 0.041068
2014-07-25, 0.041218
2014-07-31, 0.041293
2014-08-01, 0.041047
2014-08-04, 0.041048
2014-08-05, 0.041029
2014-08-06, 0.040906
2014-08-07, 0.040765
2014-08-08, 0.040747
2014-08-11, 0.040809
2014-08-12, 0.040590
2014-08-13, 0.040607
2014-08-14, 0.040587
2014-08-15, 0.040600
2014-08-18, 0.040484
2014-08-19, 0.040556
2014-08-20, 0.040809
2014-08-21, 0.040802
2014-08-22, 0.040816
2014-08-25, 0.040842
2014-08-26, 0.040892
2014-08-27, 0.041070
2014-08-28, 0.041010
2014-08-29, 0.041048
2014-09-01, 0.040988
2014-09-02, 0.041047
2014-09-03, 0.041052
2014-09-04, 0.041143
2014-09-05, 0.041288
2014-09-08, 0.041330
2014-09-09, 0.041331
2014-09-10, 0.041049
2014-09-11, 0.040958
2014-09-12, 0.040931
2014-09-15, 0.040807
2014-09-16, 0.040826
2014-09-17, 0.040911
2014-09-18, 0.040965
2014-09-19, 0.040759
2014-09-22, 0.040743
2014-09-23, 0.040747
2014-09-24, 0.040716
2014-09-25, 0.040520
2014-09-26, 0.040419
2014-09-29, 0.040376
2014-09-30, 0.040334
2014-10-01, 0.040397
2014-10-02, 0.040271
2014-10-03, 0.040297
2014-10-08, 0.040351
2014-10-09, 0.040167
2014-10-10, 0.040507
2014-10-13, 0.040267
2014-10-14, 0.040524
2014-10-15, 0.040467
2014-10-16, 0.040492
2014-10-17, 0.040446
2014-10-20, 0.040634
2014-10-21, 0.040785
2014-10-22, 0.041002
2014-10-23, 0.041048
2014-10-24, 0.041262
2014-10-27, 0.041228
2014-10-28, 0.041200
2014-10-30, 0.041272
2014-10-31, 0.041280
2014-11-03, 0.041412
2014-11-04, 0.041361
2014-11-05, 0.041393
2014-11-06, 0.041216
2014-11-07, 0.041054
2014-11-10, 0.041161
2014-11-11, 0.041130
2014-11-12, 0.041175
2014-11-13, 0.041478
2014-11-14, 0.041550
2014-11-17, 0.041624
2014-11-18, 0.041559
2014-11-19, 0.041714
2014-11-20, 0.041740
2014-11-21, 0.041953
2014-11-24, 0.042074
2014-11-25, 0.042079
2014-11-26, 0.042148
2014-11-27, 0.042294
2014-11-28, 0.042361
2014-12-01, 0.042562
2014-12-02, 0.042554
2014-12-03, 0.042354
2014-12-04, 0.042342
2014-12-05, 0.042547
2014-12-08, 0.042414
2014-12-09, 0.042382
2014-12-10, 0.042215
2014-12-11, 0.042343
2014-12-12, 0.042418
2014-12-15, 0.042188
2014-12-16, 0.042180
2014-12-17, 0.041621
2014-12-18, 0.041834
2014-12-19, 0.042206
2014-12-22, 0.042235
2014-12-23, 0.042426
2014-12-24, 0.042321
2014-12-25, 0.042380
2014-12-26, 0.042398
2014-12-29, 0.042434
2014-12-30, 0.042325
2014-12-31, 0.042374
2015-01-02, 0.042551
2015-01-05, 0.042510
2015-01-06, 0.042709
2015-01-07, 0.042814
2015-01-08, 0.042823
2015-01-09, 0.042947
2015-01-12, 0.042942
2015-01-13, 0.043053
2015-01-14, 0.043239
2015-01-15, 0.043127
2015-01-16, 0.043179
2015-01-19, 0.043141
2015-01-20, 0.043225
2015-01-21, 0.043442
2015-01-22, 0.043606
2015-01-23, 0.043719
2015-01-26, 0.043742
2015-01-27, 0.043824
2015-01-28, 0.043808
2015-01-29, 0.043709
2015-01-30, 0.043439
2015-02-02, 0.043483
2015-02-03, 0.043586
2015-02-04, 0.043273
2015-02-05, 0.043048
2015-02-06, 0.043024
2015-02-09, 0.042910
2015-02-10, 0.042827
2015-02-11, 0.042637
2015-02-12, 0.042658
2015-02-13, 0.043070
2015-02-16, 0.043054
2015-02-17, 0.043140
2015-02-18, 0.042864
2015-02-19, 0.043009
2015-02-20, 0.043174
2015-02-23, 0.043026
2015-02-24, 0.043139
2015-02-25, 0.043209
2015-02-26, 0.043197
2015-02-27, 0.043077
2015-03-02, 0.042766
2015-03-03, 0.042745
2015-03-04, 0.042818
2015-03-05, 0.042459
2015-03-06, 0.042244
2015-03-09, 0.042187
2015-03-10, 0.042251
2015-03-11, 0.041820
2015-03-12, 0.041897
2015-03-13, 0.041930
2015-03-16, 0.041689
2015-03-17, 0.041939
2015-03-18, 0.042219
2015-03-19, 0.042132
2015-03-20, 0.042526
2015-03-23, 0.042629
2015-03-24, 0.042889
2015-03-25, 0.042579
2015-03-26, 0.042693
2015-03-27, 0.042469
2015-03-30, 0.042398
2015-03-31, 0.042624
2015-04-01, 0.042400
2015-04-02, 0.042504
2015-04-03, 0.042533
2015-04-06, 0.042788
2015-04-07, 0.042937
2015-04-08, 0.042794
2015-04-09, 0.042857
2015-04-10, 0.042970
2015-04-13, 0.042806
2015-04-14, 0.042668
2015-04-15, 0.042721
2015-04-16, 0.042546
2015-04-17, 0.042687
2015-04-20, 0.042707
2015-04-21, 0.042668
2015-04-22, 0.042933
2015-04-24, 0.042855
2015-04-27, 0.043117
2015-04-28, 0.043294
2015-04-29, 0.043313
2015-04-30, 0.043305
2015-05-04, 0.043010
2015-05-05, 0.042986
2015-05-06, 0.042921
2015-05-07, 0.042776
2015-05-08, 0.042834
2015-05-11, 0.043115
2015-05-12, 0.043229
2015-05-13, 0.043302
2015-05-14, 0.043508
2015-05-15, 0.043649
2015-05-18, 0.043706
2015-05-20, 0.043878
2015-05-21, 0.043690
2015-05-22, 0.043520
2015-05-25, 0.043429
2015-05-26, 0.043264
2015-05-27, 0.043192
2015-05-28, 0.043293
2015-05-29, 0.043199
2015-06-01, 0.043145
2015-06-02, 0.042787
2015-06-03, 0.042945
2015-06-04, 0.043229
2015-06-05, 0.043110
2015-06-08, 0.043062
2015-06-09, 0.042426
2015-06-10, 0.042459
2015-06-11, 0.042700
2015-06-12, 0.042860
2015-06-15, 0.042845
2015-06-16, 0.042616
2015-06-17, 0.042831
2015-06-18, 0.042923
2015-06-19, 0.043104
2015-06-22, 0.043210
2015-06-23, 0.043394
2015-06-24, 0.043320
2015-06-25, 0.043477
2015-06-26, 0.043339
2015-06-29, 0.043398
2015-06-30, 0.043134
2015-07-01, 0.043179
2015-07-02, 0.043080
2015-07-03, 0.043143
2015-07-06, 0.043059
2015-07-07, 0.043266
2015-07-08, 0.043139
2015-07-09, 0.042952
2015-07-10, 0.043253
2015-07-13, 0.043370
2015-07-14, 0.043457
2015-07-15, 0.043405
2015-07-16, 0.043355
2015-07-20, 0.043384
2015-07-21, 0.043137
2015-07-22, 0.043172
2015-07-23, 0.043125
2015-07-24, 0.042722
2015-07-27, 0.042798
2015-07-28, 0.042595
2015-07-29, 0.042708
2015-07-30, 0.042759
2015-07-31, 0.042809
2015-08-03, 0.043100
2015-08-04, 0.042827
2015-08-05, 0.042831
2015-08-06, 0.042804
2015-08-07, 0.042924
2015-08-10, 0.042874
2015-08-11, 0.042738
2015-08-12, 0.043086
2015-08-13, 0.042846
2015-08-14, 0.042662
2015-08-17, 0.042692
2015-08-18, 0.042635
2015-08-19, 0.042436
2015-08-20, 0.042341
2015-08-21, 0.042226
2015-08-24, 0.042111
2015-08-25, 0.041779
2015-08-26, 0.042123
2015-08-27, 0.042164
2015-08-28, 0.042357
2015-08-31, 0.042332
2015-09-01, 0.042424
2015-09-02, 0.042182
2015-09-03, 0.042198
2015-09-04, 0.042229
2015-09-07, 0.042063
2015-09-08, 0.041918
2015-09-09, 0.041981
2015-09-10, 0.041971
2015-09-11, 0.041920
2015-09-14, 0.041837
2015-09-15, 0.041774
2015-09-16, 0.042106
2015-09-17, 0.042278
2015-09-18, 0.042391
2015-09-21, 0.042406
2015-09-22, 0.042554
2015-09-23, 0.042429
2015-09-28, 0.042427
2015-09-29, 0.042200
2015-09-30, 0.042359
2015-10-01, 0.042333
2015-10-02, 0.042402
2015-10-05, 0.042406
2015-10-06, 0.042862
2015-10-07, 0.042905
2015-10-08, 0.043188
2015-10-09, 0.043202
2015-10-12, 0.043354
2015-10-13, 0.043338
2015-10-14, 0.043176
2015-10-15, 0.043371
2015-10-16, 0.043344
2015-10-19, 0.043252
2015-10-20, 0.043447
2015-10-21, 0.043580
2015-10-22, 0.043422
2015-10-23, 0.043503
2015-10-26, 0.043520
2015-10-27, 0.043368
2015-10-28, 0.043302
2015-10-30, 0.043303
2015-11-02, 0.043517
2015-11-03, 0.044431
2015-11-04, 0.044297
2015-11-05, 0.044497
2015-11-06, 0.044353
2015-11-09, 0.044182
2015-11-10, 0.044190
2015-11-11, 0.044068
2015-11-12, 0.044207
2015-11-13, 0.044303
2015-11-16, 0.044243
2015-11-17, 0.044101
2015-11-18, 0.044104
2015-11-19, 0.044008
2015-11-20, 0.043990
2015-11-23, 0.044057
2015-11-24, 0.043897
2015-11-25, 0.043242
2015-11-26, 0.043316
2015-11-27, 0.042917
2015-11-30, 0.043099
2015-12-01, 0.043015
2015-12-02, 0.043298
2015-12-03, 0.043250
2015-12-04, 0.043090
2015-12-07, 0.042903
2015-12-08, 0.042852
2015-12-09, 0.042696
2015-12-10, 0.043002
2015-12-11, 0.042620
2015-12-14, 0.042252
2015-12-15, 0.042059
2015-12-16, 0.042635
2015-12-17, 0.042765
2015-12-18, 0.042926
2015-12-21, 0.042711
2015-12-22, 0.042927
2015-12-23, 0.042863
2015-12-24, 0.043041
2015-12-25, 0.043024
2015-12-28, 0.043046
2015-12-29, 0.043110
2015-12-30, 0.043103
2015-12-31, 0.042998
2016-01-05, 0.042489
2016-01-06, 0.042497
2016-01-07, 0.042613
2016-01-08, 0.042676
2016-01-11, 0.042546
2016-01-12, 0.042638
2016-01-13, 0.042758
2016-01-14, 0.042956
2016-01-15, 0.042891
2016-01-18, 0.042731
2016-01-19, 0.042735
2016-01-20, 0.042754
2016-01-21, 0.042482
2016-01-22, 0.042294
2016-01-25, 0.042619
2016-01-26, 0.042650
2016-01-27, 0.042932
2016-01-28, 0.042968
2016-01-29, 0.043047
2016-02-01, 0.043279
2016-02-02, 0.043292
2016-02-03, 0.043097
2016-02-04, 0.043270
2016-02-05, 0.043526
2016-02-08, 0.043466
2016-02-09, 0.042990
2016-02-10, 0.042897
2016-02-11, 0.042944
2016-02-12, 0.042849
2016-02-15, 0.042827
2016-02-16, 0.042825
2016-02-17, 0.042877
2016-02-18, 0.043255
2016-02-19, 0.043361
2016-02-22, 0.043302
2016-02-23, 0.043687
2016-02-24, 0.043825
2016-02-25, 0.043508
2016-02-26, 0.043761
2016-02-29, 0.043730
2016-03-01, 0.043920
2016-03-02, 0.043947
2016-03-03, 0.044128
2016-03-04, 0.044189
2016-03-07, 0.044273
2016-03-08, 0.044318
2016-03-09, 0.044387
2016-03-10, 0.044639
2016-03-11, 0.044689
2016-03-14, 0.044806
2016-03-15, 0.044955
2016-03-16, 0.044712
2016-03-17, 0.044719
2016-03-18, 0.045106
2016-03-21, 0.045364
2016-03-22, 0.045445
2016-03-23, 0.045065
2016-03-24, 0.044880
2016-03-25, 0.045075
2016-03-28, 0.045118
2016-03-29, 0.045106
2016-03-30, 0.045169
2016-03-31, 0.045446
2016-04-01, 0.045505
2016-04-04, 0.045377
2016-04-05, 0.045634
2016-04-06, 0.045521
2016-04-07, 0.045345
2016-04-08, 0.045299
2016-04-11, 0.045514
2016-04-12, 0.045776
2016-04-13, 0.045769
2016-04-14, 0.046097
2016-04-15, 0.046207
2016-04-18, 0.046200
2016-04-19, 0.046410
2016-04-20, 0.046427
2016-04-21, 0.046279
2016-04-22, 0.046306
2016-04-25, 0.046318
2016-04-26, 0.046189
2016-04-27, 0.046377
2016-04-28, 0.046293
2016-04-29, 0.046289
2016-05-02, 0.046278
2016-05-03, 0.046027
2016-05-04, 0.045593
2016-05-05, 0.045334
2016-05-06, 0.045157
2016-05-09, 0.045105
2016-05-10, 0.045215
2016-05-11, 0.045187
2016-05-12, 0.045197
2016-05-13, 0.045099
2016-05-16, 0.045028
2016-05-17, 0.044895
2016-05-18, 0.044972
2016-05-20, 0.044984
2016-05-23, 0.044774
2016-05-24, 0.044872
2016-05-25, 0.045387
2016-05-26, 0.045301
2016-05-27, 0.045231
2016-05-30, 0.045257
2016-05-31, 0.045357
2016-06-01, 0.045282
2016-06-02, 0.045139
2016-06-03, 0.045050
2016-06-06, 0.045355
2016-06-07, 0.045473
2016-06-08, 0.045370
2016-06-09, 0.045527
2016-06-10, 0.045332
2016-06-13, 0.045221
2016-06-14, 0.045152
2016-06-15, 0.045050
2016-06-16, 0.045161
2016-06-17, 0.044942
2016-06-20, 0.045111
2016-06-21, 0.045459
2016-06-22, 0.045501
2016-06-23, 0.045488
2016-06-24, 0.045632
2016-06-27, 0.045164
2016-06-28, 0.045154
2016-06-29, 0.045459
2016-06-30, 0.045400
2016-07-01, 0.045401
2016-07-04, 0.045596
2016-07-08, 0.045720
2016-07-11, 0.045722
2016-07-12, 0.045976
2016-07-13, 0.046353
2016-07-14, 0.046386
2016-07-15, 0.046583
2016-07-18, 0.046621
2016-07-19, 0.045512
2016-07-20, 0.045334
2016-07-21, 0.045081
2016-07-22, 0.044456
2016-07-25, 0.044483
2016-07-26, 0.044922
2016-07-27, 0.044821
2016-07-28, 0.045044
2016-07-29, 0.045092
2016-08-01, 0.045201
2016-08-02, 0.045388
2016-08-03, 0.045221
2016-08-04, 0.045028
2016-08-05, 0.045352
2016-08-08, 0.045332
2016-08-09, 0.045664
2016-08-10, 0.045829
2016-08-11, 0.045724
2016-08-12, 0.045916
2016-08-15, 0.045806
2016-08-16, 0.045806
2016-08-17, 0.045655
2016-08-18, 0.045758
2016-08-19, 0.045805
2016-08-22, 0.045824
2016-08-23, 0.045771
2016-08-24, 0.045694
2016-08-25, 0.045473
2016-08-26, 0.045620
2016-08-29, 0.045704
2016-08-31, 0.045514
2016-09-01, 0.045490
2016-09-02, 0.045497
2016-09-05, 0.045715
2016-09-06, 0.045874
2016-09-07, 0.045861
2016-09-08, 0.045824
2016-09-09, 0.045910
2016-09-16, 0.045830
2016-09-19, 0.045717
2016-09-20, 0.045979
2016-09-21, 0.045922
2016-09-22, 0.046034
2016-09-23, 0.046415
2016-09-26, 0.046397
2016-09-27, 0.045803
2016-09-28, 0.045908
2016-09-29, 0.046031
2016-09-30, 0.045924
2016-10-03, 0.045845
2016-10-04, 0.045960
2016-10-05, 0.045954
2016-10-06, 0.046041
2016-10-07, 0.046088
2016-10-10, 0.046076
2016-10-11, 0.046060
2016-10-12, 0.045999
2016-10-13, 0.046004
2016-10-14, 0.045905
2016-10-17, 0.046048
2016-10-18, 0.046081
2016-10-19, 0.046276
2016-10-20, 0.046423
2016-10-21, 0.046436
2016-10-24, 0.046408
2016-10-25, 0.046630
2016-10-26, 0.046524
2016-10-27, 0.046522
2016-10-28, 0.046353
2016-10-31, 0.046331
2016-11-01, 0.046341
2016-11-02, 0.046140
2016-11-03, 0.046163
2016-11-04, 0.046073
2016-11-07, 0.045652
2016-11-08, 0.045940
2016-11-09, 0.046006
2016-11-10, 0.045942
2016-11-11, 0.046020
2016-11-14, 0.045757
2016-11-15, 0.045606
2016-11-16, 0.045817
2016-11-17, 0.045698
2016-11-18, 0.045750
2016-11-21, 0.045844
2016-11-22, 0.045821
2016-11-23, 0.045864
2016-11-24, 0.045732
2016-11-25, 0.045518
2016-11-28, 0.045547
2016-11-29, 0.045687
2016-11-30, 0.045583
2016-12-01, 0.045562
2016-12-02, 0.045306
2016-12-05, 0.045443
2016-12-06, 0.045464
2016-12-07, 0.045788
2016-12-08, 0.045923
2016-12-09, 0.045900
2016-12-12, 0.045913
2016-12-13, 0.045978
2016-12-14, 0.046119
2016-12-15, 0.046076
2016-12-16, 0.046240
2016-12-19, 0.046231
2016-12-20, 0.046198
2016-12-21, 0.046328
2016-12-22, 0.046312
2016-12-23, 0.046282
2016-12-26, 0.046239
2016-12-27, 0.046267
2016-12-28, 0.046222
2016-12-29, 0.046366
2016-12-30, 0.046387
2017-01-02, 0.046433
2017-01-03, 0.046357
2017-01-04, 0.046151
2017-01-05, 0.046109
2017-01-06, 0.046158
2017-01-09, 0.046334
2017-01-10, 0.046396
2017-01-11, 0.046345
2017-01-12, 0.046315
2017-01-13, 0.046926
2017-01-16, 0.046990
2017-01-17, 0.047006
2017-01-18, 0.047167
2017-01-19, 0.047235
2017-01-20, 0.047139
2017-01-23, 0.047324
2017-01-24, 0.047311
2017-01-25, 0.047536
2017-01-26, 0.047354
2017-01-27, 0.047453
2017-01-30, 0.047368
2017-01-31, 0.047901
2017-02-01, 0.047873
2017-02-02, 0.048001
2017-02-03, 0.048153
2017-02-06, 0.048273
2017-02-07, 0.048202
2017-02-08, 0.048251
2017-02-09, 0.048423
2017-02-10, 0.048456
2017-02-13, 0.048249
2017-02-14, 0.048422
2017-02-15, 0.048334
2017-02-16, 0.048176
2017-02-17, 0.048223
2017-02-20, 0.048285
2017-02-21, 0.048239
2017-02-22, 0.048321
2017-02-23, 0.048265
2017-02-24, 0.048375
2017-02-27, 0.048251
2017-02-28, 0.048200
2017-03-01, 0.048093
2017-03-02, 0.048430
2017-03-03, 0.048561
2017-03-06, 0.048583
2017-03-07, 0.048734
2017-03-08, 0.048710
2017-03-09, 0.048533
2017-03-10, 0.048483
2017-03-13, 0.048585
2017-03-14, 0.048440
2017-03-15, 0.048382
2017-03-16, 0.048458
2017-03-17, 0.048603
2017-03-20, 0.048599
2017-03-21, 0.048726
2017-03-22, 0.048669
2017-03-23, 0.048586
2017-03-24, 0.048697
2017-03-27, 0.048987
2017-03-28, 0.048797
2017-03-29, 0.048848
2017-03-30, 0.048720
2017-03-31, 0.048738
2017-04-03, 0.048736
2017-04-04, 0.048779
2017-04-05, 0.048886
2017-04-06, 0.049024
2017-04-07, 0.049023
2017-04-10, 0.048996
2017-04-11, 0.049424
2017-04-12, 0.049364
2017-04-13, 0.049394
2017-04-14, 0.049228
2017-04-17, 0.049215
2017-04-18, 0.049393
2017-04-19, 0.049591
2017-04-20, 0.049507
2017-04-21, 0.049732
2017-04-24, 0.049770
2017-04-25, 0.049989
2017-04-26, 0.050148
2017-04-27, 0.050266
2017-04-28, 0.050256
2017-05-02, 0.050348
2017-05-03, 0.050400
2017-05-04, 0.050334
2017-05-05, 0.050261
2017-05-08, 0.050493
2017-05-09, 0.050608
2017-05-10, 0.050832
2017-05-11, 0.050954
2017-05-12, 0.050722
2017-05-15, 0.050737
2017-05-16, 0.050856
2017-05-17, 0.050973
2017-05-18, 0.050971
2017-05-22, 0.050887
2017-05-23, 0.051080
2017-05-24, 0.051358
2017-05-25, 0.051462
2017-05-26, 0.051496
2017-05-29, 0.051484
2017-05-30, 0.051462
2017-05-31, 0.051429
2017-06-01, 0.051567
2017-06-02, 0.051477
2017-06-05, 0.051746
2017-06-06, 0.051606
2017-06-07, 0.051688
2017-06-08, 0.051563
2017-06-09, 0.051725
2017-06-12, 0.051913
2017-06-13, 0.052030
2017-06-14, 0.052078
2017-06-15, 0.052088
2017-06-16, 0.051983
2017-06-19, 0.051902
2017-06-20, 0.052157
2017-06-21, 0.052106
2017-06-22, 0.052088
2017-06-23, 0.052160
2017-06-28, 0.052210
2017-06-29, 0.052272
2017-06-30, 0.052222
2017-07-03, 0.052307
2017-07-04, 0.052368
2017-07-05, 0.052494
2017-07-06, 0.052398
2017-07-07, 0.052368
2017-07-10, 0.052366
2017-07-11, 0.052529
2017-07-12, 0.052843
2017-07-13, 0.052963
2017-07-14, 0.053018
2017-07-17, 0.053148
2017-07-18, 0.053339
2017-07-19, 0.053228
2017-07-20, 0.053508
2017-07-21, 0.053385
2017-07-24, 0.053401
2017-07-25, 0.053456
2017-07-26, 0.053489
2017-07-27, 0.053471
2017-07-28, 0.053608
2017-07-31, 0.053557
2017-08-01, 0.053531
2017-08-02, 0.053424
2017-08-03, 0.053445
2017-08-04, 0.053561
2017-08-07, 0.053742
2017-08-08, 0.053873
2017-08-09, 0.053833
2017-08-10, 0.053744
2017-08-11, 0.053656
2017-08-14, 0.053540
2017-08-15, 0.053881
2017-08-16, 0.053617
2017-08-17, 0.053594
2017-08-18, 0.053624
2017-08-21, 0.053662
2017-08-22, 0.053869
2017-08-23, 0.053862
2017-08-24, 0.053882
2017-08-25, 0.053941
2017-08-28, 0.054081
2017-08-29, 0.054157
2017-08-31, 0.054153
2017-09-05, 0.054163
2017-09-06, 0.053977
2017-09-07, 0.054066
2017-09-08, 0.054084
2017-09-11, 0.053940
2017-09-12, 0.054088
2017-09-13, 0.054061
2017-09-14, 0.053969
2017-09-15, 0.053949
2017-09-18, 0.053896
2017-09-19, 0.053781
2017-09-20, 0.053535
2017-09-21, 0.053567
2017-09-22, 0.053379
2017-09-25, 0.053409
2017-09-26, 0.053083
2017-09-27, 0.053264
2017-09-28, 0.052831
2017-09-29, 0.053089
2017-10-02, 0.053117
2017-10-03, 0.053295
2017-10-04, 0.053291
2017-10-05, 0.053396
2017-10-06, 0.053393
2017-10-09, 0.053395
2017-10-10, 0.052930
2017-10-11, 0.053245
2017-10-12, 0.053331
2017-10-13, 0.053609
2017-10-16, 0.053665
2017-10-17, 0.053695
2017-10-18, 0.053795
2017-10-19, 0.053789
2017-10-20, 0.054005
2017-10-23, 0.054017
2017-10-24, 0.053845
2017-10-25, 0.053784
2017-10-26, 0.054010
2017-10-27, 0.053858
2017-10-30, 0.053923
2017-10-31, 0.054038
2017-11-01, 0.054222
2017-11-02, 0.054595
2017-11-03, 0.054555
2017-11-06, 0.054281
2017-11-07, 0.054595
2017-11-09, 0.054221
2017-11-10, 0.053984
2017-11-13, 0.053772
2017-11-14, 0.053751
2017-11-15, 0.053961
2017-11-17, 0.053691
2017-11-20, 0.053616
2017-11-21, 0.053269
2017-11-22, 0.053400
2017-11-23, 0.053516
2017-11-24, 0.053445
2017-11-27, 0.053421
2017-11-28, 0.053565
2017-11-29, 0.053225
2017-11-30, 0.053270
2017-12-01, 0.053517
2017-12-04, 0.053532
2017-12-05, 0.053757
2017-12-06, 0.053930
2017-12-07, 0.053822
2017-12-08, 0.054004
2017-12-11, 0.054250
2017-12-12, 0.054437
2017-12-13, 0.054486
2017-12-14, 0.054344
2017-12-15, 0.054576
2017-12-18, 0.054556
2017-12-19, 0.054692
2017-12-20, 0.054699
2017-12-21, 0.054698
2017-12-22, 0.054873
2017-12-25, 0.054832
2017-12-26, 0.054949
2017-12-27, 0.055011
2017-12-28, 0.055026
2017-12-29, 0.055343
2018-01-02, 0.055465
2018-01-03, 0.055789
2018-01-04, 0.055577
2018-01-05, 0.055613
2018-01-08, 0.055822
2018-01-09, 0.055824
2018-01-10, 0.055671
2018-01-11, 0.055491
2018-01-12, 0.055657
2018-01-15, 0.055800
2018-01-16, 0.055530
2018-01-17, 0.055797
2018-01-18, 0.056091
2018-01-19, 0.056207
2018-01-22, 0.055985
2018-01-23, 0.056252
2018-01-24, 0.056430
2018-01-25, 0.056610
2018-01-26, 0.056498
2018-01-29, 0.056874
2018-01-30, 0.056893
2018-01-31, 0.056758
2018-02-01, 0.056883
2018-02-02, 0.056836
2018-02-05, 0.056725
2018-02-06, 0.056586
2018-02-07, 0.056390
2018-02-08, 0.056454
2018-02-09, 0.056252
2018-02-12, 0.056173
2018-02-13, 0.056363
2018-02-14, 0.056322
2018-02-15, 0.056189
2018-02-16, 0.056608
2018-02-19, 0.056806
2018-02-20, 0.056756
2018-02-21, 0.056443
2018-02-22, 0.056774
2018-02-23, 0.056852
2018-02-26, 0.056970
2018-02-27, 0.057146
2018-02-28, 0.057080
2018-03-01, 0.057100
2018-03-02, 0.056972
2018-03-05, 0.056873
2018-03-06, 0.056856
2018-03-07, 0.056830
2018-03-08, 0.056855
2018-03-09, 0.056788
2018-03-12, 0.056821
2018-03-13, 0.057031
2018-03-14, 0.056961
2018-03-15, 0.056875
2018-03-16, 0.056744
2018-03-19, 0.056773
2018-03-20, 0.056585
2018-03-21, 0.056714
2018-03-22, 0.056919
2018-03-23, 0.056851
2018-03-26, 0.056783
2018-03-27, 0.056783
2018-03-28, 0.056724
2018-03-29, 0.056576
2018-03-30, 0.056781
2018-04-02, 0.056923
2018-04-03, 0.056849
2018-04-04, 0.056872
2018-04-05, 0.056798
2018-04-06, 0.056829
2018-04-09, 0.056845
2018-04-10, 0.056639
2018-04-11, 0.056335
2018-04-12, 0.056065
2018-04-13, 0.056237
2018-04-16, 0.056242
2018-04-17, 0.056426
2018-04-18, 0.056126
2018-04-19, 0.056595
2018-04-20, 0.056767
2018-04-24,0.056773
2018-04-25,0.056687
2018-04-26,0.056354
2018-04-27,0.056308
2018-04-30,0.056400
2018-05-02,0.056047
2018-05-03,0.055916
2018-05-04,0.055649
2018-05-07,0.055664
2018-05-08,0.055333
2018-05-09,0.054898
2018-05-10,0.054951
2018-05-11,0.055022
2018-05-14,0.054834
2018-05-15,0.054959
2018-05-16,0.054560
2018-05-17,0.054534
2018-05-18,0.054494
2018-05-21,0.054602
2018-05-22,0.054515
2018-05-23,0.054626
2018-05-24,0.054368
2018-05-25,0.054191
2018-05-28,0.054411
2018-05-29,0.055061
2018-05-30,0.054935
2018-05-31,0.054813
2018-06-01,0.054389
2018-06-04,0.054193
2018-06-05,0.054157
2018-06-06,0.053979
2018-06-07,0.053772
2018-06-08,0.054030
2018-06-11,0.053725
2018-06-12,0.053743
2018-06-13,0.053654
2018-06-14,0.053394
2018-06-18,0.053497
2018-06-19,0.053321
2018-06-20,0.053517
2018-06-21,0.053565
2018-06-22,0.053690
2018-06-25,0.053840
2018-06-26,0.053577
2018-06-27,0.053634
2018-06-28,0.053954
2018-06-29,0.054079
2018-07-02,0.054224
2018-07-03,0.054243
2018-07-04,0.054254
2018-07-05,0.054358
2018-07-06,0.054576
2018-07-09,0.054568
2018-07-10,0.054592
2018-07-11,0.054107
2018-07-12,0.053361
2018-07-13,0.053088
2018-07-16,0.053217
2018-07-17,0.053213
2018-07-18,0.053525
2018-07-19,0.053662
2018-07-20,0.053706
2018-07-23,0.053973
2018-07-24,0.054232
2018-07-25,0.053736
2018-07-26,0.054250
2018-07-27,0.054431
2018-07-30,0.054506
2018-07-31,0.054653
2018-08-01,0.054646
2018-08-02,0.054683
2018-08-03,0.054042
2018-08-06,0.054253
2018-08-07,0.053990
2018-08-08,0.054201
2018-08-09,0.054356
2018-08-10,0.054419
2018-08-13,0.053512
2018-08-14,0.052546
2018-08-15,0.052961
2018-08-16,0.052126
2018-08-17,0.051583
2018-08-20,0.051803
2018-08-27,0.052002
2018-08-28,0.052439
2018-08-29,0.052922
2018-08-31,0.052914
2018-09-03,0.052978
2018-09-04,0.053258
2018-09-05,0.053122
2018-09-06,0.053022
2018-09-07,0.052960
2018-09-10,0.053149
2018-09-11,0.052763
2018-09-12,0.052706
2018-09-13,0.052508
2018-09-14,0.052823
2018-09-17,0.053219
2018-09-18,0.053010
2018-09-19,0.053013
2018-09-20,0.053430
2018-09-21,0.053298
2018-09-24,0.053652
2018-09-25,0.054056
2018-09-26,0.054024
2018-09-27,0.054045
2018-09-28,0.054417
2018-10-01,0.054610
2018-10-02,0.054519
2018-10-03,0.054357
2018-10-04,0.054020
2018-10-05,0.053131
2018-10-08,0.053401
2018-10-09,0.053592
2018-10-10,0.053673
2018-10-11,0.053413
2018-10-12,0.053435
2018-10-15,0.053776
2018-10-16,0.054492
2018-10-17,0.054529
2018-10-18,0.054955
2018-10-19,0.054944
2018-10-22,0.054795
2018-10-23,0.054575
2018-10-24,0.054028
2018-10-25,0.054068
2018-10-26,0.054227
2018-10-30,0.054114
2018-10-31,0.054335
2018-11-01,0.054405
2018-11-02,0.054816
2018-11-05,0.055335
2018-11-06,0.055749
2018-11-07,0.056222
2018-11-08,0.056410
2018-11-09,0.056080
2018-11-12,0.055912
2018-11-13,0.055700
2018-11-14,0.056114
2018-11-15,0.056415
2018-11-16,0.056481
2018-11-19,0.056704
2018-11-20,0.056799
2018-11-21,0.056346
2018-11-22,0.056531
2018-11-23,0.056405
2018-11-26,0.056656
2018-11-27,0.056980
2018-11-28,0.056967
2018-11-29,0.057062
2018-11-30,0.057295
2018-12-03,0.057319
2018-12-04,0.057307
2018-12-05,0.057040
2018-12-06,0.056984
2018-12-07,0.056817
2018-12-10,0.057018
2018-12-11,0.056766
2018-12-12,0.056754
2018-12-13,0.056159
2018-12-14,0.056457
2018-12-17,0.056111
2018-12-18,0.055932
2018-12-19,0.056231
2018-12-20,0.056645
2018-12-21,0.056713
2018-12-24,0.056849
2018-12-25,0.056899
2018-12-26,0.056769
2018-12-27,0.056784
2018-12-28,0.056751
