2004-04-05, 0.000000
2004-04-06, 0.000000
2004-04-07, 0.000000
2004-04-08, 10004.000000
2004-04-09, 10009.000000
2004-04-12, 10023.000000
2004-04-13, 10027.000000
2004-04-14, 10032.000000
2004-04-15, 10031.000000
2004-04-16, 10030.000000
2004-04-19, 10052.000000
2004-04-20, 10078.000000
2004-04-21, 10083.000000
2004-04-22, 10077.000000
2004-04-26, 10096.000000
2004-04-27, 10100.000000
2004-04-28, 10074.000000
2004-04-29, 10061.000000
2004-04-30, 10022.000000
2004-05-03, 10050.000000
2004-05-04, 10061.000000
2004-05-05, 10002.000000
2004-05-06, 10023.000000
2004-05-07, 10026.000000
2004-05-10, 10004.000000
2004-05-11, 9900.000000
2004-05-12, 9767.000000
2004-05-13, 9919.000000
2004-05-14, 9858.000000
2004-05-17, 9889.000000
2004-05-18, 9919.000000
2004-05-20, 9898.000000
2004-05-21, 9890.000000
2004-05-24, 9878.000000
2004-05-25, 9930.000000
2004-05-26, 9958.000000
2004-05-27, 9978.000000
2004-05-28, 9977.000000
2004-05-31, 9999.000000
2004-06-01, 9933.000000
2004-06-02, 9907.000000
2004-06-03, 9849.000000
2004-06-04, 9870.000000
2004-06-07, 10004.000000
2004-06-08, 10142.000000
2004-06-09, 10129.000000
2004-06-10, 10074.000000
2004-06-11, 10086.000000
2004-06-14, 10106.000000
2004-06-15, 9974.000000
2004-06-16, 9937.000000
2004-06-17, 9977.000000
2004-06-18, 9915.000000
2004-06-21, 9947.000000
2004-06-22, 9926.000000
2004-06-23, 9947.000000
2004-06-24, 9959.000000
2004-06-25, 10018.000000
2004-06-28, 10134.000000
2004-06-29, 10239.000000
2004-06-30, 10262.000000
2004-07-01, 10301.000000
2004-07-02, 10384.000000
2004-07-05, 10446.000000
2004-07-06, 10555.000000
2004-07-07, 10528.000000
2004-07-08, 10452.000000
2004-07-09, 10444.000000
2004-07-12, 10437.000000
2004-07-13, 10479.000000
2004-07-14, 10554.000000
2004-07-15, 10555.000000
2004-07-16, 10552.000000
2004-07-19, 10560.000000
2004-07-20, 10590.000000
2004-07-21, 10583.000000
2004-07-22, 10576.000000
2004-07-23, 10572.000000
2004-07-26, 10622.000000
2004-07-27, 10630.000000
2004-07-28, 10617.000000
2004-07-29, 10640.000000
2004-07-30, 10671.000000
2004-08-02, 10701.000000
2004-08-03, 10730.000000
2004-08-04, 10728.000000
2004-08-05, 10736.000000
2004-08-06, 10743.000000
2004-08-09, 10770.000000
2004-08-10, 10837.000000
2004-08-11, 10838.000000
2004-08-12, 10857.000000
2004-08-13, 10851.000000
2004-08-16, 10864.000000
2004-08-17, 10887.000000
2004-08-18, 10915.000000
2004-08-19, 10929.000000
2004-08-20, 10913.000000
2004-08-23, 10918.000000
2004-08-24, 10910.000000
2004-08-25, 10919.000000
2004-08-26, 10947.000000
2004-08-27, 10954.000000
2004-08-31, 10988.000000
2004-09-01, 10988.000000
2004-09-02, 10992.000000
2004-09-03, 11002.000000
2004-09-06, 11020.000000
2004-09-07, 11003.000000
2004-09-08, 11015.000000
2004-09-09, 11095.000000
2004-09-10, 11127.000000
2004-09-13, 11146.000000
2004-09-14, 11141.000000
2004-09-15, 11141.000000
2004-09-16, 11156.000000
2004-09-17, 11163.000000
2004-09-20, 11161.000000
2004-09-21, 11070.000000
2004-09-22, 11066.000000
2004-09-23, 11147.000000
2004-09-24, 11167.000000
2004-09-27, 11229.000000
2004-09-28, 11233.000000
2004-09-29, 11236.000000
2004-09-30, 11239.000000
2004-10-01, 11246.000000
2004-10-04, 11260.000000
2004-10-05, 11255.000000
2004-10-06, 11278.000000
2004-10-07, 11289.000000
2004-10-08, 11297.000000
2004-10-11, 11345.000000
2004-10-12, 11340.000000
2004-10-13, 11348.000000
2004-10-14, 11342.000000
2004-10-15, 11329.000000
2004-10-18, 11350.000000
2004-10-19, 11299.000000
2004-10-20, 11252.000000
2004-10-21, 11292.000000
2004-10-22, 11304.000000
2004-10-25, 11273.000000
2004-10-26, 11256.000000
2004-10-27, 11299.000000
2004-10-28, 11257.000000
2004-11-01, 11260.000000
2004-11-02, 11274.000000
2004-11-03, 11242.000000
2004-11-04, 11202.000000
2004-11-05, 11179.000000
2004-11-08, 11152.000000
2004-11-09, 11131.000000
2004-11-10, 11150.000000
2004-11-11, 11139.000000
2004-11-12, 11128.000000
2004-11-17, 11113.000000
2004-11-18, 11097.000000
2004-11-19, 11036.000000
2004-11-22, 11054.000000
2004-11-23, 11029.000000
2004-11-24, 11000.000000
2004-11-25, 10936.000000
2004-11-26, 10930.000000
2004-11-29, 10906.000000
2004-11-30, 10909.000000
2004-12-01, 10949.000000
2004-12-02, 10910.000000
2004-12-03, 10842.000000
2004-12-06, 10848.000000
2004-12-07, 10690.000000
2004-12-08, 10712.000000
2004-12-09, 10802.000000
2004-12-10, 10938.000000
2004-12-13, 11042.000000
2004-12-14, 10954.000000
2004-12-15, 10869.000000
2004-12-16, 10886.000000
2004-12-17, 10786.000000
2004-12-20, 10867.000000
2004-12-21, 10708.000000
2004-12-22, 10689.000000
2004-12-23, 10691.000000
2004-12-24, 10635.000000
2004-12-27, 10554.000000
2004-12-28, 10467.000000
2004-12-29, 10390.000000
2004-12-30, 10466.000000
2004-12-31, 10419.000000
2005-01-03, 10376.000000
2005-01-04, 0.010373
2005-01-05, 0.010394
2005-01-06, 0.010660
2005-01-07, 0.010832
2005-01-10, 0.010631
2005-01-11, 0.010708
2005-01-12, 0.010643
2005-01-13, 0.010640
2005-01-14, 0.010463
2005-01-17, 0.010479
2005-01-18, 0.010338
2005-01-19, 0.010370
2005-01-24, 0.010373
2005-01-25, 0.010357
2005-01-26, 0.010303
2005-01-27, 0.010284
2005-01-28, 0.010330
2005-01-31, 0.010305
2005-02-01, 0.010309
2005-02-02, 0.010265
2005-02-03, 0.010228
2005-02-04, 0.010203
2005-02-07, 0.010164
2005-02-08, 0.010149
2005-02-09, 0.010255
2005-02-10, 0.010239
2005-02-11, 0.010322
2005-02-14, 0.010205
2005-02-15, 0.010142
2005-02-16, 0.010100
2005-02-17, 0.010118
2005-02-18, 0.010117
2005-02-21, 0.010082
2005-02-22, 0.010096
2005-02-23, 0.010035
2005-02-24, 0.010078
2005-02-25, 0.010021
2005-02-28, 0.010009
2005-03-01, 0.009936
2005-03-02, 0.009925
2005-03-03, 0.009924
2005-03-04, 0.009874
2005-03-07, 0.009865
2005-03-08, 0.009735
2005-03-09, 0.009765
2005-03-10, 0.009766
2005-03-11, 0.009881
2005-03-14, 0.009797
2005-03-15, 0.009871
2005-03-16, 0.009940
2005-03-17, 0.010138
2005-03-18, 0.010124
2005-03-21, 0.010054
2005-03-22, 0.010195
2005-03-23, 0.010190
2005-03-24, 0.010397
2005-03-25, 0.010315
2005-03-28, 0.010314
2005-03-29, 0.010387
2005-03-30, 0.010562
2005-03-31, 0.010491
2005-04-01, 0.010324
2005-04-04, 0.010308
2005-04-05, 0.010424
2005-04-06, 0.010453
2005-04-07, 0.010319
2005-04-08, 0.010247
2005-04-11, 0.010315
2005-04-12, 0.010280
2005-04-13, 0.010256
2005-04-14, 0.010275
2005-04-15, 0.010320
2005-04-18, 0.010504
2005-04-19, 0.010482
2005-04-20, 0.010459
2005-04-21, 0.010358
2005-04-22, 0.010380
2005-04-25, 0.010339
2005-04-26, 0.010383
2005-04-27, 0.010363
2005-04-28, 0.010414
2005-04-29, 0.010482
2005-05-02, 0.010550
2005-05-03, 0.010516
2005-05-04, 0.010433
2005-05-05, 0.010313
2005-05-06, 0.010267
2005-05-09, 0.010305
2005-05-10, 0.010357
2005-05-11, 0.010396
2005-05-12, 0.010487
2005-05-13, 0.010408
2005-05-16, 0.010463
2005-05-17, 0.010531
2005-05-18, 0.010524
2005-05-20, 0.010496
2005-05-23, 0.010400
2005-05-24, 0.010564
2005-05-25, 0.010531
2005-05-26, 0.010548
2005-05-27, 0.010528
2005-05-30, 0.010470
2005-05-31, 0.010476
2005-06-01, 0.010407
2005-06-02, 0.010442
2005-06-03, 0.010330
2005-06-06, 0.010411
2005-06-07, 0.010431
2005-06-08, 0.010385
2005-06-09, 0.010431
2005-06-10, 0.010397
2005-06-13, 0.010375
2005-06-14, 0.010493
2005-06-15, 0.010444
2005-06-16, 0.010498
2005-06-17, 0.010422
2005-06-20, 0.010373
2005-06-21, 0.010370
2005-06-22, 0.010403
2005-06-23, 0.010344
2005-06-24, 0.010353
2005-06-27, 0.010327
2005-06-28, 0.010321
2005-06-29, 0.010306
2005-06-30, 0.010296
2005-07-01, 0.010249
2005-07-04, 0.010227
2005-07-05, 0.010260
2005-07-06, 0.010277
2005-07-07, 0.010294
2005-07-08, 0.010367
2005-07-11, 0.010307
2005-07-12, 0.010250
2005-07-13, 0.010218
2005-07-14, 0.010175
2005-07-15, 0.010197
2005-07-18, 0.010162
2005-07-19, 0.010196
2005-07-20, 0.010201
2005-07-21, 0.010187
2005-07-22, 0.010149
2005-07-25, 0.010149
2005-07-26, 0.010233
2005-07-27, 0.010296
2005-07-28, 0.010264
2005-07-29, 0.010223
2005-08-01, 0.010157
2005-08-02, 0.010115
2005-08-03, 0.010136
2005-08-04, 0.010097
2005-08-05, 0.010070
2005-08-08, 0.010064
2005-08-09, 0.010096
2005-08-10, 0.010133
2005-08-11, 0.010095
2005-08-12, 0.010137
2005-08-15, 0.010264
2005-08-16, 0.010340
2005-08-17, 0.010286
2005-08-18, 0.010407
2005-08-19, 0.010420
2005-08-22, 0.010466
2005-08-23, 0.010423
2005-08-24, 0.010372
2005-08-25, 0.010449
2005-08-26, 0.010442
2005-08-29, 0.010366
2005-08-31, 0.010352
2005-09-01, 0.010330
2005-09-02, 0.010260
2005-09-05, 0.010243
2005-09-06, 0.010221
2005-09-07, 0.010213
2005-09-08, 0.010196
2005-09-09, 0.010230
2005-09-12, 0.010203
2005-09-13, 0.010238
2005-09-14, 0.010229
2005-09-15, 0.010267
2005-09-16, 0.010275
2005-09-19, 0.010264
2005-09-20, 0.010308
2005-09-21, 0.010278
2005-09-22, 0.010275
2005-09-23, 0.010245
2005-09-26, 0.010275
2005-09-27, 0.010319
2005-09-28, 0.010291
2005-09-29, 0.010339
2005-09-30, 0.010314
2005-10-03, 0.010335
2005-10-04, 0.010436
2005-10-05, 0.010295
2005-10-06, 0.010355
2005-10-07, 0.010398
2005-10-10, 0.010367
2005-10-11, 0.010297
2005-10-12, 0.010330
2005-10-13, 0.010373
2005-10-14, 0.010474
2005-10-17, 0.010484
2005-10-18, 0.010414
2005-10-19, 0.010429
2005-10-20, 0.010492
2005-10-21, 0.010437
2005-10-24, 0.010421
2005-10-25, 0.010423
2005-10-26, 0.010405
2005-10-27, 0.010340
2005-10-28, 0.010334
2005-10-31, 0.010331
2005-11-01, 0.010282
2005-11-02, 0.010303
2005-11-07, 0.010298
2005-11-08, 0.010384
2005-11-09, 0.010406
2005-11-10, 0.010374
2005-11-11, 0.010401
2005-11-14, 0.010389
2005-11-15, 0.010364
2005-11-16, 0.010379
2005-11-17, 0.010350
2005-11-18, 0.010356
2005-11-21, 0.010438
2005-11-22, 0.010402
2005-11-23, 0.010416
2005-11-24, 0.010370
2005-11-25, 0.010361
2005-11-28, 0.010356
2005-11-29, 0.010385
2005-11-30, 0.010349
2005-12-01, 0.010411
2005-12-02, 0.010387
2005-12-05, 0.010400
2005-12-06, 0.010392
2005-12-07, 0.010374
2005-12-08, 0.010388
2005-12-09, 0.010397
2005-12-12, 0.010389
2005-12-13, 0.010374
2005-12-14, 0.010340
2005-12-15, 0.010315
2005-12-16, 0.010343
2005-12-19, 0.010365
2005-12-20, 0.010355
2005-12-21, 0.010356
2005-12-22, 0.010370
2005-12-23, 0.010378
2005-12-26, 0.010363
2005-12-27, 0.010355
2005-12-28, 0.010360
2005-12-29, 0.010354
2005-12-30, 0.010358
2006-01-02, 0.010352
2006-01-03, 0.010327
2006-01-04, 0.010331
2006-01-05, 0.010245
2006-01-06, 0.010230
2006-01-09, 0.010226
2006-01-16, 0.010235
2006-01-17, 0.010230
2006-01-18, 0.010235
2006-01-19, 0.010263
2006-01-20, 0.010256
2006-01-23, 0.010259
2006-01-24, 0.010202
2006-01-25, 0.010178
2006-01-26, 0.010167
2006-01-27, 0.010175
2006-01-30, 0.010181
2006-01-31, 0.010207
2006-02-01, 0.010194
2006-02-02, 0.010179
2006-02-03, 0.010205
2006-02-06, 0.010186
2006-02-07, 0.010214
2006-02-08, 0.010215
2006-02-09, 0.010251
2006-02-10, 0.010224
2006-02-13, 0.010208
2006-02-14, 0.010229
2006-02-15, 0.010206
2006-02-16, 0.010282
2006-02-17, 0.010242
2006-02-20, 0.010215
2006-02-21, 0.010144
2006-02-22, 0.010159
2006-02-23, 0.010247
2006-02-24, 0.010170
2006-02-27, 0.010184
2006-02-28, 0.010164
2006-03-01, 0.010131
2006-03-02, 0.010142
2006-03-03, 0.010077
2006-03-06, 0.010069
2006-03-07, 0.010096
2006-03-08, 0.010236
2006-03-09, 0.010321
2006-03-10, 0.010325
2006-03-13, 0.010377
2006-03-14, 0.010342
2006-03-15, 0.010375
2006-03-16, 0.010289
2006-03-17, 0.010274
2006-03-20, 0.010212
2006-03-21, 0.010281
2006-03-22, 0.010332
2006-03-23, 0.010379
2006-03-24, 0.010317
2006-03-27, 0.010373
2006-03-28, 0.010361
2006-03-29, 0.010408
2006-03-30, 0.010466
2006-03-31, 0.010390
2006-04-03, 0.010387
2006-04-04, 0.010372
2006-04-05, 0.010331
2006-04-06, 0.010322
2006-04-07, 0.010328
2006-04-10, 0.010324
2006-04-11, 0.010367
2006-04-12, 0.010341
2006-04-13, 0.010361
2006-04-14, 0.010393
2006-04-17, 0.010414
2006-04-18, 0.010404
2006-04-19, 0.010368
2006-04-20, 0.010288
2006-04-21, 0.010282
2006-04-24, 0.010279
2006-04-25, 0.010254
2006-04-26, 0.010248
2006-04-27, 0.010282
2006-04-28, 0.010273
2006-05-01, 0.010256
2006-05-02, 0.010243
2006-05-03, 0.010257
2006-05-04, 0.010226
2006-05-05, 0.010271
2006-05-08, 0.010241
2006-05-09, 0.010238
2006-05-10, 0.010359
2006-05-11, 0.010420
2006-05-12, 0.010486
2006-05-15, 0.010728
2006-05-16, 0.011125
2006-05-17, 0.011113
2006-05-18, 0.010950
2006-05-22, 0.011385
2006-05-23, 0.011498
2006-05-24, 0.011574
2006-05-25, 0.011698
2006-05-26, 0.011729
2006-05-29, 0.011615
2006-05-30, 0.011620
2006-05-31, 0.011710
2006-06-01, 0.011867
2006-06-02, 0.011875
2006-06-05, 0.011636
2006-06-06, 0.011973
2006-06-07, 0.011847
2006-06-08, 0.011782
2006-06-09, 0.011772
2006-06-12, 0.011706
2006-06-13, 0.011726
2006-06-14, 0.012081
2006-06-15, 0.012012
2006-06-16, 0.011970
2006-06-19, 0.011961
2006-06-20, 0.012034
2006-06-21, 0.012130
2006-06-22, 0.012348
2006-06-23, 0.012487
2006-06-26, 0.012687
2006-06-27, 0.012620
2006-06-28, 0.012315
2006-06-29, 0.012184
2006-06-30, 0.012128
2006-07-03, 0.011969
2006-07-04, 0.011953
2006-07-05, 0.011768
2006-07-06, 0.011963
2006-07-07, 0.012071
2006-07-10, 0.011794
2006-07-11, 0.011815
2006-07-12, 0.011730
2006-07-13, 0.011763
2006-07-14, 0.011992
2006-07-17, 0.011976
2006-07-18, 0.012045
2006-07-19, 0.011985
2006-07-20, 0.011918
2006-07-21, 0.011758
2006-07-24, 0.011739
2006-07-25, 0.011754
2006-07-26, 0.011655
2006-07-27, 0.011590
2006-07-28, 0.011477
2006-07-31, 0.011458
2006-08-01, 0.011376
2006-08-02, 0.011465
2006-08-03, 0.011486
2006-08-04, 0.011408
2006-08-07, 0.011362
2006-08-08, 0.011221
2006-08-09, 0.011208
2006-08-10, 0.011146
2006-08-11, 0.011128
2006-08-14, 0.011113
2006-08-15, 0.011190
2006-08-16, 0.011269
2006-08-17, 0.011156
2006-08-18, 0.011068
2006-08-21, 0.011105
2006-08-22, 0.011188
2006-08-23, 0.011182
2006-08-24, 0.011202
2006-08-25, 0.011344
2006-08-28, 0.011343
2006-08-29, 0.011378
2006-08-31, 0.011314
2006-09-01, 0.011180
2006-09-04, 0.011270
2006-09-05, 0.011216
2006-09-06, 0.011167
2006-09-07, 0.011225
2006-09-08, 0.011341
2006-09-11, 0.011342
2006-09-12, 0.011383
2006-09-13, 0.011341
2006-09-14, 0.011288
2006-09-15, 0.011343
2006-09-18, 0.011325
2006-09-19, 0.011244
2006-09-20, 0.011294
2006-09-21, 0.011316
2006-09-22, 0.011344
2006-09-25, 0.011676
2006-09-26, 0.011546
2006-09-27, 0.011630
2006-09-28, 0.011453
2006-09-29, 0.011485
2006-10-02, 0.011522
2006-10-03, 0.011591
2006-10-04, 0.011503
2006-10-05, 0.011605
2006-10-06, 0.011468
2006-10-09, 0.011448
2006-10-10, 0.011511
2006-10-11, 0.011498
2006-10-12, 0.011465
2006-10-13, 0.011462
2006-10-16, 0.011376
2006-10-17, 0.011402
2006-10-18, 0.011402
2006-10-19, 0.011411
2006-10-20, 0.011325
2006-10-26, 0.011303
2006-10-27, 0.011269
2006-10-30, 0.011260
2006-10-31, 0.011313
2006-11-01, 0.011339
2006-11-02, 0.011304
2006-11-03, 0.011332
2006-11-06, 0.011386
2006-11-07, 0.011264
2006-11-08, 0.011226
2006-11-09, 0.011316
2006-11-10, 0.011275
2006-11-13, 0.011265
2006-11-14, 0.011287
2006-11-15, 0.011279
2006-11-16, 0.011288
2006-11-17, 0.011225
2006-11-20, 0.011259
2006-11-21, 0.011342
2006-11-22, 0.011355
2006-11-23, 0.011455
2006-11-24, 0.011491
2006-11-27, 0.011501
2006-11-28, 0.011428
2006-11-29, 0.011530
2006-11-30, 0.011431
2006-12-01, 0.011342
2006-12-04, 0.011310
2006-12-05, 0.011377
2006-12-06, 0.011349
2006-12-07, 0.011313
2006-12-08, 0.011233
2006-12-11, 0.011243
2006-12-12, 0.011240
2006-12-13, 0.011184
2006-12-14, 0.011202
2006-12-15, 0.011180
2006-12-18, 0.011180
2006-12-19, 0.011204
2006-12-20, 0.011254
2006-12-21, 0.011227
2006-12-22, 0.011224
2006-12-25, 0.011210
2006-12-26, 0.011235
2006-12-27, 0.011221
2006-12-28, 0.011218
2006-12-29, 0.011183
2007-01-04, 0.011151
2007-01-05, 0.011169
2007-01-08, 0.011285
2007-01-09, 0.011364
2007-01-10, 0.011283
2007-01-11, 0.011404
2007-01-12, 0.011322
2007-01-15, 0.011290
2007-01-16, 0.011253
2007-01-17, 0.011265
2007-01-18, 0.011288
2007-01-19, 0.011236
2007-01-22, 0.011202
2007-01-23, 0.011158
2007-01-24, 0.011165
2007-01-25, 0.011181
2007-01-26, 0.011194
2007-01-29, 0.011307
2007-01-30, 0.011276
2007-01-31, 0.011291
2007-02-01, 0.011235
2007-02-02, 0.011150
2007-02-05, 0.011132
2007-02-06, 0.011160
2007-02-07, 0.011117
2007-02-08, 0.011120
2007-02-09, 0.011143
2007-02-12, 0.011110
2007-02-13, 0.011188
2007-02-14, 0.011166
2007-02-15, 0.011116
2007-02-16, 0.011065
2007-02-19, 0.011066
2007-02-20, 0.011044
2007-02-21, 0.011022
2007-02-22, 0.011044
2007-02-23, 0.011034
2007-02-26, 0.011039
2007-02-27, 0.011064
2007-02-28, 0.011156
2007-03-01, 0.011297
2007-03-02, 0.011268
2007-03-05, 0.011349
2007-03-06, 0.011572
2007-03-07, 0.011438
2007-03-08, 0.011409
2007-03-09, 0.011339
2007-03-12, 0.011326
2007-03-13, 0.011220
2007-03-14, 0.011263
2007-03-15, 0.011359
2007-03-16, 0.011258
2007-03-19, 0.011248
2007-03-20, 0.011197
2007-03-21, 0.011160
2007-03-22, 0.011177
2007-03-23, 0.011092
2007-03-26, 0.011101
2007-03-27, 0.011116
2007-03-28, 0.011145
2007-03-29, 0.011173
2007-03-30, 0.011172
2007-04-02, 0.011141
2007-04-03, 0.011151
2007-04-04, 0.011129
2007-04-05, 0.011059
2007-04-06, 0.011058
2007-04-09, 0.011031
2007-04-10, 0.011067
2007-04-11, 0.011092
2007-04-12, 0.011053
2007-04-13, 0.011097
2007-04-16, 0.011086
2007-04-17, 0.010985
2007-04-18, 0.010977
2007-04-19, 0.010911
2007-04-20, 0.010980
2007-04-24, 0.010877
2007-04-25, 0.010878
2007-04-26, 0.010827
2007-04-27, 0.010804
2007-04-30, 0.010836
2007-05-01, 0.011045
2007-05-02, 0.011143
2007-05-03, 0.010995
2007-05-04, 0.010962
2007-05-07, 0.010973
2007-05-08, 0.010884
2007-05-09, 0.010876
2007-05-10, 0.010873
2007-05-11, 0.010880
2007-05-14, 0.010940
2007-05-15, 0.010864
2007-05-16, 0.010880
2007-05-17, 0.010795
2007-05-18, 0.010796
2007-05-21, 0.010843
2007-05-22, 0.010789
2007-05-23, 0.010808
2007-05-24, 0.010846
2007-05-25, 0.010888
2007-05-28, 0.010901
2007-05-29, 0.010857
2007-05-30, 0.010858
2007-05-31, 0.010908
2007-06-01, 0.010855
2007-06-04, 0.010793
2007-06-05, 0.010786
2007-06-06, 0.010791
2007-06-07, 0.010832
2007-06-08, 0.010849
2007-06-11, 0.011058
2007-06-12, 0.010965
2007-06-13, 0.010948
2007-06-14, 0.011029
2007-06-15, 0.010934
2007-06-18, 0.010861
2007-06-19, 0.010719
2007-06-20, 0.010710
2007-06-21, 0.010709
2007-06-22, 0.010776
2007-06-25, 0.010765
2007-06-26, 0.010814
2007-06-27, 0.010892
2007-06-28, 0.010932
2007-06-29, 0.010858
2007-07-02, 0.010791
2007-07-03, 0.010745
2007-07-04, 0.010671
2007-07-05, 0.010672
2007-07-06, 0.010672
2007-07-09, 0.010700
2007-07-10, 0.010628
2007-07-11, 0.010633
2007-07-12, 0.010673
2007-07-13, 0.010637
2007-07-16, 0.010546
2007-07-17, 0.010543
2007-07-18, 0.010589
2007-07-19, 0.010581
2007-07-20, 0.010512
2007-07-23, 0.010515
2007-07-24, 0.010439
2007-07-25, 0.010369
2007-07-26, 0.010403
2007-07-27, 0.010520
2007-07-30, 0.010797
2007-07-31, 0.010810
2007-08-01, 0.010627
2007-08-02, 0.010814
2007-08-03, 0.010660
2007-08-06, 0.010576
2007-08-07, 0.010635
2007-08-08, 0.010586
2007-08-09, 0.010506
2007-08-10, 0.010590
2007-08-13, 0.010760
2007-08-14, 0.010705
2007-08-15, 0.010803
2007-08-16, 0.011064
2007-08-17, 0.011453
2007-08-20, 0.011498
2007-08-21, 0.011128
2007-08-22, 0.011314
2007-08-23, 0.011124
2007-08-24, 0.010955
2007-08-27, 0.011028
2007-08-28, 0.010916
2007-08-29, 0.010991
2007-08-31, 0.011035
2007-09-03, 0.010814
2007-09-04, 0.010835
2007-09-05, 0.010884
2007-09-06, 0.010851
2007-09-07, 0.010848
2007-09-10, 0.010798
2007-09-11, 0.010858
2007-09-12, 0.010798
2007-09-13, 0.010693
2007-09-14, 0.010636
2007-09-17, 0.010597
2007-09-18, 0.010627
2007-09-19, 0.010630
2007-09-20, 0.010438
2007-09-21, 0.010414
2007-09-24, 0.010397
2007-09-25, 0.010337
2007-09-26, 0.010413
2007-09-27, 0.010339
2007-09-28, 0.010295
2007-10-01, 0.010270
2007-10-02, 0.010233
2007-10-03, 0.010241
2007-10-04, 0.010235
2007-10-05, 0.010236
2007-10-08, 0.010150
2007-10-09, 0.010109
2007-10-10, 0.010144
2007-10-11, 0.010097
2007-10-15, 0.010104
2007-10-16, 0.010230
2007-10-17, 0.010382
2007-10-18, 0.010276
2007-10-19, 0.010252
2007-10-22, 0.010240
2007-10-23, 0.010484
2007-10-24, 0.010337
2007-10-25, 0.010329
2007-10-26, 0.010226
2007-10-30, 0.010155
2007-10-31, 0.010150
2007-11-01, 0.010068
2007-11-02, 0.010041
2007-11-05, 0.010107
2007-11-06, 0.010162
2007-11-07, 0.010064
2007-11-08, 0.010062
2007-11-09, 0.010125
2007-11-12, 0.010150
2007-11-13, 0.010330
2007-11-14, 0.010304
2007-11-15, 0.010128
2007-11-16, 0.010142
2007-11-19, 0.010192
2007-11-20, 0.010184
2007-11-21, 0.010232
2007-11-22, 0.010315
2007-11-23, 0.010288
2007-11-26, 0.010294
2007-11-27, 0.010241
2007-11-28, 0.010413
2007-11-29, 0.010358
2007-11-30, 0.010221
2007-12-03, 0.010104
2007-12-04, 0.010135
2007-12-05, 0.010159
2007-12-06, 0.010137
2007-12-07, 0.010123
2007-12-10, 0.010104
2007-12-11, 0.010065
2007-12-12, 0.010056
2007-12-13, 0.010092
2007-12-14, 0.010080
2007-12-17, 0.010128
2007-12-18, 0.010226
2007-12-19, 0.010207
2007-12-24, 0.010215
2007-12-25, 0.010196
2007-12-26, 0.010160
2007-12-27, 0.010142
2007-12-28, 0.010138
2007-12-31, 0.010105
2008-01-02, 0.010042
2008-01-03, 0.010071
2008-01-04, 0.010094
2008-01-07, 0.010035
2008-01-08, 0.010100
2008-01-09, 0.010043
2008-01-10, 0.010023
2008-01-11, 0.010020
2008-01-14, 0.009961
2008-01-15, 0.009963
2008-01-16, 0.009963
2008-01-17, 0.010119
2008-01-18, 0.010222
2008-01-21, 0.010279
2008-01-22, 0.010452
2008-01-23, 0.010591
2008-01-24, 0.010408
2008-01-25, 0.010376
2008-01-28, 0.010273
2008-01-29, 0.010348
2008-01-30, 0.010274
2008-01-31, 0.010264
2008-02-01, 0.010214
2008-02-04, 0.010167
2008-02-05, 0.010158
2008-02-06, 0.010191
2008-02-07, 0.010317
2008-02-08, 0.010418
2008-02-11, 0.010454
2008-02-12, 0.010655
2008-02-13, 0.010598
2008-02-14, 0.010488
2008-02-15, 0.010421
2008-02-18, 0.010434
2008-02-19, 0.010432
2008-02-20, 0.010416
2008-02-21, 0.010524
2008-02-22, 0.010509
2008-02-25, 0.010509
2008-02-26, 0.010467
2008-02-27, 0.010431
2008-02-28, 0.010358
2008-02-29, 0.010352
2008-03-03, 0.010440
2008-03-04, 0.010639
2008-03-05, 0.010565
2008-03-06, 0.010578
2008-03-07, 0.010600
2008-03-10, 0.010849
2008-03-11, 0.010801
2008-03-12, 0.010806
2008-03-13, 0.010639
2008-03-14, 0.010785
2008-03-17, 0.010688
2008-03-18, 0.011011
2008-03-19, 0.010846
2008-03-20, 0.010739
2008-03-21, 0.010827
2008-03-24, 0.010863
2008-03-25, 0.010855
2008-03-26, 0.010814
2008-03-27, 0.011005
2008-03-28, 0.010999
2008-03-31, 0.011136
2008-04-01, 0.011348
2008-04-02, 0.011427
2008-04-03, 0.011197
2008-04-04, 0.011134
2008-04-07, 0.011242
2008-04-08, 0.011100
2008-04-09, 0.011189
2008-04-10, 0.011220
2008-04-11, 0.011344
2008-04-14, 0.011267
2008-04-15, 0.011366
2008-04-16, 0.011362
2008-04-17, 0.011449
2008-04-18, 0.011476
2008-04-21, 0.011452
2008-04-22, 0.011378
2008-04-24, 0.011369
2008-04-25, 0.011260
2008-04-28, 0.011193
2008-04-29, 0.011131
2008-04-30, 0.011159
2008-05-01, 0.011211
2008-05-02, 0.011117
2008-05-05, 0.011024
2008-05-06, 0.011005
2008-05-07, 0.010964
2008-05-08, 0.010910
2008-05-09, 0.011033
2008-05-12, 0.011071
2008-05-13, 0.010985
2008-05-14, 0.010954
2008-05-15, 0.010962
2008-05-16, 0.010930
2008-05-20, 0.010791
2008-05-21, 0.010839
2008-05-22, 0.010884
2008-05-23, 0.010941
2008-05-26, 0.010890
2008-05-27, 0.010927
2008-05-28, 0.010921
2008-05-29, 0.010820
2008-05-30, 0.010719
2008-06-02, 0.010651
2008-06-03, 0.010755
2008-06-04, 0.010797
2008-06-05, 0.010871
2008-06-06, 0.010798
2008-06-09, 0.010875
2008-06-10, 0.010930
2008-06-11, 0.010900
2008-06-12, 0.010969
2008-06-13, 0.011009
2008-06-16, 0.010998
2008-06-17, 0.010925
2008-06-18, 0.010820
2008-06-19, 0.010772
2008-06-20, 0.010814
2008-06-23, 0.010764
2008-06-24, 0.010800
2008-06-25, 0.010832
2008-06-26, 0.010754
2008-06-27, 0.010691
2008-06-30, 0.010818
2008-07-01, 0.010759
2008-07-02, 0.010837
2008-07-03, 0.010873
2008-07-04, 0.010959
2008-07-07, 0.010859
2008-07-08, 0.010800
2008-07-09, 0.010825
2008-07-10, 0.010751
2008-07-11, 0.010731
2008-07-14, 0.010768
2008-07-15, 0.010716
2008-07-16, 0.010743
2008-07-17, 0.010737
2008-07-18, 0.010651
2008-07-21, 0.010557
2008-07-22, 0.010531
2008-07-23, 0.010581
2008-07-24, 0.010580
2008-07-25, 0.010642
2008-07-28, 0.010662
2008-07-29, 0.010658
2008-07-30, 0.010664
2008-07-31, 0.010552
2008-08-01, 0.010333
2008-08-04, 0.010333
2008-08-05, 0.010254
2008-08-06, 0.010269
2008-08-07, 0.010343
2008-08-08, 0.010371
2008-08-11, 0.010498
2008-08-12, 0.010518
2008-08-13, 0.010515
2008-08-14, 0.010482
2008-08-15, 0.010511
2008-08-18, 0.010548
2008-08-19, 0.010529
2008-08-20, 0.010588
2008-08-21, 0.010589
2008-08-22, 0.010607
2008-08-25, 0.010558
2008-08-26, 0.010571
2008-08-27, 0.010609
2008-08-28, 0.010594
2008-08-29, 0.010581
2008-09-01, 0.010535
2008-09-02, 0.010570
2008-09-03, 0.010612
2008-09-04, 0.010770
2008-09-05, 0.010846
2008-09-08, 0.011032
2008-09-09, 0.010871
2008-09-10, 0.010875
2008-09-11, 0.010977
2008-09-12, 0.011169
2008-09-15, 0.011069
2008-09-16, 0.011200
2008-09-17, 0.011315
2008-09-18, 0.011224
2008-09-19, 0.011343
2008-09-22, 0.011159
2008-09-23, 0.011039
2008-09-24, 0.011035
2008-09-25, 0.011032
2008-09-26, 0.011012
2008-09-29, 0.011001
2008-10-03, 0.011006
2008-10-06, 0.011561
2008-10-07, 0.011798
2008-10-08, 0.011899
2008-10-09, 0.012269
2008-10-10, 0.012056
2008-10-13, 0.012408
2008-10-14, 0.012182
2008-10-15, 0.012014
2008-10-16, 0.012160
2008-10-17, 0.012791
2008-10-20, 0.013006
2008-10-21, 0.012924
2008-10-22, 0.013139
2008-10-23, 0.013689
2008-10-24, 0.014107
2008-10-27, 0.014092
2008-10-28, 0.014059
2008-10-30, 0.014066
2008-10-31, 0.012742
2008-11-03, 0.013155
2008-11-04, 0.012892
2008-11-05, 0.012895
2008-11-06, 0.012784
2008-11-07, 0.012968
2008-11-10, 0.013056
2008-11-11, 0.012910
2008-11-12, 0.013429
2008-11-13, 0.013740
2008-11-14, 0.013795
2008-11-17, 0.013792
2008-11-18, 0.013690
2008-11-19, 0.013996
2008-11-20, 0.014083
2008-11-21, 0.014319
2008-11-24, 0.014152
2008-11-25, 0.013674
2008-11-26, 0.013398
2008-11-27, 0.013494
2008-11-28, 0.013389
2008-12-01, 0.013374
2008-12-02, 0.013547
2008-12-03, 0.013612
2008-12-04, 0.013445
2008-12-05, 0.013398
2008-12-12, 0.013414
2008-12-15, 0.013375
2008-12-16, 0.013379
2008-12-17, 0.013387
2008-12-18, 0.013225
2008-12-19, 0.013047
2008-12-22, 0.013032
2008-12-23, 0.013075
2008-12-24, 0.013410
2008-12-25, 0.013402
2008-12-26, 0.013377
2008-12-29, 0.013295
2008-12-30, 0.013366
2008-12-31, 0.013413
2009-01-02, 0.013508
2009-01-05, 0.013573
2009-01-06, 0.013543
2009-01-07, 0.013639
2009-01-08, 0.013386
2009-01-09, 0.013633
2009-01-12, 0.013640
2009-01-13, 0.013802
2009-01-14, 0.014008
2009-01-15, 0.013919
2009-01-16, 0.014143
2009-01-19, 0.014029
2009-01-20, 0.014278
2009-01-21, 0.014443
2009-01-22, 0.014453
2009-01-23, 0.014445
2009-01-26, 0.014641
2009-01-27, 0.014467
2009-01-28, 0.014246
2009-01-29, 0.014220
2009-01-30, 0.014220
2009-02-02, 0.014405
2009-02-03, 0.014530
2009-02-04, 0.014441
2009-02-05, 0.014382
2009-02-06, 0.014388
2009-02-09, 0.014316
2009-02-10, 0.014197
2009-02-11, 0.014238
2009-02-12, 0.014383
2009-02-13, 0.014428
2009-02-16, 0.014400
2009-02-17, 0.014562
2009-02-18, 0.014681
2009-02-19, 0.014804
2009-02-20, 0.014705
2009-02-23, 0.014883
2009-02-24, 0.014734
2009-02-25, 0.014807
2009-02-26, 0.014743
2009-02-27, 0.014802
2009-03-02, 0.014851
2009-03-03, 0.015077
2009-03-04, 0.015052
2009-03-05, 0.015122
2009-03-06, 0.015200
2009-03-09, 0.015543
2009-03-10, 0.015654
2009-03-11, 0.015538
2009-03-12, 0.015214
2009-03-13, 0.015295
2009-03-16, 0.014916
2009-03-17, 0.014851
2009-03-18, 0.014931
2009-03-19, 0.014962
2009-03-20, 0.014844
2009-03-23, 0.014903
2009-03-24, 0.014724
2009-03-25, 0.014702
2009-03-26, 0.014777
2009-03-27, 0.014715
2009-03-30, 0.014780
2009-03-31, 0.015047
2009-04-01, 0.014887
2009-04-02, 0.014719
2009-04-03, 0.014455
2009-04-06, 0.014258
2009-04-07, 0.014041
2009-04-08, 0.014340
2009-04-09, 0.014356
2009-04-10, 0.014091
2009-04-13, 0.014040
2009-04-14, 0.014099
2009-04-15, 0.014090
2009-04-16, 0.014259
2009-04-17, 0.014323
2009-04-20, 0.014377
2009-04-21, 0.014539
2009-04-22, 0.014782
2009-04-24, 0.014676
2009-04-27, 0.014465
2009-04-28, 0.014511
2009-04-29, 0.014625
2009-04-30, 0.014360
2009-05-04, 0.014220
2009-05-05, 0.014229
2009-05-06, 0.014029
2009-05-07, 0.014096
2009-05-08, 0.013961
2009-05-11, 0.014024
2009-05-12, 0.014023
2009-05-13, 0.014089
2009-05-14, 0.014019
2009-05-15, 0.014225
2009-05-18, 0.014136
2009-05-20, 0.014102
2009-05-21, 0.013875
2009-05-22, 0.013877
2009-05-25, 0.013857
2009-05-26, 0.013960
2009-05-27, 0.014042
2009-05-28, 0.014108
2009-05-29, 0.014175
2009-06-01, 0.013956
2009-06-02, 0.013752
2009-06-03, 0.013784
2009-06-04, 0.013864
2009-06-05, 0.013955
2009-06-08, 0.013954
2009-06-09, 0.014124
2009-06-10, 0.014098
2009-06-11, 0.013981
2009-06-12, 0.014021
2009-06-15, 0.013951
2009-06-16, 0.013935
2009-06-17, 0.013932
2009-06-18, 0.013983
2009-06-19, 0.014074
2009-06-22, 0.013999
2009-06-23, 0.014032
2009-06-24, 0.014163
2009-06-25, 0.014063
2009-06-26, 0.014012
2009-06-29, 0.013906
2009-06-30, 0.013880
2009-07-01, 0.013839
2009-07-02, 0.013839
2009-07-03, 0.013808
2009-07-06, 0.013870
2009-07-07, 0.013972
2009-07-08, 0.013913
2009-07-09, 0.014012
2009-07-10, 0.013974
2009-07-13, 0.014016
2009-07-14, 0.014042
2009-07-15, 0.013925
2009-07-16, 0.013885
2009-07-17, 0.013935
2009-07-20, 0.013914
2009-07-21, 0.013789
2009-07-22, 0.013779
2009-07-23, 0.013740
2009-07-24, 0.013627
2009-07-27, 0.013604
2009-07-28, 0.013553
2009-07-29, 0.013502
2009-07-30, 0.013620
2009-07-31, 0.013598
2009-08-03, 0.013535
2009-08-04, 0.013474
2009-08-05, 0.013427
2009-08-06, 0.013415
2009-08-07, 0.013482
2009-08-10, 0.013584
2009-08-11, 0.013513
2009-08-12, 0.013677
2009-08-13, 0.013787
2009-08-14, 0.013552
2009-08-17, 0.013589
2009-08-18, 0.013801
2009-08-19, 0.013710
2009-08-20, 0.013754
2009-08-21, 0.013672
2009-08-24, 0.013669
2009-08-25, 0.013624
2009-08-26, 0.013705
2009-08-27, 0.013747
2009-08-28, 0.013780
2009-08-31, 0.013738
2009-09-01, 0.013784
2009-09-02, 0.013797
2009-09-03, 0.013875
2009-09-04, 0.013825
2009-09-07, 0.013783
2009-09-08, 0.013686
2009-09-09, 0.013653
2009-09-10, 0.013686
2009-09-11, 0.013807
2009-09-14, 0.013756
2009-09-15, 0.013794
2009-09-16, 0.013696
2009-09-17, 0.013595
2009-09-18, 0.013533
2009-09-23, 0.013580
2009-09-24, 0.013619
2009-09-25, 0.013626
2009-09-28, 0.013681
2009-09-29, 0.013722
2009-09-30, 0.013691
2009-10-01, 0.013699
2009-10-02, 0.013788
2009-10-05, 0.013868
2009-10-06, 0.013763
2009-10-07, 0.013609
2009-10-08, 0.013609
2009-10-09, 0.013545
2009-10-12, 0.013576
2009-10-13, 0.013578
2009-10-14, 0.013528
2009-10-15, 0.013437
2009-10-16, 0.013414
2009-10-19, 0.013534
2009-10-20, 0.013527
2009-10-21, 0.013490
2009-10-22, 0.013580
2009-10-23, 0.013626
2009-10-26, 0.013583
2009-10-27, 0.013668
2009-10-28, 0.013787
2009-10-30, 0.013788
2009-11-02, 0.013793
2009-11-03, 0.013878
2009-11-04, 0.013953
2009-11-05, 0.013860
2009-11-06, 0.013811
2009-11-09, 0.013741
2009-11-10, 0.013680
2009-11-11, 0.013695
2009-11-12, 0.013665
2009-11-13, 0.013717
2009-11-16, 0.013751
2009-11-17, 0.013714
2009-11-18, 0.013750
2009-11-19, 0.013738
2009-11-20, 0.013824
2009-11-23, 0.013863
2009-11-24, 0.013847
2009-11-25, 0.013892
2009-11-26, 0.013875
2009-12-01, 0.013876
2009-12-02, 0.014030
2009-12-03, 0.013945
2009-12-04, 0.013867
2009-12-07, 0.013829
2009-12-08, 0.013922
2009-12-09, 0.013948
2009-12-10, 0.013989
2009-12-11, 0.013951
2009-12-14, 0.013900
2009-12-15, 0.013973
2009-12-16, 0.014036
2009-12-17, 0.014021
2009-12-18, 0.014100
2009-12-21, 0.014113
2009-12-22, 0.014157
2009-12-23, 0.014180
2009-12-24, 0.014187
2009-12-25, 0.014085
2009-12-28, 0.014068
2009-12-29, 0.014082
2009-12-30, 0.014055
2009-12-31, 0.014085
2010-01-04, 0.013925
2010-01-05, 0.013869
2010-01-06, 0.013741
2010-01-07, 0.013768
2010-01-08, 0.013770
2010-01-11, 0.013722
2010-01-12, 0.013603
2010-01-13, 0.013563
2010-01-14, 0.013515
2010-01-15, 0.013566
2010-01-18, 0.013593
2010-01-19, 0.013551
2010-01-20, 0.013588
2010-01-21, 0.013638
2010-01-22, 0.013761
2010-01-25, 0.013801
2010-01-26, 0.013807
2010-01-27, 0.013920
2010-01-28, 0.013867
2010-01-29, 0.013867
2010-02-01, 0.013852
2010-02-02, 0.013857
2010-02-03, 0.013812
2010-02-04, 0.013786
2010-02-05, 0.013918
2010-02-08, 0.014116
2010-02-09, 0.014120
2010-02-10, 0.014021
2010-02-11, 0.013991
2010-02-12, 0.014019
2010-02-15, 0.014059
2010-02-16, 0.014049
2010-02-17, 0.014004
2010-02-18, 0.013959
2010-02-19, 0.014047
2010-02-22, 0.014094
2010-02-23, 0.014021
2010-02-24, 0.014152
2010-02-25, 0.014259
2010-02-26, 0.014280
2010-03-01, 0.014249
2010-03-02, 0.014242
2010-03-03, 0.014213
2010-03-04, 0.014220
2010-03-05, 0.014268
2010-03-08, 0.014272
2010-03-09, 0.014149
2010-03-10, 0.014225
2010-03-11, 0.014213
2010-03-12, 0.014194
2010-03-15, 0.014145
2010-03-16, 0.014162
2010-03-17, 0.014152
2010-03-18, 0.014071
2010-03-19, 0.014125
2010-03-22, 0.014201
2010-03-23, 0.014315
2010-03-24, 0.014307
2010-03-25, 0.014246
2010-03-26, 0.014243
2010-03-29, 0.014180
2010-03-30, 0.014155
2010-03-31, 0.014138
2010-04-01, 0.014091
2010-04-02, 0.014056
2010-04-05, 0.014051
2010-04-06, 0.014032
2010-04-07, 0.013999
2010-04-08, 0.013909
2010-04-09, 0.013941
2010-04-12, 0.013828
2010-04-13, 0.013812
2010-04-14, 0.013853
2010-04-15, 0.013776
2010-04-16, 0.013762
2010-04-19, 0.013733
2010-04-20, 0.013887
2010-04-21, 0.013837
2010-04-22, 0.013795
2010-04-26, 0.013786
2010-04-27, 0.013750
2010-04-28, 0.013789
2010-04-29, 0.013975
2010-04-30, 0.013835
2010-05-03, 0.013786
2010-05-04, 0.013888
2010-05-05, 0.013930
2010-05-06, 0.014086
2010-05-07, 0.014250
2010-05-10, 0.014511
2010-05-11, 0.014108
2010-05-12, 0.014246
2010-05-13, 0.014186
2010-05-14, 0.014102
2010-05-17, 0.014205
2010-05-18, 0.014348
2010-05-20, 0.014283
2010-05-21, 0.014653
2010-05-24, 0.014571
2010-05-25, 0.014480
2010-05-26, 0.014670
2010-05-27, 0.014612
2010-05-28, 0.014512
2010-05-31, 0.014436
2010-06-01, 0.014564
2010-06-02, 0.014673
2010-06-03, 0.014616
2010-06-04, 0.014547
2010-06-07, 0.014640
2010-06-08, 0.014764
2010-06-09, 0.014799
2010-06-10, 0.014759
2010-06-11, 0.014727
2010-06-14, 0.014592
2010-06-15, 0.014457
2010-06-16, 0.014530
2010-06-17, 0.014449
2010-06-18, 0.014421
2010-06-21, 0.014367
2010-06-22, 0.014316
2010-06-23, 0.014402
2010-06-24, 0.014437
2010-06-25, 0.014545
2010-06-28, 0.014598
2010-06-29, 0.014510
2010-06-30, 0.014598
2010-07-01, 0.014652
2010-07-02, 0.014680
2010-07-05, 0.014512
2010-07-06, 0.014435
2010-07-07, 0.014394
2010-07-08, 0.014405
2010-07-09, 0.014269
2010-07-12, 0.014300
2010-07-13, 0.014284
2010-07-14, 0.014299
2010-07-15, 0.014331
2010-07-16, 0.014339
2010-07-19, 0.014357
2010-07-20, 0.014381
2010-07-21, 0.014381
2010-07-22, 0.014348
2010-07-23, 0.014355
2010-07-26, 0.014353
2010-07-27, 0.014364
2010-07-28, 0.014374
2010-07-29, 0.014387
2010-07-30, 0.014391
2010-08-02, 0.014395
2010-08-03, 0.014364
2010-08-04, 0.014378
2010-08-05, 0.014402
2010-08-06, 0.014418
2010-08-09, 0.014427
2010-08-10, 0.014444
2010-08-11, 0.014452
2010-08-12, 0.014454
2010-08-13, 0.014466
2010-08-16, 0.014428
2010-08-17, 0.014424
2010-08-18, 0.014389
2010-08-19, 0.014439
2010-08-20, 0.014461
2010-08-23, 0.014493
2010-08-24, 0.014505
2010-08-25, 0.014539
2010-08-26, 0.014510
2010-08-27, 0.014509
2010-08-31, 0.014514
2010-09-01, 0.014530
2010-09-02, 0.014540
2010-09-03, 0.014513
2010-09-06, 0.014502
2010-09-07, 0.014493
2010-09-08, 0.014497
2010-09-13, 0.014499
2010-09-14, 0.014458
2010-09-15, 0.014484
2010-09-16, 0.014489
2010-09-17, 0.014503
2010-09-20, 0.014535
2010-09-21, 0.014533
2010-09-22, 0.014526
2010-09-23, 0.014552
2010-09-24, 0.014576
2010-09-27, 0.014593
2010-09-28, 0.014575
2010-09-29, 0.014568
2010-09-30, 0.014581
2010-10-01, 0.014589
2010-10-04, 0.014597
2010-10-05, 0.014604
2010-10-06, 0.014656
2010-10-07, 0.014580
2010-10-08, 0.014609
2010-10-11, 0.014636
2010-10-12, 0.014591
2010-10-13, 0.014623
2010-10-14, 0.014617
2010-10-15, 0.014605
2010-10-18, 0.014632
2010-10-19, 0.014660
2010-10-20, 0.014650
2010-10-21, 0.014656
2010-10-22, 0.014670
2010-10-25, 0.014682
2010-10-26, 0.014663
2010-10-27, 0.014667
2010-10-28, 0.014703
2010-11-01, 0.014716
2010-11-02, 0.014717
2010-11-03, 0.014696
2010-11-04, 0.014691
2010-11-05, 0.014715
2010-11-08, 0.014716
2010-11-09, 0.014707
2010-11-10, 0.014695
2010-11-11, 0.014661
2010-11-12, 0.014658
2010-11-15, 0.014699
2010-11-22, 0.014705
2010-11-23, 0.014732
2010-11-24, 0.014774
2010-11-25, 0.014797
2010-11-26, 0.014768
2010-11-29, 0.014789
2010-11-30, 0.014791
2010-12-01, 0.014757
2010-12-02, 0.014756
2010-12-03, 0.014759
2010-12-06, 0.014760
2010-12-07, 0.014789
2010-12-08, 0.014789
2010-12-09, 0.014794
2010-12-10, 0.014811
2010-12-13, 0.014830
2010-12-14, 0.014843
2010-12-15, 0.014879
2010-12-16, 0.014889
2010-12-17, 0.014868
2010-12-20, 0.014888
2010-12-21, 0.014950
2010-12-22, 0.014964
2010-12-23, 0.014948
2010-12-24, 0.014940
2010-12-27, 0.014931
2010-12-28, 0.014946
2010-12-29, 0.014971
2010-12-30, 0.015002
2010-12-31, 0.015000
2011-01-03, 0.014994
2011-01-04, 0.015019
2011-01-05, 0.015031
2011-01-06, 0.014988
2011-01-07, 0.014957
2011-01-10, 0.014966
2011-01-11, 0.015013
2011-01-12, 0.014998
2011-01-13, 0.014996
2011-01-14, 0.014975
2011-01-17, 0.014993
2011-01-18, 0.014962
2011-01-19, 0.014931
2011-01-20, 0.014952
2011-01-21, 0.014997
2011-01-24, 0.015030
2011-01-25, 0.015026
2011-01-26, 0.015019
2011-01-27, 0.015071
2011-01-28, 0.015046
2011-01-31, 0.015078
2011-02-01, 0.015082
2011-02-02, 0.015078
2011-02-03, 0.015076
2011-02-04, 0.015070
2011-02-07, 0.015091
2011-02-08, 0.015005
2011-02-09, 0.015010
2011-02-10, 0.015030
2011-02-11, 0.015062
2011-02-14, 0.015022
2011-02-15, 0.015004
2011-02-16, 0.015026
2011-02-17, 0.014996
2011-02-18, 0.014969
2011-02-21, 0.014974
2011-02-22, 0.014996
2011-02-23, 0.015034
2011-02-24, 0.015031
2011-02-25, 0.015076
2011-02-28, 0.015051
2011-03-01, 0.015070
2011-03-02, 0.015096
2011-03-03, 0.015126
2011-03-04, 0.015129
2011-03-07, 0.015105
2011-03-08, 0.015133
2011-03-09, 0.015106
2011-03-10, 0.015098
2011-03-11, 0.015080
2011-03-14, 0.015083
2011-03-15, 0.015108
2011-03-16, 0.015100
2011-03-17, 0.015127
2011-03-18, 0.015147
2011-03-21, 0.015166
2011-03-22, 0.015160
2011-03-23, 0.015158
2011-03-24, 0.015105
2011-03-25, 0.015055
2011-03-28, 0.015054
2011-03-29, 0.015047
2011-03-30, 0.015080
2011-03-31, 0.015057
2011-04-01, 0.015043
2011-04-04, 0.015040
2011-04-05, 0.015063
2011-04-06, 0.015057
2011-04-07, 0.015041
2011-04-08, 0.015004
2011-04-11, 0.014982
2011-04-12, 0.015023
2011-04-13, 0.015042
2011-04-14, 0.015043
2011-04-15, 0.015060
2011-04-18, 0.015067
2011-04-19, 0.015054
2011-04-20, 0.015085
2011-04-21, 0.015083
2011-04-22, 0.015095
2011-04-25, 0.015100
2011-04-26, 0.015118
2011-04-27, 0.015156
2011-04-28, 0.015166
2011-04-29, 0.015183
2011-05-02, 0.015214
2011-05-03, 0.015208
2011-05-04, 0.015247
2011-05-05, 0.015298
2011-05-06, 0.015312
2011-05-09, 0.015252
2011-05-10, 0.015222
2011-05-11, 0.015285
2011-05-12, 0.015357
2011-05-13, 0.015353
2011-05-16, 0.015372
2011-05-17, 0.015376
2011-05-18, 0.015359
2011-05-20, 0.015363
2011-05-23, 0.015366
2011-05-24, 0.015394
2011-05-25, 0.015391
2011-05-26, 0.015399
2011-05-27, 0.015417
2011-05-30, 0.015475
2011-05-31, 0.015485
2011-06-01, 0.015462
2011-06-02, 0.015462
2011-06-03, 0.015477
2011-06-06, 0.015473
2011-06-07, 0.015484
2011-06-08, 0.015495
2011-06-09, 0.015512
2011-06-10, 0.015489
2011-06-13, 0.015453
2011-06-14, 0.015413
2011-06-15, 0.015451
2011-06-16, 0.015503
2011-06-17, 0.015523
2011-06-20, 0.015511
2011-06-21, 0.015526
2011-06-22, 0.015536
2011-06-23, 0.015586
2011-06-24, 0.015580
2011-06-27, 0.015596
2011-06-28, 0.015628
2011-06-29, 0.015646
2011-06-30, 0.015685
2011-07-01, 0.015650
2011-07-04, 0.015636
2011-07-05, 0.015637
2011-07-06, 0.015665
2011-07-07, 0.015657
2011-07-08, 0.015658
2011-07-11, 0.015614
2011-07-12, 0.015652
2011-07-13, 0.015657
2011-07-14, 0.015688
2011-07-15, 0.015709
2011-07-18, 0.015713
2011-07-19, 0.015750
2011-07-20, 0.015767
2011-07-21, 0.015792
2011-07-22, 0.015847
2011-07-25, 0.015919
2011-07-26, 0.016054
2011-07-27, 0.016073
2011-07-28, 0.015977
2011-07-29, 0.015912
2011-08-01, 0.015922
2011-08-02, 0.015925
2011-08-03, 0.015974
2011-08-04, 0.016047
2011-08-05, 0.016099
2011-08-08, 0.016134
2011-08-09, 0.016179
2011-08-10, 0.016230
2011-08-11, 0.016220
2011-08-12, 0.016254
2011-08-15, 0.016317
2011-08-16, 0.016317
2011-08-17, 0.016358
2011-08-18, 0.016375
2011-08-19, 0.016403
2011-08-22, 0.016439
2011-08-23, 0.016457
2011-08-24, 0.016452
2011-08-25, 0.016421
2011-08-26, 0.016387
2011-08-29, 0.016342
2011-09-02, 0.016348
2011-09-05, 0.016316
2011-09-06, 0.016364
2011-09-07, 0.016389
2011-09-08, 0.016320
2011-09-09, 0.016378
2011-09-12, 0.016365
2011-09-13, 0.016342
2011-09-14, 0.016304
2011-09-15, 0.016255
2011-09-16, 0.016311
2011-09-19, 0.016341
2011-09-20, 0.016328
2011-09-21, 0.016339
2011-09-22, 0.016330
2011-09-23, 0.016312
2011-09-26, 0.016217
2011-09-27, 0.016238
2011-09-28, 0.016282
2011-09-29, 0.016346
2011-09-30, 0.016381
2011-10-03, 0.016398
2011-10-04, 0.016376
2011-10-05, 0.016408
2011-10-06, 0.016395
2011-10-07, 0.016329
2011-10-10, 0.016373
2011-10-11, 0.016397
2011-10-12, 0.016435
2011-10-13, 0.016452
2011-10-14, 0.016491
2011-10-17, 0.016515
2011-10-18, 0.016547
2011-10-19, 0.016563
2011-10-20, 0.016542
2011-10-21, 0.016547
2011-10-24, 0.016440
2011-10-25, 0.016369
2011-10-26, 0.016292
2011-10-27, 0.016167
2011-10-28, 0.016202
2011-10-31, 0.016245
2011-11-01, 0.016208
2011-11-02, 0.016257
2011-11-03, 0.016216
2011-11-04, 0.016215
2011-11-10, 0.016188
2011-11-11, 0.016243
2011-11-14, 0.016231
2011-11-15, 0.016252
2011-11-16, 0.016213
2011-11-17, 0.016239
2011-11-18, 0.016241
2011-11-21, 0.016271
2011-11-22, 0.016326
2011-11-23, 0.016340
2011-11-24, 0.016342
2011-11-25, 0.016324
2011-11-28, 0.016312
2011-11-29, 0.016281
2011-11-30, 0.016259
2011-12-01, 0.016280
2011-12-02, 0.016320
2011-12-05, 0.016327
2011-12-06, 0.016339
2011-12-07, 0.016359
2011-12-08, 0.016335
2011-12-09, 0.016328
2011-12-12, 0.016368
2011-12-13, 0.016365
2011-12-14, 0.016378
2011-12-15, 0.016385
2011-12-16, 0.016369
2011-12-19, 0.016385
2011-12-20, 0.016401
2011-12-21, 0.016438
2011-12-22, 0.016413
2011-12-23, 0.016427
2011-12-26, 0.016447
2011-12-27, 0.016456
2011-12-28, 0.016452
2011-12-29, 0.016448
2011-12-30, 0.016432
2012-01-02, 0.016415
2012-01-03, 0.016368
2012-01-04, 0.016371
2012-01-05, 0.016311
2012-01-06, 0.016279
2012-01-09, 0.016246
2012-01-10, 0.016183
2012-01-11, 0.016189
2012-01-12, 0.016201
2012-01-13, 0.016193
2012-01-16, 0.016225
2012-01-17, 0.016207
2012-01-18, 0.016202
2012-01-19, 0.016167
2012-01-20, 0.016213
2012-01-23, 0.016219
2012-01-24, 0.016243
2012-01-25, 0.016260
2012-01-26, 0.016273
2012-01-27, 0.016294
2012-01-30, 0.016276
2012-01-31, 0.016296
2012-02-01, 0.016283
2012-02-02, 0.016296
2012-02-03, 0.016297
2012-02-06, 0.016317
2012-02-07, 0.016321
2012-02-08, 0.016314
2012-02-09, 0.016319
2012-02-10, 0.016349
2012-02-13, 0.016356
2012-02-14, 0.016377
2012-02-15, 0.016417
2012-02-16, 0.016395
2012-02-17, 0.016401
2012-02-20, 0.016411
2012-02-21, 0.016410
2012-02-22, 0.016433
2012-02-23, 0.016480
2012-02-24, 0.016509
2012-02-27, 0.016539
2012-02-28, 0.016516
2012-02-29, 0.016509
2012-03-01, 0.016525
2012-03-02, 0.016526
2012-03-05, 0.016540
2012-03-06, 0.016555
2012-03-07, 0.016547
2012-03-08, 0.016564
2012-03-09, 0.016592
2012-03-12, 0.016611
2012-03-13, 0.016623
2012-03-14, 0.016624
2012-03-15, 0.016584
2012-03-16, 0.016598
2012-03-19, 0.016615
2012-03-20, 0.016636
2012-03-21, 0.016623
2012-03-22, 0.016638
2012-03-23, 0.016596
2012-03-26, 0.016602
2012-03-27, 0.016617
2012-03-28, 0.016644
2012-03-29, 0.016661
2012-03-30, 0.016641
2012-04-02, 0.016662
2012-04-03, 0.016670
2012-04-04, 0.016676
2012-04-05, 0.016656
2012-04-06, 0.016659
2012-04-09, 0.016654
2012-04-10, 0.016672
2012-04-11, 0.016667
2012-04-12, 0.016704
2012-04-13, 0.016714
2012-04-16, 0.016723
2012-04-17, 0.016720
2012-04-18, 0.016740
2012-04-19, 0.016744
2012-04-20, 0.016741
2012-04-24, 0.016764
2012-04-25, 0.016777
2012-04-26, 0.016802
2012-04-27, 0.016798
2012-04-30, 0.016804
2012-05-02, 0.016821
2012-05-03, 0.016814
2012-05-04, 0.016817
2012-05-07, 0.016822
2012-05-08, 0.016826
2012-05-09, 0.016802
2012-05-10, 0.016809
2012-05-11, 0.016825
2012-05-14, 0.016828
2012-05-15, 0.016813
2012-05-16, 0.016811
2012-05-17, 0.016816
2012-05-18, 0.016800
2012-05-21, 0.016816
2012-05-22, 0.016828
2012-05-23, 0.016849
2012-05-24, 0.016831
2012-05-25, 0.016834
2012-05-28, 0.016834
2012-05-29, 0.016833
2012-05-30, 0.016852
2012-05-31, 0.016833
2012-06-01, 0.016833
2012-06-04, 0.016861
2012-06-05, 0.016869
2012-06-06, 0.016882
2012-06-07, 0.016912
2012-06-08, 0.016942
2012-06-11, 0.016953
2012-06-12, 0.016972
2012-06-13, 0.016977
2012-06-14, 0.016990
2012-06-15, 0.016998
2012-06-18, 0.017033
2012-06-19, 0.017043
2012-06-20, 0.017048
2012-06-21, 0.017094
2012-06-22, 0.017097
2012-06-25, 0.017110
2012-06-26, 0.017110
2012-06-27, 0.017128
2012-06-28, 0.017122
2012-06-29, 0.017125
2012-07-02, 0.017173
2012-07-03, 0.017181
2012-07-04, 0.017189
2012-07-05, 0.017217
2012-07-06, 0.017235
2012-07-09, 0.017258
2012-07-10, 0.017272
2012-07-11, 0.017276
2012-07-12, 0.017278
2012-07-13, 0.017291
2012-07-16, 0.017324
2012-07-17, 0.017340
2012-07-18, 0.017381
2012-07-19, 0.017382
2012-07-20, 0.017396
2012-07-23, 0.017404
2012-07-24, 0.017373
2012-07-25, 0.017373
2012-07-26, 0.017379
2012-07-27, 0.017403
2012-07-30, 0.017439
2012-07-31, 0.017434
2012-08-01, 0.017440
2012-08-02, 0.017453
2012-08-03, 0.017456
2012-08-06, 0.017456
2012-08-07, 0.017482
2012-08-08, 0.017497
2012-08-09, 0.017471
2012-08-10, 0.017447
2012-08-13, 0.017431
2012-08-14, 0.017459
2012-08-15, 0.017463
2012-08-16, 0.017462
2012-08-17, 0.017461
2012-08-22, 0.017509
2012-08-23, 0.017525
2012-08-24, 0.017545
2012-08-27, 0.017560
2012-08-28, 0.017573
2012-08-29, 0.017595
2012-08-31, 0.017643
2012-09-03, 0.017673
2012-09-04, 0.017677
2012-09-05, 0.017684
2012-09-06, 0.017692
2012-09-07, 0.017711
2012-09-10, 0.017730
2012-09-11, 0.017738
2012-09-12, 0.017743
2012-09-13, 0.017746
2012-09-14, 0.017726
2012-09-17, 0.017752
2012-09-18, 0.017736
2012-09-19, 0.017744
2012-09-20, 0.017732
2012-09-21, 0.017720
2012-09-24, 0.017713
2012-09-25, 0.017717
2012-09-26, 0.017695
2012-09-27, 0.017729
2012-09-28, 0.017732
2012-10-01, 0.017767
2012-10-02, 0.017781
2012-10-03, 0.017797
2012-10-04, 0.017812
2012-10-05, 0.017798
2012-10-08, 0.017818
2012-10-09, 0.017822
2012-10-10, 0.017834
2012-10-11, 0.017824
2012-10-12, 0.017836
2012-10-15, 0.017869
2012-10-16, 0.017872
2012-10-17, 0.017893
2012-10-18, 0.017897
2012-10-19, 0.017912
2012-10-22, 0.017900
2012-10-23, 0.017904
2012-10-24, 0.017901
2012-10-30, 0.017914
2012-10-31, 0.017933
2012-11-01, 0.017941
2012-11-02, 0.017954
2012-11-05, 0.017960
2012-11-06, 0.018010
2012-11-07, 0.018024
2012-11-08, 0.018041
2012-11-09, 0.018099
2012-11-12, 0.018126
2012-11-13, 0.018161
2012-11-14, 0.018186
2012-11-15, 0.018193
2012-11-16, 0.018193
2012-11-19, 0.018192
2012-11-20, 0.018204
2012-11-21, 0.018216
2012-11-22, 0.018218
2012-11-23, 0.018241
2012-11-26, 0.018251
2012-11-27, 0.018255
2012-11-28, 0.018275
2012-11-29, 0.018273
2012-11-30, 0.018291
2012-12-03, 0.018317
2012-12-04, 0.018360
2012-12-05, 0.018350
2012-12-06, 0.018345
2012-12-07, 0.018343
2012-12-10, 0.018333
2012-12-11, 0.018334
2012-12-12, 0.018328
2012-12-13, 0.018321
2012-12-14, 0.018320
2012-12-17, 0.018325
2012-12-18, 0.018328
2012-12-19, 0.018333
2012-12-20, 0.018319
2012-12-21, 0.018325
2012-12-24, 0.018352
2012-12-25, 0.018357
2012-12-26, 0.018356
2012-12-27, 0.018357
2012-12-28, 0.018357
2012-12-31, 0.018350
2013-01-02, 0.018344
2013-01-03, 0.018328
2013-01-04, 0.018306
2013-01-07, 0.018295
2013-01-08, 0.018290
2013-01-09, 0.018286
2013-01-10, 0.018278
2013-01-11, 0.018281
2013-01-14, 0.018292
2013-01-15, 0.018299
2013-01-16, 0.018300
2013-01-17, 0.018289
2013-01-18, 0.018282
2013-01-21, 0.018286
2013-01-22, 0.018301
2013-01-23, 0.018316
2013-01-24, 0.018344
2013-01-25, 0.018363
2013-01-28, 0.018373
2013-01-29, 0.018326
2013-01-30, 0.018319
2013-01-31, 0.018303
2013-02-01, 0.018297
2013-02-04, 0.018270
2013-02-05, 0.018245
2013-02-06, 0.018252
2013-02-07, 0.018264
2013-02-08, 0.018294
2013-02-11, 0.018267
2013-02-12, 0.018264
2013-02-13, 0.018299
2013-02-14, 0.018277
2013-02-15, 0.018256
2013-02-18, 0.018283
2013-02-19, 0.018278
2013-02-20, 0.018295
2013-02-21, 0.018344
2013-02-22, 0.018339
2013-02-25, 0.018338
2013-02-26, 0.018378
2013-02-27, 0.018381
2013-02-28, 0.018379
2013-03-01, 0.018371
2013-03-04, 0.018381
2013-03-05, 0.018377
2013-03-06, 0.018366
2013-03-07, 0.018356
2013-03-08, 0.018375
2013-03-11, 0.018372
2013-03-12, 0.018367
2013-03-13, 0.018371
2013-03-14, 0.018377
2013-03-15, 0.018369
2013-03-18, 0.018378
2013-03-19, 0.018369
2013-03-20, 0.018368
2013-03-21, 0.018374
2013-03-22, 0.018357
2013-03-25, 0.018380
2013-03-26, 0.018376
2013-03-27, 0.018346
2013-03-28, 0.018327
2013-03-29, 0.018312
2013-04-01, 0.018305
2013-04-02, 0.018310
2013-04-03, 0.018293
2013-04-04, 0.018302
2013-04-05, 0.018336
2013-04-08, 0.018400
2013-04-09, 0.018437
2013-04-10, 0.018416
2013-04-11, 0.018436
2013-04-12, 0.018461
2013-04-15, 0.018497
2013-04-16, 0.018514
2013-04-17, 0.018547
2013-04-18, 0.018567
2013-04-19, 0.018549
2013-04-22, 0.018563
2013-04-24, 0.018575
2013-04-25, 0.018596
2013-04-26, 0.018607
2013-04-29, 0.018598
2013-04-30, 0.018610
2013-05-02, 0.018624
2013-05-03, 0.018673
2013-05-06, 0.018683
2013-05-07, 0.018662
2013-05-08, 0.018683
2013-05-09, 0.018673
2013-05-10, 0.018697
2013-05-13, 0.018686
2013-05-14, 0.018666
2013-05-15, 0.018680
2013-05-16, 0.018678
2013-05-17, 0.018689
2013-05-20, 0.018849
2013-05-21, 0.018838
2013-05-22, 0.018829
2013-05-23, 0.018820
2013-05-24, 0.018800
2013-05-27, 0.018789
2013-05-28, 0.018782
2013-05-29, 0.018781
2013-05-30, 0.018744
2013-05-31, 0.018763
2013-06-03, 0.018789
2013-06-04, 0.018752
2013-06-05, 0.018734
2013-06-06, 0.018713
2013-06-07, 0.018672
2013-06-10, 0.018605
2013-06-11, 0.018636
2013-06-12, 0.018551
2013-06-13, 0.018505
2013-06-14, 0.018527
2013-06-17, 0.018638
2013-06-18, 0.018660
2013-06-19, 0.018624
2013-06-20, 0.018632
2013-06-21, 0.018502
2013-06-24, 0.018430
2013-06-25, 0.018237
2013-06-26, 0.018277
2013-06-27, 0.018318
2013-06-28, 0.018377
2013-07-01, 0.018423
2013-07-02, 0.018400
2013-07-03, 0.018450
2013-07-04, 0.018479
2013-07-05, 0.018447
2013-07-08, 0.018423
2013-07-09, 0.018354
2013-07-10, 0.018280
2013-07-11, 0.018192
2013-07-12, 0.018208
2013-07-15, 0.018262
2013-07-16, 0.018271
2013-07-17, 0.018322
2013-07-18, 0.018339
2013-07-19, 0.018390
2013-07-22, 0.018411
2013-07-23, 0.018423
2013-07-24, 0.018431
2013-07-25, 0.018405
2013-07-26, 0.018341
2013-07-29, 0.018326
2013-07-30, 0.018279
2013-07-31, 0.018298
2013-08-01, 0.018304
2013-08-02, 0.018353
2013-08-05, 0.018359
2013-08-06, 0.018421
2013-08-07, 0.018390
2013-08-12, 0.018385
2013-08-13, 0.018401
2013-08-14, 0.018371
2013-08-15, 0.018311
2013-08-16, 0.018338
2013-08-19, 0.018333
2013-08-20, 0.018309
2013-08-21, 0.018320
2013-08-22, 0.018285
2013-08-23, 0.018239
2013-08-26, 0.018299
2013-08-27, 0.018272
2013-08-28, 0.018310
2013-08-29, 0.018420
2013-09-02, 0.018385
2013-09-03, 0.018335
2013-09-04, 0.018385
2013-09-05, 0.018417
2013-09-06, 0.018509
2013-09-09, 0.018523
2013-09-10, 0.018496
2013-09-11, 0.018470
2013-09-12, 0.018469
2013-09-13, 0.018545
2013-09-16, 0.018575
2013-09-17, 0.018569
2013-09-18, 0.018611
2013-09-19, 0.018632
2013-09-20, 0.018760
2013-09-23, 0.018857
2013-09-24, 0.018856
2013-09-25, 0.018837
2013-09-26, 0.018862
2013-09-27, 0.018887
2013-09-30, 0.018918
2013-10-01, 0.018876
2013-10-02, 0.018857
2013-10-03, 0.018908
2013-10-04, 0.018885
2013-10-07, 0.018884
2013-10-08, 0.018869
2013-10-09, 0.018889
2013-10-10, 0.018891
2013-10-11, 0.018837
2013-10-14, 0.018866
2013-10-21, 0.018891
2013-10-22, 0.019033
2013-10-23, 0.019050
2013-10-24, 0.019098
2013-10-25, 0.019115
2013-10-28, 0.019117
2013-10-30, 0.019128
2013-10-31, 0.019104
2013-11-01, 0.019059
2013-11-04, 0.019038
2013-11-05, 0.019037
2013-11-06, 0.019043
2013-11-07, 0.019035
2013-11-08, 0.019063
2013-11-11, 0.019054
2013-11-12, 0.018980
2013-11-13, 0.018959
2013-11-14, 0.018989
2013-11-15, 0.019031
2013-11-18, 0.019044
2013-11-19, 0.019031
2013-11-20, 0.019027
2013-11-21, 0.018964
2013-11-22, 0.018953
2013-11-25, 0.018962
2013-11-26, 0.018924
2013-11-27, 0.018964
2013-11-28, 0.018970
2013-11-29, 0.018955
2013-12-02, 0.018973
2013-12-03, 0.018994
2013-12-04, 0.019020
2013-12-05, 0.019024
2013-12-06, 0.018988
2013-12-09, 0.018978
2013-12-10, 0.019020
2013-12-11, 0.019074
2013-12-12, 0.019092
2013-12-13, 0.019078
2013-12-16, 0.019104
2013-12-17, 0.019132
2013-12-18, 0.019103
2013-12-19, 0.019065
2013-12-20, 0.019067
2013-12-23, 0.019087
2013-12-24, 0.019107
2013-12-25, 0.019073
2013-12-26, 0.019091
2013-12-27, 0.019101
2013-12-30, 0.019247
2013-12-31, 0.019174
2014-01-02, 0.019172
2014-01-03, 0.019238
2014-01-06, 0.019243
2014-01-07, 0.019309
2014-01-08, 0.019358
2014-01-09, 0.019346
2014-01-10, 0.019377
2014-01-13, 0.019394
2014-01-14, 0.019404
2014-01-15, 0.019449
2014-01-16, 0.019445
2014-01-17, 0.019468
2014-01-20, 0.019504
2014-01-21, 0.019546
2014-01-22, 0.019579
2014-01-23, 0.019648
2014-01-24, 0.019691
2014-01-27, 0.019720
2014-01-28, 0.019808
2014-01-29, 0.019613
2014-01-30, 0.019555
2014-01-31, 0.019616
2014-02-03, 0.019562
2014-02-04, 0.019554
2014-02-05, 0.019571
2014-02-06, 0.019579
2014-02-07, 0.019531
2014-02-10, 0.019545
2014-02-11, 0.019597
2014-02-12, 0.019550
2014-02-13, 0.019511
2014-02-14, 0.019541
2014-02-17, 0.019526
2014-02-18, 0.019532
2014-02-19, 0.019530
2014-02-20, 0.019548
2014-02-21, 0.019553
2014-02-24, 0.019559
2014-02-25, 0.019560
2014-02-26, 0.019619
2014-02-27, 0.019638
2014-02-28, 0.019670
2014-03-03, 0.019689
2014-03-04, 0.019688
2014-03-05, 0.019673
2014-03-06, 0.019675
2014-03-07, 0.019674
2014-03-10, 0.019665
2014-03-11, 0.019690
2014-03-12, 0.019693
2014-03-13, 0.019645
2014-03-14, 0.019659
2014-03-17, 0.019664
2014-03-18, 0.019683
2014-03-19, 0.019713
2014-03-20, 0.019725
2014-03-21, 0.019649
2014-03-24, 0.019652
2014-03-25, 0.019619
2014-03-26, 0.019635
2014-03-27, 0.019663
2014-03-28, 0.019656
2014-03-31, 0.019723
2014-04-01, 0.019710
2014-04-02, 0.019752
2014-04-03, 0.019712
2014-04-04, 0.019668
2014-04-07, 0.019663
2014-04-08, 0.019670
2014-04-09, 0.019690
2014-04-10, 0.019780
2014-04-11, 0.019824
2014-04-14, 0.019885
2014-04-15, 0.019853
2014-04-16, 0.019872
2014-04-17, 0.019923
2014-04-18, 0.019954
2014-04-21, 0.019950
2014-04-22, 0.019983
2014-04-24, 0.019984
2014-04-25, 0.020009
2014-04-28, 0.020020
2014-04-29, 0.020045
2014-04-30, 0.020045
2014-05-02, 0.020093
2014-05-05, 0.020176
2014-05-06, 0.020172
2014-05-07, 0.020162
2014-05-08, 0.020190
2014-05-09, 0.020166
2014-05-12, 0.020114
2014-05-13, 0.020074
2014-05-14, 0.020042
2014-05-15, 0.020060
2014-05-16, 0.020076
2014-05-20, 0.020142
2014-05-21, 0.020179
2014-05-22, 0.020224
2014-05-23, 0.020200
2014-05-26, 0.020229
2014-05-27, 0.020211
2014-05-28, 0.020249
2014-05-29, 0.020247
2014-05-30, 0.020242
2014-06-02, 0.020289
2014-06-03, 0.020320
2014-06-04, 0.020342
2014-06-05, 0.020344
2014-06-06, 0.020340
2014-06-09, 0.020399
2014-06-10, 0.020413
2014-06-11, 0.020395
2014-06-12, 0.020388
2014-06-13, 0.020397
2014-06-16, 0.020449
2014-06-17, 0.020429
2014-06-18, 0.020472
2014-06-19, 0.020457
2014-06-20, 0.020485
2014-06-23, 0.020511
2014-06-24, 0.020495
2014-06-25, 0.020529
2014-06-26, 0.020543
2014-06-27, 0.020547
2014-06-30, 0.020543
2014-07-01, 0.020558
2014-07-02, 0.020581
2014-07-03, 0.020584
2014-07-04, 0.020556
2014-07-07, 0.020537
2014-07-08, 0.020551
2014-07-09, 0.020547
2014-07-10, 0.020547
2014-07-11, 0.020538
2014-07-14, 0.020539
2014-07-15, 0.020564
2014-07-16, 0.020574
2014-07-17, 0.020591
2014-07-18, 0.020618
2014-07-21, 0.020612
2014-07-22, 0.020591
2014-07-23, 0.020580
2014-07-24, 0.020528
2014-07-25, 0.020573
2014-07-31, 0.020602
2014-08-01, 0.020609
2014-08-04, 0.020545
2014-08-05, 0.020474
2014-08-06, 0.020432
2014-08-07, 0.020429
2014-08-08, 0.020456
2014-08-11, 0.020425
2014-08-12, 0.020446
2014-08-13, 0.020452
2014-08-14, 0.020447
2014-08-15, 0.020492
2014-08-18, 0.020538
2014-08-19, 0.020525
2014-08-20, 0.020547
2014-08-21, 0.020575
2014-08-22, 0.020566
2014-08-25, 0.020592
2014-08-26, 0.020580
2014-08-27, 0.020618
2014-08-28, 0.020643
2014-08-29, 0.020640
2014-09-01, 0.020662
2014-09-02, 0.020664
2014-09-03, 0.020676
2014-09-04, 0.020672
2014-09-05, 0.020687
2014-09-08, 0.020676
2014-09-09, 0.020714
2014-09-10, 0.020716
2014-09-11, 0.020711
2014-09-12, 0.020732
2014-09-15, 0.020709
2014-09-16, 0.020696
2014-09-17, 0.020726
2014-09-18, 0.020727
2014-09-19, 0.020696
2014-09-22, 0.020699
2014-09-23, 0.020720
2014-09-24, 0.020715
2014-09-25, 0.020717
2014-09-26, 0.020697
2014-09-29, 0.020660
2014-09-30, 0.020583
2014-10-01, 0.020550
2014-10-02, 0.020598
2014-10-03, 0.020640
2014-10-08, 0.020661
2014-10-09, 0.020703
2014-10-10, 0.020748
2014-10-13, 0.020768
2014-10-14, 0.020807
2014-10-15, 0.020877
2014-10-16, 0.020874
2014-10-17, 0.020920
2014-10-20, 0.020935
2014-10-21, 0.020985
2014-10-22, 0.020997
2014-10-23, 0.020995
2014-10-24, 0.020977
2014-10-27, 0.020972
2014-10-28, 0.020964
2014-10-30, 0.021008
2014-10-31, 0.020930
2014-11-03, 0.021003
2014-11-04, 0.021006
2014-11-05, 0.020995
2014-11-06, 0.020997
2014-11-07, 0.021027
2014-11-10, 0.021061
2014-11-11, 0.021075
2014-11-12, 0.021092
2014-11-13, 0.021131
2014-11-14, 0.021137
2014-11-17, 0.021162
2014-11-18, 0.021185
2014-11-19, 0.021186
2014-11-20, 0.021220
2014-11-21, 0.021240
2014-11-24, 0.021248
2014-11-25, 0.021246
2014-11-26, 0.021265
2014-11-27, 0.021337
2014-11-28, 0.021371
2014-12-01, 0.021443
2014-12-02, 0.021513
2014-12-03, 0.021473
2014-12-04, 0.021435
2014-12-05, 0.021435
2014-12-08, 0.021450
2014-12-09, 0.021405
2014-12-10, 0.021396
2014-12-11, 0.021391
2014-12-12, 0.021366
2014-12-15, 0.021362
2014-12-16, 0.021379
2014-12-17, 0.021427
2014-12-18, 0.021373
2014-12-19, 0.021436
2014-12-22, 0.021503
2014-12-23, 0.021518
2014-12-24, 0.021535
2014-12-25, 0.021553
2014-12-26, 0.021559
2014-12-29, 0.021596
2014-12-30, 0.021606
2014-12-31, 0.021551
2015-01-02, 0.021555
2015-01-05, 0.021571
2015-01-06, 0.021616
2015-01-07, 0.021649
2015-01-08, 0.021675
2015-01-09, 0.021694
2015-01-12, 0.021706
2015-01-13, 0.021728
2015-01-14, 0.021725
2015-01-15, 0.021724
2015-01-16, 0.021743
2015-01-19, 0.021745
2015-01-20, 0.021749
2015-01-21, 0.021762
2015-01-22, 0.021761
2015-01-23, 0.021765
2015-01-26, 0.021787
2015-01-27, 0.021792
2015-01-28, 0.021804
2015-01-29, 0.021819
2015-01-30, 0.021819
2015-02-02, 0.021833
2015-02-03, 0.021835
2015-02-04, 0.021833
2015-02-05, 0.021827
2015-02-06, 0.021815
2015-02-09, 0.021829
2015-02-10, 0.021824
2015-02-11, 0.021824
2015-02-12, 0.021820
2015-02-13, 0.021819
2015-02-16, 0.021836
2015-02-17, 0.021838
2015-02-18, 0.021844
2015-02-19, 0.021845
2015-02-20, 0.021855
2015-02-23, 0.021866
2015-02-24, 0.021868
2015-02-25, 0.021875
2015-02-26, 0.021884
2015-02-27, 0.021885
2015-03-02, 0.021889
2015-03-03, 0.021893
2015-03-04, 0.021903
2015-03-05, 0.021906
2015-03-06, 0.021911
2015-03-09, 0.021924
2015-03-10, 0.021921
2015-03-11, 0.021925
2015-03-12, 0.021929
2015-03-13, 0.021936
2015-03-16, 0.021946
2015-03-17, 0.021951
2015-03-18, 0.021958
2015-03-19, 0.021963
2015-03-20, 0.021974
2015-03-23, 0.021989
2015-03-24, 0.021997
2015-03-25, 0.022001
2015-03-26, 0.022005
2015-03-27, 0.022003
2015-03-30, 0.022018
2015-03-31, 0.022022
2015-04-01, 0.022026
2015-04-02, 0.022030
2015-04-03, 0.022036
2015-04-06, 0.022050
2015-04-07, 0.022056
2015-04-08, 0.022059
2015-04-09, 0.022062
2015-04-10, 0.022067
2015-04-13, 0.022076
2015-04-14, 0.022078
2015-04-15, 0.022079
2015-04-16, 0.022082
2015-04-17, 0.022081
2015-04-20, 0.022096
2015-04-21, 0.022098
2015-04-22, 0.022095
2015-04-24, 0.022104
2015-04-27, 0.022109
2015-04-28, 0.022111
2015-04-29, 0.022122
2015-04-30, 0.022130
2015-05-04, 0.022149
2015-05-05, 0.022152
2015-05-06, 0.022159
2015-05-07, 0.022163
2015-05-08, 0.022167
2015-05-11, 0.022187
2015-05-12, 0.022196
2015-05-13, 0.022207
2015-05-14, 0.022218
2015-05-15, 0.022223
2015-05-18, 0.022239
2015-05-20, 0.022249
2015-05-21, 0.022253
2015-05-22, 0.022262
2015-05-25, 0.022274
2015-05-26, 0.022279
2015-05-27, 0.022281
2015-05-28, 0.022287
2015-05-29, 0.022291
2015-06-01, 0.022305
2015-06-02, 0.022309
2015-06-03, 0.022317
2015-06-04, 0.022324
2015-06-05, 0.022327
2015-06-08, 0.022342
2015-06-09, 0.022339
2015-06-10, 0.022345
2015-06-11, 0.022352
2015-06-12, 0.022359
2015-06-15, 0.022377
2015-06-16, 0.022384
2015-06-17, 0.022391
2015-06-18, 0.022394
2015-06-19, 0.022400
2015-06-22, 0.022417
2015-06-23, 0.022425
2015-06-24, 0.022429
2015-06-25, 0.022436
2015-06-26, 0.022442
2015-06-29, 0.022463
2015-06-30, 0.022466
2015-07-01, 0.022473
2015-07-02, 0.022478
2015-07-03, 0.022483
2015-07-06, 0.022501
2015-07-07, 0.022509
2015-07-08, 0.022516
2015-07-09, 0.022523
2015-07-10, 0.022531
2015-07-13, 0.022548
2015-07-14, 0.022552
2015-07-15, 0.022556
2015-07-16, 0.022564
2015-07-20, 0.022587
2015-07-21, 0.022590
2015-07-22, 0.022594
2015-07-23, 0.022596
2015-07-24, 0.022597
2015-07-27, 0.022601
2015-07-28, 0.022606
2015-07-29, 0.022608
2015-07-30, 0.022611
2015-07-31, 0.022617
2015-08-03, 0.022638
2015-08-04, 0.022646
2015-08-05, 0.022651
2015-08-06, 0.022655
2015-08-07, 0.022659
2015-08-10, 0.022674
2015-08-11, 0.022678
2015-08-12, 0.022686
2015-08-13, 0.022690
2015-08-14, 0.022696
2015-08-17, 0.022705
2015-08-18, 0.022709
2015-08-19, 0.022705
2015-08-20, 0.022704
2015-08-21, 0.022686
2015-08-24, 0.022704
2015-08-25, 0.022706
2015-08-26, 0.022715
2015-08-27, 0.022726
2015-08-28, 0.022736
2015-08-31, 0.022755
2015-09-01, 0.022761
2015-09-02, 0.022768
2015-09-03, 0.022774
2015-09-04, 0.022777
2015-09-07, 0.022789
2015-09-08, 0.022785
2015-09-09, 0.022792
2015-09-10, 0.022797
2015-09-11, 0.022802
2015-09-14, 0.022822
2015-09-15, 0.022825
2015-09-16, 0.022832
2015-09-17, 0.022838
2015-09-18, 0.022847
2015-09-21, 0.022867
2015-09-22, 0.022877
2015-09-23, 0.022882
2015-09-28, 0.022910
2015-09-29, 0.022911
2015-09-30, 0.022917
2015-10-01, 0.022924
2015-10-02, 0.022935
2015-10-05, 0.022955
2015-10-06, 0.022971
2015-10-07, 0.022976
2015-10-08, 0.022990
2015-10-09, 0.022992
2015-10-12, 0.023013
2015-10-13, 0.023016
2015-10-14, 0.023020
2015-10-15, 0.023028
2015-10-16, 0.023041
2015-10-19, 0.023059
2015-10-20, 0.023068
2015-10-21, 0.023074
2015-10-22, 0.023086
2015-10-23, 0.023094
2015-10-26, 0.023113
2015-10-27, 0.023118
2015-10-28, 0.023124
2015-10-30, 0.023137
2015-11-02, 0.023154
2015-11-03, 0.023173
2015-11-04, 0.023172
2015-11-05, 0.023176
2015-11-06, 0.023179
2015-11-09, 0.023197
2015-11-10, 0.023201
2015-11-11, 0.023208
2015-11-12, 0.023216
2015-11-13, 0.023223
2015-11-16, 0.023240
2015-11-17, 0.023244
2015-11-18, 0.023251
2015-11-19, 0.023257
2015-11-20, 0.023263
2015-11-23, 0.023282
2015-11-24, 0.023286
2015-11-25, 0.023288
2015-11-26, 0.023292
2015-11-27, 0.023294
2015-11-30, 0.023313
2015-12-01, 0.023320
2015-12-02, 0.023327
2015-12-03, 0.023334
2015-12-04, 0.023337
2015-12-07, 0.023352
2015-12-08, 0.023359
2015-12-09, 0.023366
2015-12-10, 0.023373
2015-12-11, 0.023378
2015-12-14, 0.023394
2015-12-15, 0.023400
2015-12-16, 0.023405
2015-12-17, 0.023413
2015-12-18, 0.023420
2015-12-21, 0.023439
2015-12-22, 0.023445
2015-12-23, 0.023451
2015-12-24, 0.023456
2015-12-25, 0.023461
2015-12-28, 0.023480
2015-12-29, 0.023488
2015-12-30, 0.023494
2015-12-31, 0.023503
2016-01-05, 0.023527
2016-01-06, 0.023528
2016-01-07, 0.023536
2016-01-08, 0.023539
2016-01-11, 0.023563
2016-01-12, 0.023567
2016-01-13, 0.023571
2016-01-14, 0.023584
2016-01-15, 0.023592
2016-01-18, 0.023612
2016-01-19, 0.023619
2016-01-20, 0.023624
2016-01-21, 0.023628
2016-01-22, 0.023637
2016-01-25, 0.023659
2016-01-26, 0.023669
2016-01-27, 0.023666
2016-01-28, 0.023677
2016-01-29, 0.023687
2016-02-01, 0.023713
2016-02-02, 0.023717
2016-02-03, 0.023720
2016-02-04, 0.023728
2016-02-05, 0.023743
2016-02-08, 0.023759
2016-02-09, 0.023765
2016-02-10, 0.023766
2016-02-11, 0.023777
2016-02-12, 0.023780
2016-02-15, 0.023802
2016-02-16, 0.023803
2016-02-17, 0.023810
2016-02-18, 0.023815
2016-02-19, 0.023823
2016-02-22, 0.023844
2016-02-23, 0.023854
2016-02-24, 0.023861
2016-02-25, 0.023875
2016-02-26, 0.023887
2016-02-29, 0.023909
2016-03-01, 0.023918
2016-03-02, 0.023930
2016-03-03, 0.023936
2016-03-04, 0.023952
2016-03-07, 0.023975
2016-03-08, 0.023984
2016-03-09, 0.023988
2016-03-10, 0.024005
2016-03-11, 0.024014
2016-03-14, 0.024032
2016-03-15, 0.024047
2016-03-16, 0.024054
2016-03-17, 0.024054
2016-03-18, 0.024078
2016-03-21, 0.024098
2016-03-22, 0.024104
2016-03-23, 0.024113
2016-03-24, 0.024121
2016-03-25, 0.024128
2016-03-28, 0.024145
2016-03-29, 0.024152
2016-03-30, 0.024162
2016-03-31, 0.024178
2016-04-01, 0.024184
2016-04-04, 0.024199
2016-04-05, 0.024212
2016-04-06, 0.024225
2016-04-07, 0.024231
2016-04-08, 0.024239
2016-04-11, 0.024253
2016-04-12, 0.024264
2016-04-13, 0.024301
2016-04-14, 0.024310
2016-04-15, 0.024334
2016-04-18, 0.024353
2016-04-19, 0.024374
2016-04-20, 0.024386
2016-04-21, 0.024394
2016-04-22, 0.024393
2016-04-25, 0.024412
2016-04-26, 0.024415
2016-04-27, 0.024422
2016-04-28, 0.024423
2016-04-29, 0.024426
2016-05-02, 0.024441
2016-05-03, 0.024446
2016-05-04, 0.024446
2016-05-05, 0.024446
2016-05-06, 0.024426
2016-05-09, 0.024455
2016-05-10, 0.024463
2016-05-11, 0.024463
2016-05-12, 0.024468
2016-05-13, 0.024485
2016-05-16, 0.024503
2016-05-17, 0.024506
2016-05-18, 0.024523
2016-05-20, 0.024529
2016-05-23, 0.024549
2016-05-24, 0.024547
2016-05-25, 0.024571
2016-05-26, 0.024582
2016-05-27, 0.024588
2016-05-30, 0.024606
2016-05-31, 0.024610
2016-06-01, 0.024617
2016-06-02, 0.024625
2016-06-03, 0.024631
2016-06-06, 0.024651
2016-06-07, 0.024667
2016-06-08, 0.024670
2016-06-09, 0.024676
2016-06-10, 0.024681
2016-06-13, 0.024694
2016-06-14, 0.024695
2016-06-15, 0.024701
2016-06-16, 0.024710
2016-06-17, 0.024719
2016-06-20, 0.024742
2016-06-21, 0.024753
2016-06-22, 0.024763
2016-06-23, 0.024767
2016-06-24, 0.024779
2016-06-27, 0.024786
2016-06-28, 0.024802
2016-06-29, 0.024818
2016-06-30, 0.024825
2016-07-01, 0.024834
2016-07-04, 0.024856
2016-07-08, 0.024881
2016-07-11, 0.024900
2016-07-12, 0.024916
2016-07-13, 0.024923
2016-07-14, 0.024929
2016-07-15, 0.024940
2016-07-18, 0.024955
2016-07-19, 0.024950
2016-07-20, 0.024945
2016-07-21, 0.024947
2016-07-22, 0.024944
2016-07-25, 0.024963
2016-07-26, 0.024978
2016-07-27, 0.024984
2016-07-28, 0.024988
2016-07-29, 0.024997
2016-08-01, 0.025012
2016-08-02, 0.025018
2016-08-03, 0.025019
2016-08-04, 0.025024
2016-08-05, 0.025027
2016-08-08, 0.025041
2016-08-09, 0.025052
2016-08-10, 0.025058
2016-08-11, 0.025070
2016-08-12, 0.025073
2016-08-15, 0.025093
2016-08-16, 0.025100
2016-08-17, 0.025110
2016-08-18, 0.025119
2016-08-19, 0.025125
2016-08-22, 0.025136
2016-08-23, 0.025143
2016-08-24, 0.025150
2016-08-25, 0.025157
2016-08-26, 0.025168
2016-08-29, 0.025187
2016-08-31, 0.025196
2016-09-01, 0.025202
2016-09-02, 0.025210
2016-09-05, 0.025228
2016-09-06, 0.025234
2016-09-07, 0.025240
2016-09-08, 0.025248
2016-09-09, 0.025253
2016-09-16, 0.025291
2016-09-19, 0.025309
2016-09-20, 0.025316
2016-09-21, 0.025322
2016-09-22, 0.025327
2016-09-23, 0.025337
2016-09-26, 0.025354
2016-09-27, 0.025356
2016-09-28, 0.025365
2016-09-29, 0.025374
2016-09-30, 0.025377
2016-10-03, 0.025394
2016-10-04, 0.025403
2016-10-05, 0.025408
2016-10-06, 0.025413
2016-10-07, 0.025419
2016-10-10, 0.025432
2016-10-11, 0.025437
2016-10-12, 0.025440
2016-10-13, 0.025445
2016-10-14, 0.025449
2016-10-17, 0.025464
2016-10-18, 0.025468
2016-10-19, 0.025474
2016-10-20, 0.025481
2016-10-21, 0.025487
2016-10-24, 0.025502
2016-10-25, 0.025508
2016-10-26, 0.025512
2016-10-27, 0.025514
2016-10-28, 0.025515
2016-10-31, 0.025528
2016-11-01, 0.025534
2016-11-02, 0.025538
2016-11-03, 0.025537
2016-11-04, 0.025546
2016-11-07, 0.025559
2016-11-08, 0.025560
2016-11-09, 0.025562
2016-11-10, 0.025566
2016-11-11, 0.025574
2016-11-14, 0.025583
2016-11-15, 0.025579
2016-11-16, 0.025589
2016-11-17, 0.025598
2016-11-18, 0.025609
2016-11-21, 0.025614
2016-11-22, 0.025616
2016-11-23, 0.025623
2016-11-24, 0.025617
2016-11-25, 0.025604
2016-11-28, 0.025624
2016-11-29, 0.025637
2016-11-30, 0.025651
2016-12-01, 0.025663
2016-12-02, 0.025664
2016-12-05, 0.025670
2016-12-06, 0.025671
2016-12-07, 0.025683
2016-12-08, 0.025694
2016-12-09, 0.025709
2016-12-12, 0.025719
2016-12-13, 0.025718
2016-12-14, 0.025728
2016-12-15, 0.025740
2016-12-16, 0.025741
2016-12-19, 0.025772
2016-12-20, 0.025780
2016-12-21, 0.025783
2016-12-22, 0.025805
2016-12-23, 0.025812
2016-12-26, 0.025835
2016-12-27, 0.025846
2016-12-28, 0.025854
2016-12-29, 0.025855
2016-12-30, 0.025859
2017-01-02, 0.025875
2017-01-03, 0.025871
2017-01-04, 0.025874
2017-01-05, 0.025885
2017-01-06, 0.025894
2017-01-09, 0.025908
2017-01-10, 0.025905
2017-01-11, 0.025907
2017-01-12, 0.025893
2017-01-13, 0.025881
2017-01-16, 0.025901
2017-01-17, 0.025906
2017-01-18, 0.025908
2017-01-19, 0.025911
2017-01-20, 0.025919
2017-01-23, 0.025931
2017-01-24, 0.025948
2017-01-25, 0.025949
2017-01-26, 0.025951
2017-01-27, 0.025959
2017-01-30, 0.025972
2017-01-31, 0.025989
2017-02-01, 0.025998
2017-02-02, 0.026008
2017-02-03, 0.026015
2017-02-06, 0.026028
2017-02-07, 0.026035
2017-02-08, 0.026039
2017-02-09, 0.026043
2017-02-10, 0.026050
2017-02-13, 0.026066
2017-02-14, 0.026071
2017-02-15, 0.026080
2017-02-16, 0.026088
2017-02-17, 0.026091
2017-02-20, 0.026111
2017-02-21, 0.026119
2017-02-22, 0.026132
2017-02-23, 0.026145
2017-02-24, 0.026154
2017-02-27, 0.026170
2017-02-28, 0.026176
2017-03-01, 0.026183
2017-03-02, 0.026190
2017-03-03, 0.026196
2017-03-06, 0.026212
2017-03-07, 0.026213
2017-03-08, 0.026219
2017-03-09, 0.026221
2017-03-10, 0.026221
2017-03-13, 0.026241
2017-03-14, 0.026235
2017-03-15, 0.026244
2017-03-16, 0.026254
2017-03-17, 0.026262
2017-03-20, 0.026282
2017-03-21, 0.026286
2017-03-22, 0.026291
2017-03-23, 0.026302
2017-03-24, 0.026314
2017-03-27, 0.026335
2017-03-28, 0.026343
2017-03-29, 0.026349
2017-03-30, 0.026352
2017-03-31, 0.026363
2017-04-03, 0.026390
2017-04-04, 0.026394
2017-04-05, 0.026404
2017-04-06, 0.026410
2017-04-07, 0.026415
2017-04-10, 0.026437
2017-04-11, 0.026448
2017-04-12, 0.026460
2017-04-13, 0.026465
2017-04-14, 0.026474
2017-04-17, 0.026489
2017-04-18, 0.026505
2017-04-19, 0.026508
2017-04-20, 0.026516
2017-04-21, 0.026525
2017-04-24, 0.026544
2017-04-25, 0.026552
2017-04-26, 0.026558
2017-04-27, 0.026563
2017-04-28, 0.026568
2017-05-02, 0.026597
2017-05-03, 0.026603
2017-05-04, 0.026613
2017-05-05, 0.026621
2017-05-08, 0.026643
2017-05-09, 0.026650
2017-05-10, 0.026653
2017-05-11, 0.026661
2017-05-12, 0.026667
2017-05-15, 0.026687
2017-05-16, 0.026695
2017-05-17, 0.026702
2017-05-18, 0.026712
2017-05-22, 0.026739
2017-05-23, 0.026748
2017-05-24, 0.026758
2017-05-25, 0.026768
2017-05-26, 0.026782
2017-05-29, 0.026805
2017-05-30, 0.026812
2017-05-31, 0.026818
2017-06-01, 0.026829
2017-06-02, 0.026838
2017-06-05, 0.026861
2017-06-06, 0.026872
2017-06-07, 0.026878
2017-06-08, 0.026886
2017-06-09, 0.026891
2017-06-12, 0.026917
2017-06-13, 0.026927
2017-06-14, 0.026939
2017-06-15, 0.026946
2017-06-16, 0.026954
2017-06-19, 0.026978
2017-06-20, 0.026987
2017-06-21, 0.026995
2017-06-22, 0.027002
2017-06-23, 0.027012
2017-06-28, 0.027054
2017-06-29, 0.027060
2017-06-30, 0.027068
2017-07-03, 0.027092
2017-07-04, 0.027100
2017-07-05, 0.027108
2017-07-06, 0.027115
2017-07-07, 0.027122
2017-07-10, 0.027146
2017-07-11, 0.027154
2017-07-12, 0.027163
2017-07-13, 0.027172
2017-07-14, 0.027182
2017-07-17, 0.027208
2017-07-18, 0.027217
2017-07-19, 0.027226
2017-07-20, 0.027235
2017-07-21, 0.027240
2017-07-24, 0.027264
2017-07-25, 0.027269
2017-07-26, 0.027275
2017-07-27, 0.027282
2017-07-28, 0.027293
2017-07-31, 0.027314
2017-08-01, 0.027325
2017-08-02, 0.027334
2017-08-03, 0.027341
2017-08-04, 0.027348
2017-08-07, 0.027370
2017-08-08, 0.027378
2017-08-09, 0.027384
2017-08-10, 0.027390
2017-08-11, 0.027396
2017-08-14, 0.027421
2017-08-15, 0.027434
2017-08-16, 0.027440
2017-08-17, 0.027451
2017-08-18, 0.027460
2017-08-21, 0.027482
2017-08-22, 0.027498
2017-08-23, 0.027509
2017-08-24, 0.027515
2017-08-25, 0.027521
2017-08-28, 0.027551
2017-08-29, 0.027563
2017-08-31, 0.027584
2017-09-05, 0.027623
2017-09-06, 0.027630
2017-09-07, 0.027637
2017-09-08, 0.027646
2017-09-11, 0.027674
2017-09-12, 0.027683
2017-09-13, 0.027692
2017-09-14, 0.027700
2017-09-15, 0.027707
2017-09-18, 0.027733
2017-09-19, 0.027740
2017-09-20, 0.027748
2017-09-21, 0.027754
2017-09-22, 0.027755
2017-09-25, 0.027781
2017-09-26, 0.027781
2017-09-27, 0.027790
2017-09-28, 0.027795
2017-09-29, 0.027802
2017-10-02, 0.027829
2017-10-03, 0.027837
2017-10-04, 0.027845
2017-10-05, 0.027853
2017-10-06, 0.027860
2017-10-09, 0.027879
2017-10-10, 0.027876
2017-10-11, 0.027881
2017-10-12, 0.027894
2017-10-13, 0.027910
2017-10-16, 0.027934
2017-10-17, 0.027939
2017-10-18, 0.027947
2017-10-19, 0.027956
2017-10-20, 0.027965
2017-10-23, 0.027989
2017-10-24, 0.027992
2017-10-25, 0.027992
2017-10-26, 0.027997
2017-10-27, 0.027994
2017-10-30, 0.027999
2017-10-31, 0.028021
2017-11-01, 0.028030
2017-11-02, 0.028041
2017-11-03, 0.028041
2017-11-06, 0.028058
2017-11-07, 0.028053
2017-11-09, 0.028065
2017-11-10, 0.028071
2017-11-13, 0.028096
2017-11-14, 0.028102
2017-11-15, 0.028107
2017-11-17, 0.028126
2017-11-20, 0.028156
2017-11-21, 0.028155
2017-11-22, 0.028148
2017-11-23, 0.028155
2017-11-24, 0.028178
2017-11-27, 0.028205
2017-11-28, 0.028223
2017-11-29, 0.028236
2017-11-30, 0.028241
2017-12-01, 0.028253
2017-12-04, 0.028283
2017-12-05, 0.028298
2017-12-06, 0.028314
2017-12-07, 0.028321
2017-12-08, 0.028332
2017-12-11, 0.028363
2017-12-12, 0.028380
2017-12-13, 0.028393
2017-12-14, 0.028396
2017-12-15, 0.028410
2017-12-18, 0.028431
2017-12-19, 0.028442
2017-12-20, 0.028454
2017-12-21, 0.028455
2017-12-22, 0.028471
2017-12-25, 0.028505
2017-12-26, 0.028511
2017-12-27, 0.028522
2017-12-28, 0.028534
2017-12-29, 0.028542
2018-01-02, 0.028585
2018-01-03, 0.028605
2018-01-04, 0.028617
2018-01-05, 0.028627
2018-01-08, 0.028656
2018-01-09, 0.028665
2018-01-10, 0.028675
2018-01-11, 0.028684
2018-01-12, 0.028694
2018-01-15, 0.028725
2018-01-16, 0.028735
2018-01-17, 0.028744
2018-01-18, 0.028754
2018-01-19, 0.028766
2018-01-22, 0.028798
2018-01-23, 0.028808
2018-01-24, 0.028818
2018-01-25, 0.028832
2018-01-26, 0.028848
2018-01-29, 0.028879
2018-01-30, 0.028886
2018-01-31, 0.028897
2018-02-01, 0.028910
2018-02-02, 0.028925
2018-02-05, 0.028956
2018-02-06, 0.028967
2018-02-07, 0.028975
2018-02-08, 0.028984
2018-02-09, 0.028992
2018-02-12, 0.029019
2018-02-13, 0.029019
2018-02-14, 0.029035
2018-02-15, 0.029046
2018-02-16, 0.029064
2018-02-19, 0.029093
2018-02-20, 0.029103
2018-02-21, 0.029113
2018-02-22, 0.029122
2018-02-23, 0.029131
2018-02-26, 0.029153
2018-02-27, 0.029164
2018-02-28, 0.029176
2018-03-01, 0.029184
2018-03-02, 0.029192
2018-03-05, 0.029221
2018-03-06, 0.029229
2018-03-07, 0.029238
2018-03-08, 0.029243
2018-03-09, 0.029250
2018-03-12, 0.029278
2018-03-13, 0.029288
2018-03-14, 0.029292
2018-03-15, 0.029303
2018-03-16, 0.029310
2018-03-19, 0.029338
2018-03-20, 0.029349
2018-03-21, 0.029358
2018-03-22, 0.029369
2018-03-23, 0.029381
2018-03-26, 0.029406
2018-03-27, 0.029412
2018-03-28, 0.029421
2018-03-29, 0.029430
2018-03-30, 0.029437
2018-04-02, 0.029477
2018-04-03, 0.029486
2018-04-04, 0.029498
2018-04-05, 0.029506
2018-04-06, 0.029513
2018-04-09, 0.029539
2018-04-10, 0.029551
2018-04-11, 0.029562
2018-04-12, 0.029569
2018-04-13, 0.029580
2018-04-16, 0.029613
2018-04-17, 0.029623
2018-04-18, 0.029634
2018-04-19, 0.029645
2018-04-20, 0.029658
2018-04-24,0.029699
2018-04-25,0.029707
2018-04-26,0.029719
2018-04-27,0.029728
2018-04-30,0.029758
2018-05-02,0.029779
2018-05-03,0.029785
2018-05-04,0.029791
2018-05-07,0.029813
2018-05-08,0.029818
2018-05-09,0.029827
2018-05-10,0.029825
2018-05-11,0.029838
2018-05-14,0.029867
2018-05-15,0.029875
2018-05-16,0.029881
2018-05-17,0.029887
2018-05-18,0.029895
2018-05-21,0.029928
2018-05-22,0.029936
2018-05-23,0.029947
2018-05-24,0.029954
2018-05-25,0.029960
2018-05-28,0.029985
2018-05-29,0.029998
2018-05-30,0.030009
2018-05-31,0.030021
2018-06-01,0.030029
2018-06-04,0.030057
2018-06-05,0.030065
2018-06-06,0.030075
2018-06-07,0.030079
2018-06-08,0.030091
2018-06-11,0.030110
2018-06-12,0.030119
2018-06-13,0.030132
2018-06-14,0.030141
2018-06-18,0.030190
2018-06-19,0.030199
2018-06-20,0.030209
2018-06-21,0.030225
2018-06-22,0.030235
2018-06-25,0.030280
2018-06-26,0.030295
2018-06-27,0.030299
2018-06-28,0.030313
2018-06-29,0.030328
2018-07-02,0.030369
2018-07-03,0.030381
2018-07-04,0.030390
2018-07-05,0.030399
2018-07-06,0.030411
2018-07-09,0.030453
2018-07-10,0.030467
2018-07-11,0.030479
2018-07-12,0.030494
2018-07-13,0.030496
2018-07-16,0.030541
2018-07-17,0.030554
2018-07-18,0.030567
2018-07-19,0.030581
2018-07-20,0.030589
2018-07-23,0.030629
2018-07-24,0.030645
2018-07-25,0.030654
2018-07-26,0.030670
2018-07-27,0.030687
2018-07-30,0.030729
2018-07-31,0.030744
2018-08-01,0.030756
2018-08-02,0.030766
2018-08-03,0.030770
2018-08-06,0.030812
2018-08-07,0.030821
2018-08-08,0.030829
2018-08-09,0.030841
2018-08-10,0.030855
2018-08-13,0.030883
2018-08-14,0.030878
2018-08-15,0.030888
2018-08-16,0.030846
2018-08-17,0.030849
2018-08-20,0.030865
2018-08-27,0.030967
2018-08-28,0.030994
2018-08-29,0.031015
2018-08-31,0.031053
2018-09-03,0.031092
2018-09-04,0.031107
2018-09-05,0.031131
2018-09-06,0.031149
2018-09-07,0.031159
2018-09-10,0.031202
2018-09-11,0.031210
2018-09-12,0.031223
2018-09-13,0.031231
2018-09-14,0.031243
2018-09-17,0.031258
2018-09-18,0.031269
2018-09-19,0.031272
2018-09-20,0.031281
2018-09-21,0.031274
2018-09-24,0.031323
2018-09-25,0.031342
2018-09-26,0.031359
2018-09-27,0.031379
2018-09-28,0.031400
2018-10-01,0.031424
2018-10-02,0.031443
2018-10-03,0.031462
2018-10-04,0.031471
2018-10-05,0.031474
2018-10-08,0.031531
2018-10-09,0.031549
2018-10-10,0.031579
2018-10-11,0.031591
2018-10-12,0.031606
2018-10-15,0.031668
2018-10-16,0.031693
2018-10-17,0.031705
2018-10-18,0.031738
2018-10-19,0.031772
2018-10-22,0.031833
2018-10-23,0.031852
2018-10-24,0.031868
2018-10-25,0.031895
2018-10-26,0.031918
2018-10-30,0.032004
2018-10-31,0.032039
2018-11-01,0.032065
2018-11-02,0.032085
2018-11-05,0.032157
2018-11-06,0.032193
2018-11-07,0.032242
2018-11-08,0.032251
2018-11-09,0.032269
2018-11-12,0.032331
2018-11-13,0.032357
2018-11-14,0.032386
2018-11-15,0.032426
2018-11-16,0.032443
2018-11-19,0.032524
2018-11-20,0.032547
2018-11-21,0.032565
2018-11-22,0.032585
2018-11-23,0.032607
2018-11-26,0.032669
2018-11-27,0.032694
2018-11-28,0.032715
2018-11-29,0.032732
2018-11-30,0.032753
2018-12-03,0.032826
2018-12-04,0.032849
2018-12-05,0.032867
2018-12-06,0.032884
2018-12-07,0.032909
2018-12-10,0.032970
2018-12-11,0.032991
2018-12-12,0.033008
2018-12-13,0.033029
2018-12-14,0.033048
2018-12-17,0.033108
2018-12-18,0.033127
2018-12-19,0.033148
2018-12-20,0.033169
2018-12-21,0.033191
2018-12-24,0.033224
2018-12-25,0.033243
2018-12-26,0.033271
2018-12-27,0.033292
2018-12-28,0.033316
