2003-08-18, 0.000000
2003-08-19, 0.000000
2003-08-20, 0.000000
2003-08-21, 10008.000000
2003-08-22, 10016.000000
2003-08-25, 10040.000000
2003-08-26, 10048.000000
2003-08-27, 10058.000000
2003-08-28, 10077.000000
2003-08-29, 10087.000000
2003-09-01, 10118.000000
2003-09-02, 10124.000000
2003-09-03, 10129.000000
2003-09-04, 10138.000000
2003-09-05, 10150.000000
2003-09-08, 10172.000000
2003-09-09, 10179.000000
2003-09-10, 10185.000000
2003-09-11, 10199.000000
2003-09-12, 10208.000000
2003-09-15, 10232.000000
2003-09-16, 10241.000000
2003-09-17, 10247.000000
2003-09-18, 10255.000000
2003-09-19, 10270.000000
2003-09-22, 10290.000000
2003-09-23, 10296.000000
2003-09-24, 10305.000000
2003-09-25, 10311.000000
2003-09-26, 10319.000000
2003-09-29, 10341.000000
2003-09-30, 10348.000000
2003-10-01, 10354.000000
2003-10-02, 10360.000000
2003-10-03, 10368.000000
2003-10-06, 10391.000000
2003-10-07, 10399.000000
2003-10-08, 10412.000000
2003-10-09, 10431.000000
2003-10-10, 10439.000000
2003-10-13, 10460.000000
2003-10-14, 10468.000000
2003-10-15, 10475.000000
2003-10-16, 10488.000000
2003-10-17, 10495.000000
2003-10-20, 10514.000000
2003-10-21, 10518.000000
2003-10-22, 10526.000000
2003-10-23, 10533.000000
2003-10-24, 10541.000000
2003-10-27, 10561.000000
2003-10-28, 10005.000000
2003-10-30, 10014.000000
2003-10-31, 10021.000000
2003-11-03, 10040.000000
2003-11-04, 10047.000000
2003-11-05, 10053.000000
2003-11-06, 10059.000000
2003-11-07, 10062.000000
2003-11-10, 10078.000000
2003-11-11, 10086.000000
2003-11-12, 10093.000000
2003-11-13, 10099.000000
2003-11-14, 10107.000000
2003-11-17, 10123.000000
2003-11-18, 10127.000000
2003-11-19, 10132.000000
2003-11-20, 10137.000000
2003-11-21, 10141.000000
2003-11-24, 10153.000000
2003-11-28, 10174.000000
2003-12-01, 10190.000000
2003-12-02, 10194.000000
2003-12-03, 10197.000000
2003-12-04, 10205.000000
2003-12-05, 10209.000000
2003-12-08, 10226.000000
2003-12-09, 10234.000000
2003-12-10, 10244.000000
2003-12-11, 10248.000000
2003-12-12, 10251.000000
2003-12-15, 10268.000000
2003-12-16, 10272.000000
2003-12-17, 10279.000000
2003-12-18, 10283.000000
2003-12-19, 10286.000000
2003-12-22, 10302.000000
2003-12-23, 10304.000000
2003-12-24, 10306.000000
2003-12-25, 10310.000000
2003-12-26, 10317.000000
2003-12-29, 10331.000000
2003-12-30, 10336.000000
2003-12-31, 10341.000000
2004-01-02, 10353.000000
2004-01-05, 10370.000000
2004-01-06, 10380.000000
2004-01-07, 10386.000000
2004-01-08, 10392.000000
2004-01-09, 10398.000000
2004-01-12, 10413.000000
2004-01-13, 10420.000000
2004-01-14, 10427.000000
2004-01-15, 10430.000000
2004-01-16, 10435.000000
2004-01-19, 10452.000000
2004-01-20, 10455.000000
2004-01-21, 10459.000000
2004-01-22, 10474.000000
2004-01-23, 10479.000000
2004-01-26, 10497.000000
2004-01-27, 10504.000000
2004-01-28, 10512.000000
2004-01-29, 10520.000000
2004-01-30, 10526.000000
2004-02-05, 10558.000000
2004-02-06, 10568.000000
2004-02-09, 10584.000000
2004-02-10, 10588.000000
2004-02-11, 10593.000000
2004-02-12, 10598.000000
2004-02-13, 10606.000000
2004-02-16, 10622.000000
2004-02-17, 10630.000000
2004-02-18, 10639.000000
2004-02-19, 10649.000000
2004-02-20, 10655.000000
2004-02-23, 10671.000000
2004-02-24, 10677.000000
2004-02-25, 10681.000000
2004-02-26, 10688.000000
2004-02-27, 10694.000000
2004-03-01, 10722.000000
2004-03-02, 10727.000000
2004-03-03, 10736.000000
2004-03-04, 10742.000000
2004-03-05, 10748.000000
2004-03-08, 10764.000000
2004-03-09, 10766.000000
2004-03-10, 10770.000000
2004-03-11, 10774.000000
2004-03-12, 10779.000000
2004-03-15, 10795.000000
2004-03-16, 10799.000000
2004-03-17, 10804.000000
2004-03-18, 10809.000000
2004-03-19, 10813.000000
2004-03-22, 10831.000000
2004-03-23, 10835.000000
2004-03-24, 10841.000000
2004-03-25, 10848.000000
2004-03-26, 10853.000000
2004-03-29, 10869.000000
2004-03-30, 10876.000000
2004-03-31, 10881.000000
2004-04-01, 10886.000000
2004-04-02, 10891.000000
2004-04-05, 10905.000000
2004-04-06, 10911.000000
2004-04-07, 10916.000000
2004-04-08, 10923.000000
2004-04-09, 10932.000000
2004-04-12, 10948.000000
2004-04-13, 10953.000000
2004-04-14, 10958.000000
2004-04-15, 10962.000000
2004-04-16, 10967.000000
2004-04-19, 10982.000000
2004-04-20, 10988.000000
2004-04-21, 10993.000000
2004-04-22, 11016.000000
2004-04-26, 11035.000000
2004-04-27, 11039.000000
2004-04-28, 11043.000000
2004-04-29, 11052.000000
2004-04-30, 11055.000000
2004-05-03, 11069.000000
2004-05-04, 11075.000000
2004-05-05, 11077.000000
2004-05-06, 11087.000000
2004-05-07, 11091.000000
2004-05-10, 11105.000000
2004-05-11, 11105.000000
2004-05-12, 11106.000000
2004-05-13, 11159.000000
2004-05-14, 11164.000000
2004-05-17, 11190.000000
2004-05-18, 11199.000000
2004-05-20, 11211.000000
2004-05-21, 11216.000000
2004-05-24, 11228.000000
2004-05-25, 11234.000000
2004-05-26, 11239.000000
2004-05-27, 11285.000000
2004-05-28, 11289.000000
2004-05-31, 11306.000000
2004-06-01, 11313.000000
2004-06-02, 11320.000000
2004-06-03, 11325.000000
2004-06-04, 11330.000000
2004-06-07, 11346.000000
2004-06-08, 11355.000000
2004-06-09, 11361.000000
2004-06-10, 11370.000000
2004-06-11, 11376.000000
2004-06-14, 11399.000000
2004-06-15, 11404.000000
2004-06-16, 11407.000000
2004-06-17, 11421.000000
2004-06-18, 11428.000000
2004-06-21, 11448.000000
2004-06-22, 11450.000000
2004-06-23, 11456.000000
2004-06-24, 11460.000000
2004-06-25, 11468.000000
2004-06-28, 11485.000000
2004-06-29, 11489.000000
2004-06-30, 11495.000000
2004-07-01, 11503.000000
2004-07-02, 11511.000000
2004-07-05, 11532.000000
2004-07-06, 11539.000000
2004-07-07, 11546.000000
2004-07-08, 11552.000000
2004-07-09, 11557.000000
2004-07-12, 11571.000000
2004-07-13, 11578.000000
2004-07-14, 11583.000000
2004-07-15, 11588.000000
2004-07-16, 11593.000000
2004-07-19, 11609.000000
2004-07-20, 11620.000000
2004-07-21, 11628.000000
2004-07-22, 11669.000000
2004-07-23, 11679.000000
2004-07-26, 11697.000000
2004-07-27, 11706.000000
2004-07-28, 11712.000000
2004-07-29, 11719.000000
2004-07-30, 11727.000000
2004-08-02, 11748.000000
2004-08-03, 11755.000000
2004-08-04, 11758.000000
2004-08-05, 11763.000000
2004-08-06, 11768.000000
2004-08-09, 11783.000000
2004-08-10, 11794.000000
2004-08-11, 11802.000000
2004-08-12, 11812.000000
2004-08-13, 11818.000000
2004-08-16, 11833.000000
2004-08-17, 11842.000000
2004-08-18, 11852.000000
2004-08-19, 11865.000000
2004-08-20, 11870.000000
2004-08-23, 11884.000000
2004-08-24, 11888.000000
2004-08-25, 11894.000000
2004-08-26, 11902.000000
2004-08-27, 11906.000000
2004-08-31, 11926.000000
2004-09-01, 11932.000000
2004-09-02, 11936.000000
2004-09-03, 11941.000000
2004-09-06, 11956.000000
2004-09-07, 11960.000000
2004-09-08, 11965.000000
2004-09-09, 11998.000000
2004-09-10, 12003.000000
2004-09-13, 12017.000000
2004-09-14, 12021.000000
2004-09-15, 12028.000000
2004-09-16, 12032.000000
2004-09-17, 12036.000000
2004-09-20, 12050.000000
2004-09-21, 12050.000000
2004-09-22, 12052.000000
2004-09-23, 12062.000000
2004-09-24, 12072.000000
2004-09-27, 12092.000000
2004-09-28, 12098.000000
2004-09-29, 12102.000000
2004-09-30, 12107.000000
2004-10-01, 12112.000000
2004-10-04, 12125.000000
2004-10-05, 12129.000000
2004-10-06, 12135.000000
2004-10-07, 12141.000000
2004-10-08, 12146.000000
2004-10-11, 12164.000000
2004-10-12, 12170.000000
2004-10-13, 12175.000000
2004-10-14, 12186.000000
2004-10-15, 12192.000000
2004-10-18, 12206.000000
2004-10-19, 12212.000000
2004-10-20, 12218.000000
2004-10-21, 12226.000000
2004-10-22, 12232.000000
2004-10-25, 12250.000000
2004-10-26, 12256.000000
2004-10-27, 12262.000000
2004-10-28, 12272.000000
2004-11-01, 12297.000000
2004-11-02, 12303.000000
2004-11-03, 12307.000000
2004-11-04, 12311.000000
2004-11-05, 12314.000000
2004-11-08, 12328.000000
2004-11-09, 12335.000000
2004-11-10, 12342.000000
2004-11-11, 12347.000000
2004-11-12, 12354.000000
2004-11-17, 12381.000000
2004-11-18, 12393.000000
2004-11-19, 12405.000000
2004-11-22, 12422.000000
2004-11-23, 12428.000000
2004-11-24, 12435.000000
2004-11-25, 12445.000000
2004-11-26, 12450.000000
2004-11-29, 12463.000000
2004-11-30, 12467.000000
2004-12-01, 12468.000000
2004-12-02, 12473.000000
2004-12-03, 12475.000000
2004-12-06, 12486.000000
2004-12-07, 12490.000000
2004-12-08, 12493.000000
2004-12-09, 12498.000000
2004-12-10, 12503.000000
2004-12-13, 12518.000000
2004-12-14, 12526.000000
2004-12-15, 12537.000000
2004-12-16, 12548.000000
2004-12-17, 12558.000000
2004-12-20, 12572.000000
2004-12-21, 12593.000000
2004-12-22, 12598.000000
2004-12-23, 12603.000000
2004-12-24, 12611.000000
2004-12-27, 12624.000000
2004-12-28, 12629.000000
2004-12-29, 12634.000000
2004-12-30, 12638.000000
2004-12-31, 12644.000000
2005-01-03, 12664.000000
2005-01-04, 0.012668
2005-01-05, 0.012674
2005-01-06, 0.012678
2005-01-07, 0.012680
2005-01-10, 0.012696
2005-01-11, 0.012702
2005-01-12, 0.012714
2005-01-13, 0.012718
2005-01-14, 0.012725
2005-01-17, 0.012740
2005-01-18, 0.012749
2005-01-19, 0.012752
2005-01-24, 0.012779
2005-01-25, 0.012788
2005-01-26, 0.012797
2005-01-27, 0.012809
2005-01-28, 0.012814
2005-01-31, 0.012831
2005-02-01, 0.012836
2005-02-02, 0.012843
2005-02-03, 0.012848
2005-02-04, 0.012854
2005-02-07, 0.012867
2005-02-08, 0.012871
2005-02-09, 0.012878
2005-02-10, 0.012895
2005-02-11, 0.012906
2005-02-14, 0.012919
2005-02-15, 0.012925
2005-02-16, 0.012929
2005-02-17, 0.012930
2005-02-18, 0.012934
2005-02-21, 0.012947
2005-02-22, 0.012950
2005-02-23, 0.012952
2005-02-24, 0.012955
2005-02-25, 0.012963
2005-02-28, 0.012977
2005-03-01, 0.012982
2005-03-02, 0.012985
2005-03-03, 0.012989
2005-03-04, 0.012994
2005-03-07, 0.013009
2005-03-08, 0.013015
2005-03-09, 0.013020
2005-03-10, 0.013029
2005-03-11, 0.013033
2005-03-14, 0.013045
2005-03-15, 0.013048
2005-03-16, 0.013054
2005-03-17, 0.013057
2005-03-18, 0.013062
2005-03-21, 0.013073
2005-03-22, 0.013076
2005-03-23, 0.013080
2005-03-24, 0.013082
2005-03-25, 0.013090
2005-03-28, 0.013103
2005-03-29, 0.013109
2005-03-30, 0.013112
2005-03-31, 0.013118
2005-04-01, 0.013125
2005-04-04, 0.013138
2005-04-05, 0.013142
2005-04-06, 0.013146
2005-04-07, 0.013153
2005-04-08, 0.013158
2005-04-11, 0.013170
2005-04-12, 0.013176
2005-04-13, 0.013180
2005-04-14, 0.013184
2005-04-15, 0.013188
2005-04-18, 0.013198
2005-04-19, 0.013200
2005-04-20, 0.013206
2005-04-21, 0.013214
2005-04-22, 0.013218
2005-04-25, 0.013232
2005-04-26, 0.013237
2005-04-27, 0.013243
2005-04-28, 0.013247
2005-04-29, 0.013251
2005-05-02, 0.013259
2005-05-03, 0.013266
2005-05-04, 0.013271
2005-05-05, 0.013277
2005-05-06, 0.013281
2005-05-09, 0.013293
2005-05-10, 0.013298
2005-05-11, 0.013304
2005-05-12, 0.013308
2005-05-13, 0.013312
2005-05-16, 0.013323
2005-05-17, 0.013325
2005-05-18, 0.013328
2005-05-20, 0.013336
2005-05-23, 0.013348
2005-05-24, 0.013351
2005-05-25, 0.013354
2005-05-26, 0.013359
2005-05-27, 0.013364
2005-05-30, 0.013375
2005-05-31, 0.013379
2005-06-01, 0.013384
2005-06-02, 0.013388
2005-06-03, 0.013392
2005-06-06, 0.013405
2005-06-07, 0.013408
2005-06-08, 0.013412
2005-06-09, 0.013416
2005-06-10, 0.013419
2005-06-13, 0.013429
2005-06-14, 0.013431
2005-06-15, 0.013434
2005-06-16, 0.013438
2005-06-17, 0.013442
2005-06-20, 0.013453
2005-06-21, 0.013457
2005-06-22, 0.013460
2005-06-23, 0.013465
2005-06-24, 0.013467
2005-06-27, 0.013480
2005-06-28, 0.013483
2005-06-29, 0.013488
2005-06-30, 0.013493
2005-07-01, 0.013497
2005-07-04, 0.013510
2005-07-05, 0.013514
2005-07-06, 0.013518
2005-07-07, 0.013524
2005-07-08, 0.013528
2005-07-11, 0.013540
2005-07-12, 0.013543
2005-07-13, 0.013546
2005-07-14, 0.013551
2005-07-15, 0.013554
2005-07-18, 0.013566
2005-07-19, 0.013569
2005-07-20, 0.013573
2005-07-21, 0.013578
2005-07-22, 0.013583
2005-07-25, 0.013596
2005-07-26, 0.013600
2005-07-27, 0.013605
2005-07-28, 0.013614
2005-07-29, 0.013620
2005-08-01, 0.013634
2005-08-02, 0.013638
2005-08-03, 0.013642
2005-08-04, 0.013646
2005-08-05, 0.013650
2005-08-08, 0.013662
2005-08-09, 0.013666
2005-08-10, 0.013670
2005-08-11, 0.013676
2005-08-12, 0.013679
2005-08-15, 0.013690
2005-08-16, 0.013694
2005-08-17, 0.013698
2005-08-18, 0.013702
2005-08-19, 0.013705
2005-08-22, 0.013717
2005-08-23, 0.013721
2005-08-24, 0.013726
2005-08-25, 0.013732
2005-08-26, 0.013735
2005-08-29, 0.013749
2005-08-31, 0.013757
2005-09-01, 0.013761
2005-09-02, 0.013767
2005-09-05, 0.013780
2005-09-06, 0.013784
2005-09-07, 0.013790
2005-09-08, 0.013796
2005-09-09, 0.013802
2005-09-12, 0.013814
2005-09-13, 0.013819
2005-09-14, 0.013823
2005-09-15, 0.013825
2005-09-16, 0.013829
2005-09-19, 0.013841
2005-09-20, 0.013849
2005-09-21, 0.013853
2005-09-22, 0.013857
2005-09-23, 0.013862
2005-09-26, 0.013874
2005-09-27, 0.013879
2005-09-28, 0.013887
2005-09-29, 0.013893
2005-09-30, 0.013897
2005-10-03, 0.013909
2005-10-04, 0.013912
2005-10-05, 0.013923
2005-10-06, 0.013929
2005-10-07, 0.013935
2005-10-10, 0.013947
2005-10-11, 0.013951
2005-10-12, 0.013955
2005-10-13, 0.013958
2005-10-14, 0.013962
2005-10-17, 0.013973
2005-10-18, 0.013975
2005-10-19, 0.013978
2005-10-20, 0.013980
2005-10-21, 0.013984
2005-10-24, 0.013996
2005-10-25, 0.014002
2005-10-26, 0.014008
2005-10-27, 0.014012
2005-10-28, 0.014016
2005-10-31, 0.014028
2005-11-01, 0.014033
2005-11-02, 0.014039
2005-11-07, 0.014061
2005-11-08, 0.014066
2005-11-09, 0.014071
2005-11-10, 0.014077
2005-11-11, 0.014084
2005-11-14, 0.014097
2005-11-15, 0.014103
2005-11-16, 0.014108
2005-11-17, 0.014112
2005-11-18, 0.014117
2005-11-21, 0.014130
2005-11-22, 0.014135
2005-11-23, 0.014140
2005-11-24, 0.014145
2005-11-25, 0.014150
2005-11-28, 0.014162
2005-11-29, 0.014166
2005-11-30, 0.014169
2005-12-01, 0.014173
2005-12-02, 0.014176
2005-12-05, 0.014188
2005-12-06, 0.014191
2005-12-07, 0.014195
2005-12-08, 0.014199
2005-12-09, 0.014203
2005-12-12, 0.014216
2005-12-13, 0.014219
2005-12-14, 0.014222
2005-12-15, 0.014225
2005-12-16, 0.014232
2005-12-19, 0.014243
2005-12-20, 0.014247
2005-12-21, 0.014253
2005-12-22, 0.014256
2005-12-23, 0.014261
2005-12-26, 0.014273
2005-12-27, 0.014278
2005-12-28, 0.014282
2005-12-29, 0.014285
2005-12-30, 0.014290
2006-01-02, 0.014304
2006-01-03, 0.014309
2006-01-04, 0.014313
2006-01-05, 0.014319
2006-01-06, 0.014324
2006-01-09, 0.014339
2006-01-16, 0.014369
2006-01-17, 0.014374
2006-01-18, 0.014380
2006-01-19, 0.014386
2006-01-20, 0.014393
2006-01-23, 0.014407
2006-01-24, 0.014411
2006-01-25, 0.014415
2006-01-26, 0.014419
2006-01-27, 0.014422
2006-01-30, 0.014435
2006-01-31, 0.014439
2006-02-01, 0.014443
2006-02-02, 0.014447
2006-02-03, 0.014451
2006-02-06, 0.014463
2006-02-07, 0.014467
2006-02-08, 0.014471
2006-02-09, 0.014475
2006-02-10, 0.014480
2006-02-13, 0.014494
2006-02-14, 0.014500
2006-02-15, 0.014505
2006-02-16, 0.014509
2006-02-17, 0.014513
2006-02-20, 0.014528
2006-02-21, 0.014532
2006-02-22, 0.014538
2006-02-23, 0.014542
2006-02-24, 0.014547
2006-02-27, 0.014561
2006-02-28, 0.014566
2006-03-01, 0.014572
2006-03-02, 0.014575
2006-03-03, 0.014581
2006-03-06, 0.014594
2006-03-07, 0.014598
2006-03-08, 0.014602
2006-03-09, 0.014606
2006-03-10, 0.014610
2006-03-13, 0.014624
2006-03-14, 0.014629
2006-03-15, 0.014632
2006-03-16, 0.014638
2006-03-17, 0.014643
2006-03-20, 0.014656
2006-03-21, 0.014660
2006-03-22, 0.014665
2006-03-23, 0.014669
2006-03-24, 0.014674
2006-03-27, 0.014687
2006-03-28, 0.014691
2006-03-29, 0.014695
2006-03-30, 0.014700
2006-03-31, 0.014705
2006-04-03, 0.014719
2006-04-04, 0.014724
2006-04-05, 0.014729
2006-04-06, 0.014734
2006-04-07, 0.014739
2006-04-10, 0.014753
2006-04-11, 0.014758
2006-04-12, 0.014763
2006-04-13, 0.014767
2006-04-14, 0.014772
2006-04-17, 0.014785
2006-04-18, 0.014790
2006-04-19, 0.014794
2006-04-20, 0.014799
2006-04-21, 0.014804
2006-04-24, 0.014817
2006-04-25, 0.014821
2006-04-26, 0.014826
2006-04-27, 0.014830
2006-04-28, 0.014834
2006-05-01, 0.014848
2006-05-02, 0.014852
2006-05-03, 0.014856
2006-05-04, 0.014860
2006-05-05, 0.014863
2006-05-08, 0.014877
2006-05-09, 0.014881
2006-05-10, 0.014885
2006-05-11, 0.014889
2006-05-12, 0.014894
2006-05-15, 0.014907
2006-05-16, 0.014910
2006-05-17, 0.014915
2006-05-18, 0.014920
2006-05-22, 0.014937
2006-05-23, 0.014942
2006-05-24, 0.014947
2006-05-25, 0.014952
2006-05-26, 0.014956
2006-05-29, 0.014969
2006-05-30, 0.014974
2006-05-31, 0.014979
2006-06-01, 0.014982
2006-06-02, 0.014987
2006-06-05, 0.015001
2006-06-06, 0.015003
2006-06-07, 0.015008
2006-06-08, 0.015011
2006-06-09, 0.015014
2006-06-12, 0.015027
2006-06-13, 0.015035
2006-06-14, 0.015040
2006-06-15, 0.015046
2006-06-16, 0.015051
2006-06-19, 0.015070
2006-06-20, 0.015075
2006-06-21, 0.015082
2006-06-22, 0.015084
2006-06-23, 0.015092
2006-06-26, 0.015105
2006-06-27, 0.015108
2006-06-28, 0.015115
2006-06-29, 0.015121
2006-06-30, 0.015124
2006-07-03, 0.015134
2006-07-04, 0.015133
2006-07-05, 0.015158
2006-07-06, 0.015165
2006-07-07, 0.015170
2006-07-10, 0.015190
2006-07-11, 0.015200
2006-07-12, 0.015213
2006-07-13, 0.015222
2006-07-14, 0.015227
2006-07-17, 0.015246
2006-07-18, 0.015253
2006-07-19, 0.015259
2006-07-20, 0.015268
2006-07-21, 0.015275
2006-07-24, 0.015292
2006-07-25, 0.015296
2006-07-26, 0.015304
2006-07-27, 0.015314
2006-07-28, 0.015327
2006-07-31, 0.015345
2006-08-01, 0.015352
2006-08-02, 0.015357
2006-08-03, 0.015364
2006-08-04, 0.015373
2006-08-07, 0.015389
2006-08-08, 0.015396
2006-08-09, 0.015403
2006-08-10, 0.015410
2006-08-11, 0.015419
2006-08-14, 0.015439
2006-08-15, 0.015446
2006-08-16, 0.015451
2006-08-17, 0.015459
2006-08-18, 0.015468
2006-08-21, 0.015487
2006-08-22, 0.015494
2006-08-23, 0.015498
2006-08-24, 0.015508
2006-08-25, 0.015515
2006-08-28, 0.015540
2006-08-29, 0.015550
2006-08-31, 0.015563
2006-09-01, 0.015571
2006-09-04, 0.015586
2006-09-05, 0.015592
2006-09-06, 0.015597
2006-09-07, 0.015603
2006-09-08, 0.015609
2006-09-11, 0.015630
2006-09-12, 0.015636
2006-09-13, 0.015646
2006-09-14, 0.015657
2006-09-15, 0.015660
2006-09-18, 0.015682
2006-09-19, 0.015691
2006-09-20, 0.015699
2006-09-21, 0.015706
2006-09-22, 0.015712
2006-09-25, 0.015727
2006-09-26, 0.015739
2006-09-27, 0.015747
2006-09-28, 0.015756
2006-09-29, 0.015764
2006-10-02, 0.015784
2006-10-03, 0.015792
2006-10-04, 0.015813
2006-10-05, 0.015819
2006-10-06, 0.015828
2006-10-09, 0.015847
2006-10-10, 0.015853
2006-10-11, 0.015859
2006-10-12, 0.015865
2006-10-13, 0.015870
2006-10-16, 0.015891
2006-10-17, 0.015896
2006-10-18, 0.015903
2006-10-19, 0.015907
2006-10-20, 0.015914
2006-10-26, 0.015959
2006-10-27, 0.015967
2006-10-30, 0.015988
2006-10-31, 0.015994
2006-11-01, 0.015999
2006-11-02, 0.016007
2006-11-03, 0.016014
2006-11-06, 0.016034
2006-11-07, 0.016045
2006-11-08, 0.016053
2006-11-09, 0.016059
2006-11-10, 0.016066
2006-11-13, 0.016086
2006-11-14, 0.016093
2006-11-15, 0.016100
2006-11-16, 0.016106
2006-11-17, 0.016115
2006-11-20, 0.016136
2006-11-21, 0.016142
2006-11-22, 0.016148
2006-11-23, 0.016155
2006-11-24, 0.016162
2006-11-27, 0.016183
2006-11-28, 0.016190
2006-11-29, 0.016197
2006-11-30, 0.016205
2006-12-01, 0.016212
2006-12-04, 0.016233
2006-12-05, 0.016240
2006-12-06, 0.016247
2006-12-07, 0.016255
2006-12-08, 0.016261
2006-12-11, 0.016282
2006-12-12, 0.016290
2006-12-13, 0.016297
2006-12-14, 0.016304
2006-12-15, 0.016312
2006-12-18, 0.016334
2006-12-19, 0.016342
2006-12-20, 0.016349
2006-12-21, 0.016355
2006-12-22, 0.016363
2006-12-25, 0.016385
2006-12-26, 0.016392
2006-12-27, 0.016399
2006-12-28, 0.016407
2006-12-29, 0.016415
2007-01-04, 0.016459
2007-01-05, 0.016467
2007-01-08, 0.016489
2007-01-09, 0.016497
2007-01-10, 0.016505
2007-01-11, 0.016512
2007-01-12, 0.016521
2007-01-15, 0.016543
2007-01-16, 0.016550
2007-01-17, 0.016561
2007-01-18, 0.016571
2007-01-19, 0.016579
2007-01-22, 0.016603
2007-01-23, 0.016613
2007-01-24, 0.016620
2007-01-25, 0.016628
2007-01-26, 0.016636
2007-01-29, 0.016656
2007-01-30, 0.016664
2007-01-31, 0.016670
2007-02-01, 0.016678
2007-02-02, 0.016686
2007-02-05, 0.016707
2007-02-06, 0.016713
2007-02-07, 0.016720
2007-02-08, 0.016727
2007-02-09, 0.016734
2007-02-12, 0.016755
2007-02-13, 0.016763
2007-02-14, 0.016770
2007-02-15, 0.016778
2007-02-16, 0.016786
2007-02-19, 0.016807
2007-02-20, 0.016815
2007-02-21, 0.016823
2007-02-22, 0.016830
2007-02-23, 0.016837
2007-02-26, 0.016858
2007-02-27, 0.016864
2007-02-28, 0.016871
2007-03-01, 0.016877
2007-03-02, 0.016885
2007-03-05, 0.016907
2007-03-06, 0.016914
2007-03-07, 0.016923
2007-03-08, 0.016931
2007-03-09, 0.016938
2007-03-12, 0.016960
2007-03-13, 0.016967
2007-03-14, 0.016975
2007-03-15, 0.016981
2007-03-16, 0.016989
2007-03-19, 0.017012
2007-03-20, 0.017019
2007-03-21, 0.017026
2007-03-22, 0.017033
2007-03-23, 0.017041
2007-03-26, 0.017063
2007-03-27, 0.017070
2007-03-28, 0.017077
2007-03-29, 0.017084
2007-03-30, 0.017091
2007-04-02, 0.017113
2007-04-03, 0.017120
2007-04-04, 0.017130
2007-04-05, 0.017140
2007-04-06, 0.017148
2007-04-09, 0.017170
2007-04-10, 0.017176
2007-04-11, 0.017183
2007-04-12, 0.017190
2007-04-13, 0.017198
2007-04-16, 0.017219
2007-04-17, 0.017229
2007-04-18, 0.017238
2007-04-19, 0.017248
2007-04-20, 0.017253
2007-04-24, 0.017285
2007-04-25, 0.017292
2007-04-26, 0.017301
2007-04-27, 0.017309
2007-04-30, 0.017331
2007-05-01, 0.017334
2007-05-02, 0.017340
2007-05-03, 0.017349
2007-05-04, 0.017359
2007-05-07, 0.017383
2007-05-08, 0.017396
2007-05-09, 0.017405
2007-05-10, 0.017414
2007-05-11, 0.017419
2007-05-14, 0.017441
2007-05-15, 0.017449
2007-05-16, 0.017456
2007-05-17, 0.017464
2007-05-18, 0.017471
2007-05-21, 0.017493
2007-05-22, 0.017500
2007-05-23, 0.017508
2007-05-24, 0.017516
2007-05-25, 0.017522
2007-05-28, 0.017544
2007-05-29, 0.017552
2007-05-30, 0.017559
2007-05-31, 0.017566
2007-06-01, 0.017574
2007-06-04, 0.017596
2007-06-05, 0.017604
2007-06-06, 0.017611
2007-06-07, 0.017619
2007-06-08, 0.017626
2007-06-11, 0.017648
2007-06-12, 0.017656
2007-06-13, 0.017664
2007-06-14, 0.017671
2007-06-15, 0.017679
2007-06-18, 0.017701
2007-06-19, 0.017709
2007-06-20, 0.017717
2007-06-21, 0.017724
2007-06-22, 0.017731
2007-06-25, 0.017754
2007-06-26, 0.017763
2007-06-27, 0.017772
2007-06-28, 0.017780
2007-06-29, 0.017788
2007-07-02, 0.017810
2007-07-03, 0.017818
2007-07-04, 0.017827
2007-07-05, 0.017836
2007-07-06, 0.017844
2007-07-09, 0.017866
2007-07-10, 0.017875
2007-07-11, 0.017883
2007-07-12, 0.017890
2007-07-13, 0.017898
2007-07-16, 0.017920
2007-07-17, 0.017928
2007-07-18, 0.017937
2007-07-19, 0.017945
2007-07-20, 0.017950
2007-07-23, 0.017971
2007-07-24, 0.017978
2007-07-25, 0.017984
2007-07-26, 0.017990
2007-07-27, 0.017995
2007-07-30, 0.018013
2007-07-31, 0.018020
2007-08-01, 0.018028
2007-08-02, 0.018035
2007-08-03, 0.018042
2007-08-06, 0.018064
2007-08-07, 0.018072
2007-08-08, 0.018080
2007-08-09, 0.018087
2007-08-10, 0.018094
2007-08-13, 0.018116
2007-08-14, 0.018124
2007-08-15, 0.018131
2007-08-16, 0.018135
2007-08-17, 0.018141
2007-08-20, 0.018162
2007-08-21, 0.018171
2007-08-22, 0.018180
2007-08-23, 0.018191
2007-08-24, 0.018202
2007-08-27, 0.018226
2007-08-28, 0.018235
2007-08-29, 0.018243
2007-08-31, 0.018258
2007-09-03, 0.018283
2007-09-04, 0.018292
2007-09-05, 0.018300
2007-09-06, 0.018308
2007-09-07, 0.018315
2007-09-10, 0.018338
2007-09-11, 0.018344
2007-09-12, 0.018352
2007-09-13, 0.018360
2007-09-14, 0.018368
2007-09-17, 0.018394
2007-09-18, 0.018403
2007-09-19, 0.018411
2007-09-20, 0.018421
2007-09-21, 0.018427
2007-09-24, 0.018450
2007-09-25, 0.018458
2007-09-26, 0.018466
2007-09-27, 0.018474
2007-09-28, 0.018482
2007-10-01, 0.018505
2007-10-02, 0.018512
2007-10-03, 0.018521
2007-10-04, 0.018529
2007-10-05, 0.018537
2007-10-08, 0.018560
2007-10-09, 0.018569
2007-10-10, 0.018577
2007-10-11, 0.018588
2007-10-15, 0.018620
2007-10-16, 0.018629
2007-10-17, 0.018637
2007-10-18, 0.018647
2007-10-19, 0.018655
2007-10-22, 0.018677
2007-10-23, 0.018683
2007-10-24, 0.018689
2007-10-25, 0.018697
2007-10-26, 0.018705
2007-10-30, 0.018734
2007-10-31, 0.018740
2007-11-01, 0.018748
2007-11-02, 0.018755
2007-11-05, 0.018777
2007-11-06, 0.018784
2007-11-07, 0.018792
2007-11-08, 0.018801
2007-11-09, 0.018807
2007-11-12, 0.018830
2007-11-13, 0.018837
2007-11-14, 0.018844
2007-11-15, 0.018852
2007-11-16, 0.018859
2007-11-19, 0.018886
2007-11-20, 0.018894
2007-11-21, 0.018900
2007-11-22, 0.018906
2007-11-23, 0.018914
2007-11-26, 0.018936
2007-11-27, 0.018943
2007-11-28, 0.018951
2007-11-29, 0.018958
2007-11-30, 0.018966
2007-12-03, 0.018988
2007-12-04, 0.018995
2007-12-05, 0.019002
2007-12-06, 0.019009
2007-12-07, 0.019017
2007-12-10, 0.019038
2007-12-11, 0.019045
2007-12-12, 0.019053
2007-12-13, 0.019061
2007-12-14, 0.019068
2007-12-17, 0.019089
2007-12-18, 0.019096
2007-12-19, 0.019103
2007-12-24, 0.019139
2007-12-25, 0.019146
2007-12-26, 0.019154
2007-12-27, 0.019161
2007-12-28, 0.019168
2007-12-31, 0.019189
2008-01-02, 0.019203
2008-01-03, 0.019211
2008-01-04, 0.019219
2008-01-07, 0.019240
2008-01-08, 0.019247
2008-01-09, 0.019254
2008-01-10, 0.019262
2008-01-11, 0.019268
2008-01-14, 0.019290
2008-01-15, 0.019297
2008-01-16, 0.019304
2008-01-17, 0.019311
2008-01-18, 0.019318
2008-01-21, 0.019340
2008-01-22, 0.019345
2008-01-23, 0.019350
2008-01-24, 0.019358
2008-01-25, 0.019365
2008-01-28, 0.019388
2008-01-29, 0.019393
2008-01-30, 0.019401
2008-01-31, 0.019408
2008-02-01, 0.019415
2008-02-04, 0.019437
2008-02-05, 0.019444
2008-02-06, 0.019450
2008-02-07, 0.019456
2008-02-08, 0.019464
2008-02-11, 0.019486
2008-02-12, 0.019491
2008-02-13, 0.019498
2008-02-14, 0.019504
2008-02-15, 0.019512
2008-02-18, 0.019534
2008-02-19, 0.019541
2008-02-20, 0.019548
2008-02-21, 0.019554
2008-02-22, 0.019561
2008-02-25, 0.019582
2008-02-26, 0.019590
2008-02-27, 0.019597
2008-02-28, 0.019605
2008-02-29, 0.019613
2008-03-03, 0.019634
2008-03-04, 0.019641
2008-03-05, 0.019648
2008-03-06, 0.019654
2008-03-07, 0.019659
2008-03-10, 0.019679
2008-03-11, 0.019688
2008-03-12, 0.019695
2008-03-13, 0.019704
2008-03-14, 0.019710
2008-03-17, 0.019733
2008-03-18, 0.019737
2008-03-19, 0.019745
2008-03-20, 0.019752
2008-03-21, 0.019759
2008-03-24, 0.019778
2008-03-25, 0.019785
2008-03-26, 0.019793
2008-03-27, 0.019800
2008-03-28, 0.019809
2008-03-31, 0.019831
2008-04-01, 0.019837
2008-04-02, 0.019844
2008-04-03, 0.019879
2008-04-04, 0.019888
2008-04-07, 0.019911
2008-04-08, 0.019920
2008-04-09, 0.019927
2008-04-10, 0.019935
2008-04-11, 0.019942
2008-04-14, 0.019964
2008-04-15, 0.019971
2008-04-16, 0.019979
2008-04-17, 0.019985
2008-04-18, 0.019992
2008-04-21, 0.020011
2008-04-22, 0.020019
2008-04-24, 0.020032
2008-04-25, 0.020038
2008-04-28, 0.020061
2008-04-29, 0.020067
2008-04-30, 0.020074
2008-05-01, 0.020080
2008-05-02, 0.020088
2008-05-05, 0.020111
2008-05-06, 0.020119
2008-05-07, 0.020126
2008-05-08, 0.020133
2008-05-09, 0.020140
2008-05-12, 0.020163
2008-05-13, 0.020172
2008-05-14, 0.020181
2008-05-15, 0.020190
2008-05-16, 0.020197
2008-05-20, 0.020228
2008-05-21, 0.020236
2008-05-22, 0.020244
2008-05-23, 0.020251
2008-05-26, 0.020275
2008-05-27, 0.020281
2008-05-28, 0.020288
2008-05-29, 0.020296
2008-05-30, 0.020304
2008-06-02, 0.020327
2008-06-03, 0.020334
2008-06-04, 0.020342
2008-06-05, 0.020350
2008-06-06, 0.020357
2008-06-09, 0.020380
2008-06-10, 0.020388
2008-06-11, 0.020396
2008-06-12, 0.020403
2008-06-13, 0.020410
2008-06-16, 0.020434
2008-06-17, 0.020442
2008-06-18, 0.020450
2008-06-19, 0.020458
2008-06-20, 0.020466
2008-06-23, 0.020490
2008-06-24, 0.020498
2008-06-25, 0.020506
2008-06-26, 0.020514
2008-06-27, 0.020522
2008-06-30, 0.020548
2008-07-01, 0.020556
2008-07-02, 0.020565
2008-07-03, 0.020574
2008-07-04, 0.020582
2008-07-07, 0.020607
2008-07-08, 0.020616
2008-07-09, 0.020624
2008-07-10, 0.020633
2008-07-11, 0.020641
2008-07-14, 0.020667
2008-07-15, 0.020675
2008-07-16, 0.020683
2008-07-17, 0.020691
2008-07-18, 0.020699
2008-07-21, 0.020723
2008-07-22, 0.020731
2008-07-23, 0.020739
2008-07-24, 0.020747
2008-07-25, 0.020755
2008-07-28, 0.020781
2008-07-29, 0.020789
2008-07-30, 0.020798
2008-07-31, 0.020807
2008-08-01, 0.020819
2008-08-04, 0.020843
2008-08-05, 0.020852
2008-08-06, 0.020860
2008-08-07, 0.020868
2008-08-08, 0.020877
2008-08-11, 0.020902
2008-08-12, 0.020910
2008-08-13, 0.020919
2008-08-14, 0.020929
2008-08-15, 0.020937
2008-08-18, 0.020964
2008-08-19, 0.020972
2008-08-20, 0.020978
2008-08-21, 0.020986
2008-08-22, 0.020994
2008-08-25, 0.021021
2008-08-26, 0.021029
2008-08-27, 0.021037
2008-08-28, 0.021045
2008-08-29, 0.021053
2008-09-01, 0.021080
2008-09-02, 0.021088
2008-09-03, 0.021097
2008-09-04, 0.021104
2008-09-05, 0.021113
2008-09-08, 0.021139
2008-09-09, 0.021150
2008-09-10, 0.021159
2008-09-11, 0.021168
2008-09-12, 0.021176
2008-09-15, 0.021203
2008-09-16, 0.021210
2008-09-17, 0.021217
2008-09-18, 0.021227
2008-09-19, 0.021233
2008-09-22, 0.021261
2008-09-23, 0.021271
2008-09-24, 0.021278
2008-09-25, 0.021287
2008-09-26, 0.021296
2008-09-29, 0.021322
2008-10-03, 0.021358
2008-10-06, 0.021383
2008-10-07, 0.021390
2008-10-08, 0.021399
2008-10-09, 0.021408
2008-10-10, 0.021420
2008-10-13, 0.021446
2008-10-14, 0.021455
2008-10-15, 0.021464
2008-10-16, 0.021471
2008-10-17, 0.021479
2008-10-20, 0.021505
2008-10-21, 0.021513
2008-10-22, 0.021522
2008-10-23, 0.021530
2008-10-24, 0.021537
2008-10-27, 0.021558
2008-10-28, 0.021563
2008-10-30, 0.021582
2008-10-31, 0.021595
2008-11-03, 0.021622
2008-11-04, 0.021634
2008-11-05, 0.021643
2008-11-06, 0.021653
2008-11-07, 0.021663
2008-11-10, 0.021691
2008-11-11, 0.021702
2008-11-12, 0.021711
2008-11-13, 0.021718
2008-11-14, 0.021727
2008-11-17, 0.021755
2008-11-18, 0.021764
2008-11-19, 0.021772
2008-11-20, 0.021781
2008-11-21, 0.021790
2008-11-24, 0.021819
2008-11-25, 0.021830
2008-11-26, 0.021839
2008-11-27, 0.021850
2008-11-28, 0.021860
2008-12-01, 0.021884
2008-12-02, 0.021893
2008-12-03, 0.021901
2008-12-04, 0.021912
2008-12-05, 0.021921
2008-12-12, 0.021983
2008-12-15, 0.022010
2008-12-16, 0.022020
2008-12-17, 0.022030
2008-12-18, 0.022043
2008-12-19, 0.022055
2008-12-22, 0.022086
2008-12-23, 0.022095
2008-12-24, 0.022103
2008-12-25, 0.022112
2008-12-26, 0.022120
2008-12-29, 0.022145
2008-12-30, 0.022152
2008-12-31, 0.022161
2009-01-02, 0.022178
2009-01-05, 0.022205
2009-01-06, 0.022221
2009-01-07, 0.022230
2009-01-08, 0.022241
2009-01-09, 0.022245
2009-01-12, 0.022266
2009-01-13, 0.022275
2009-01-14, 0.022288
2009-01-15, 0.022306
2009-01-16, 0.022317
2009-01-19, 0.022361
2009-01-20, 0.022370
2009-01-21, 0.022379
2009-01-22, 0.022387
2009-01-23, 0.022397
2009-01-26, 0.022419
2009-01-27, 0.022430
2009-01-28, 0.022444
2009-01-29, 0.022451
2009-01-30, 0.022459
2009-02-02, 0.022480
2009-02-03, 0.022485
2009-02-04, 0.022493
2009-02-05, 0.022499
2009-02-06, 0.022501
2009-02-09, 0.022519
2009-02-10, 0.022526
2009-02-11, 0.022534
2009-02-12, 0.022540
2009-02-13, 0.022545
2009-02-16, 0.022566
2009-02-17, 0.022573
2009-02-18, 0.022576
2009-02-19, 0.022581
2009-02-20, 0.022590
2009-02-23, 0.022621
2009-02-24, 0.022628
2009-02-25, 0.022636
2009-02-26, 0.022646
2009-02-27, 0.022656
2009-03-02, 0.022674
2009-03-03, 0.022679
2009-03-04, 0.022685
2009-03-05, 0.022694
2009-03-06, 0.022703
2009-03-09, 0.022719
2009-03-10, 0.022728
2009-03-11, 0.022737
2009-03-12, 0.022745
2009-03-13, 0.022751
2009-03-16, 0.022772
2009-03-17, 0.022782
2009-03-18, 0.022790
2009-03-19, 0.022800
2009-03-20, 0.022810
2009-03-23, 0.022825
2009-03-24, 0.022833
2009-03-25, 0.022837
2009-03-26, 0.022840
2009-03-27, 0.022845
2009-03-30, 0.022861
2009-03-31, 0.022867
2009-04-01, 0.022876
2009-04-02, 0.022884
2009-04-03, 0.022891
2009-04-06, 0.022909
2009-04-07, 0.022919
2009-04-08, 0.022927
2009-04-09, 0.022938
2009-04-10, 0.022949
2009-04-13, 0.022967
2009-04-14, 0.022976
2009-04-15, 0.022980
2009-04-16, 0.022988
2009-04-17, 0.022992
2009-04-20, 0.023008
2009-04-21, 0.023016
2009-04-22, 0.023020
2009-04-24, 0.023030
2009-04-27, 0.023045
2009-04-28, 0.023051
2009-04-29, 0.023055
2009-04-30, 0.023061
2009-05-04, 0.023081
2009-05-05, 0.023086
2009-05-06, 0.023091
2009-05-07, 0.023097
2009-05-08, 0.023104
2009-05-11, 0.023119
2009-05-12, 0.023124
2009-05-13, 0.023128
2009-05-14, 0.023134
2009-05-15, 0.023139
2009-05-18, 0.023154
2009-05-20, 0.023163
2009-05-21, 0.023168
2009-05-22, 0.023171
2009-05-25, 0.023184
2009-05-26, 0.023188
2009-05-27, 0.023191
2009-05-28, 0.023194
2009-05-29, 0.023199
2009-06-01, 0.023215
2009-06-02, 0.023220
2009-06-03, 0.023224
2009-06-04, 0.023228
2009-06-05, 0.023234
2009-06-08, 0.023249
2009-06-09, 0.023253
2009-06-10, 0.023258
2009-06-11, 0.023264
2009-06-12, 0.023270
2009-06-15, 0.023285
2009-06-16, 0.023291
2009-06-17, 0.023297
2009-06-18, 0.023305
2009-06-19, 0.023311
2009-06-22, 0.023325
2009-06-23, 0.023330
2009-06-24, 0.023335
2009-06-25, 0.023341
2009-06-26, 0.023346
2009-06-29, 0.023362
2009-06-30, 0.023367
2009-07-01, 0.023371
2009-07-02, 0.023376
2009-07-03, 0.023383
2009-07-06, 0.023398
2009-07-07, 0.023402
2009-07-08, 0.023408
2009-07-09, 0.023414
2009-07-10, 0.023422
2009-07-13, 0.023434
2009-07-14, 0.023440
2009-07-15, 0.023446
2009-07-16, 0.023452
2009-07-17, 0.023456
2009-07-20, 0.023471
2009-07-21, 0.023476
2009-07-22, 0.023479
2009-07-23, 0.023484
2009-07-24, 0.023488
2009-07-27, 0.023502
2009-07-28, 0.023506
2009-07-29, 0.023510
2009-07-30, 0.023516
2009-07-31, 0.023524
2009-08-03, 0.023537
2009-08-04, 0.023540
2009-08-05, 0.023546
2009-08-06, 0.023552
2009-08-07, 0.023556
2009-08-10, 0.023570
2009-08-11, 0.023576
2009-08-12, 0.023580
2009-08-13, 0.023584
2009-08-14, 0.023589
2009-08-17, 0.023603
2009-08-18, 0.023607
2009-08-19, 0.023612
2009-08-20, 0.023616
2009-08-21, 0.023625
2009-08-24, 0.023636
2009-08-25, 0.023640
2009-08-26, 0.023644
2009-08-27, 0.023646
2009-08-28, 0.023650
2009-08-31, 0.023662
2009-09-01, 0.023666
2009-09-02, 0.023669
2009-09-03, 0.023672
2009-09-04, 0.023677
2009-09-07, 0.023690
2009-09-08, 0.023696
2009-09-09, 0.023700
2009-09-10, 0.023704
2009-09-11, 0.023707
2009-09-14, 0.023720
2009-09-15, 0.023725
2009-09-16, 0.023732
2009-09-17, 0.023737
2009-09-18, 0.023741
2009-09-23, 0.023764
2009-09-24, 0.023768
2009-09-25, 0.023773
2009-09-28, 0.023785
2009-09-29, 0.023790
2009-09-30, 0.023794
2009-10-01, 0.023800
2009-10-02, 0.023803
2009-10-05, 0.023814
2009-10-06, 0.023819
2009-10-07, 0.023824
2009-10-08, 0.023827
2009-10-09, 0.023831
2009-10-12, 0.023841
2009-10-13, 0.023843
2009-10-14, 0.023846
2009-10-15, 0.023851
2009-10-16, 0.023855
2009-10-19, 0.023865
2009-10-20, 0.023869
2009-10-21, 0.023872
2009-10-22, 0.023876
2009-10-23, 0.023879
2009-10-26, 0.023888
2009-10-27, 0.023891
2009-10-28, 0.023893
2009-10-30, 0.023900
2009-11-02, 0.023910
2009-11-03, 0.023913
2009-11-04, 0.023916
2009-11-05, 0.023920
2009-11-06, 0.023923
2009-11-09, 0.023933
2009-11-10, 0.023938
2009-11-11, 0.023941
2009-11-12, 0.023944
2009-11-13, 0.023948
2009-11-16, 0.023958
2009-11-17, 0.023961
2009-11-18, 0.023965
2009-11-19, 0.023970
2009-11-20, 0.023974
2009-11-23, 0.023983
2009-11-24, 0.023986
2009-11-25, 0.023988
2009-11-26, 0.023992
2009-12-01, 0.024008
2009-12-02, 0.024010
2009-12-03, 0.024014
2009-12-04, 0.024017
2009-12-07, 0.024027
2009-12-08, 0.024029
2009-12-09, 0.024032
2009-12-10, 0.024034
2009-12-11, 0.024037
2009-12-14, 0.024045
2009-12-15, 0.024048
2009-12-16, 0.024050
2009-12-17, 0.024054
2009-12-18, 0.024058
2009-12-21, 0.024068
2009-12-22, 0.024071
2009-12-23, 0.024075
2009-12-24, 0.024078
2009-12-25, 0.024082
2009-12-28, 0.024093
2009-12-29, 0.024096
2009-12-30, 0.024100
2009-12-31, 0.024104
2010-01-04, 0.024121
2010-01-05, 0.024124
2010-01-06, 0.024128
2010-01-07, 0.024133
2010-01-08, 0.024138
2010-01-11, 0.024148
2010-01-12, 0.024152
2010-01-13, 0.024156
2010-01-14, 0.024160
2010-01-15, 0.024164
2010-01-18, 0.024173
2010-01-19, 0.024176
2010-01-20, 0.024180
2010-01-21, 0.024183
2010-01-22, 0.024187
2010-01-25, 0.024196
2010-01-26, 0.024199
2010-01-27, 0.024202
2010-01-28, 0.024206
2010-01-29, 0.024209
2010-02-01, 0.024220
2010-02-02, 0.024223
2010-02-03, 0.024227
2010-02-04, 0.024231
2010-02-05, 0.024234
2010-02-08, 0.024244
2010-02-09, 0.024248
2010-02-10, 0.024251
2010-02-11, 0.024255
2010-02-12, 0.024259
2010-02-15, 0.024269
2010-02-16, 0.024273
2010-02-17, 0.024277
2010-02-18, 0.024281
2010-02-19, 0.024284
2010-02-22, 0.024293
2010-02-23, 0.024297
2010-02-24, 0.024299
2010-02-25, 0.024302
2010-02-26, 0.024306
2010-03-01, 0.024315
2010-03-02, 0.024318
2010-03-03, 0.024322
2010-03-04, 0.024325
2010-03-05, 0.024328
2010-03-08, 0.024337
2010-03-09, 0.024340
2010-03-10, 0.024342
2010-03-11, 0.024345
2010-03-12, 0.024349
2010-03-15, 0.024359
2010-03-16, 0.024362
2010-03-17, 0.024366
2010-03-18, 0.024369
2010-03-19, 0.024372
2010-03-22, 0.024382
2010-03-23, 0.024386
2010-03-24, 0.024389
2010-03-25, 0.024393
2010-03-26, 0.024396
2010-03-29, 0.024406
2010-03-30, 0.024410
2010-03-31, 0.024413
2010-04-01, 0.024416
2010-04-02, 0.024420
2010-04-05, 0.024430
2010-04-06, 0.024433
2010-04-07, 0.024435
2010-04-08, 0.024438
2010-04-09, 0.024441
2010-04-12, 0.024451
2010-04-13, 0.024455
2010-04-14, 0.024459
2010-04-15, 0.024463
2010-04-16, 0.024466
2010-04-19, 0.024475
2010-04-20, 0.024478
2010-04-21, 0.024482
2010-04-22, 0.024485
2010-04-26, 0.024497
2010-04-27, 0.024500
2010-04-28, 0.024504
2010-04-29, 0.024506
2010-04-30, 0.024510
2010-05-03, 0.024521
2010-05-04, 0.024523
2010-05-05, 0.024527
2010-05-06, 0.024530
2010-05-07, 0.024533
2010-05-10, 0.024543
2010-05-11, 0.024547
2010-05-12, 0.024551
2010-05-13, 0.024554
2010-05-14, 0.024559
2010-05-17, 0.024569
2010-05-18, 0.024572
2010-05-20, 0.024580
2010-05-21, 0.024583
2010-05-24, 0.024594
2010-05-25, 0.024597
2010-05-26, 0.024600
2010-05-27, 0.024603
2010-05-28, 0.024607
2010-05-31, 0.024617
2010-06-01, 0.024620
2010-06-02, 0.024624
2010-06-03, 0.024627
2010-06-04, 0.024631
2010-06-07, 0.024642
2010-06-08, 0.024645
2010-06-09, 0.024648
2010-06-10, 0.024652
2010-06-11, 0.024655
2010-06-14, 0.024666
2010-06-15, 0.024669
2010-06-16, 0.024673
2010-06-17, 0.024676
2010-06-18, 0.024680
2010-06-21, 0.024691
2010-06-22, 0.024694
2010-06-23, 0.024698
2010-06-24, 0.024702
2010-06-25, 0.024706
2010-06-28, 0.024717
2010-06-29, 0.024720
2010-06-30, 0.024724
2010-07-01, 0.024728
2010-07-02, 0.024732
2010-07-05, 0.024743
2010-07-06, 0.024747
2010-07-07, 0.024751
2010-07-08, 0.024754
2010-07-09, 0.024759
2010-07-12, 0.024770
2010-07-13, 0.024773
2010-07-14, 0.024777
2010-07-15, 0.024781
2010-07-16, 0.024785
2010-07-19, 0.024796
2010-07-20, 0.024799
2010-07-21, 0.024803
2010-07-22, 0.024808
2010-07-23, 0.024812
2010-07-26, 0.024823
2010-07-27, 0.024827
2010-07-28, 0.024830
2010-07-29, 0.024835
2010-07-30, 0.024838
2010-08-02, 0.024849
2010-08-03, 0.024852
2010-08-04, 0.024857
2010-08-05, 0.024860
2010-08-06, 0.024863
2010-08-09, 0.024874
2010-08-10, 0.024878
2010-08-11, 0.024881
2010-08-12, 0.024885
2010-08-13, 0.024888
2010-08-16, 0.024899
2010-08-17, 0.024903
2010-08-18, 0.024907
2010-08-19, 0.024912
2010-08-20, 0.024916
2010-08-23, 0.024927
2010-08-24, 0.024931
2010-08-25, 0.024935
2010-08-26, 0.024940
2010-08-27, 0.024943
2010-08-31, 0.024958
2010-09-01, 0.024962
2010-09-02, 0.024965
2010-09-03, 0.024969
2010-09-06, 0.024979
2010-09-07, 0.024983
2010-09-08, 0.024987
2010-09-13, 0.025007
2010-09-14, 0.025011
2010-09-15, 0.025014
2010-09-16, 0.025018
2010-09-17, 0.025022
2010-09-20, 0.025032
2010-09-21, 0.025036
2010-09-22, 0.025040
2010-09-23, 0.025043
2010-09-24, 0.025046
2010-09-27, 0.025056
2010-09-28, 0.025059
2010-09-29, 0.025063
2010-09-30, 0.025066
2010-10-01, 0.025071
2010-10-04, 0.025082
2010-10-05, 0.025086
2010-10-06, 0.025090
2010-10-07, 0.025093
2010-10-08, 0.025097
2010-10-11, 0.025107
2010-10-12, 0.025111
2010-10-13, 0.025114
2010-10-14, 0.025118
2010-10-15, 0.025121
2010-10-18, 0.025132
2010-10-19, 0.025135
2010-10-20, 0.025139
2010-10-21, 0.025143
2010-10-22, 0.025147
2010-10-25, 0.025159
2010-10-26, 0.025162
2010-10-27, 0.025166
2010-10-28, 0.025169
2010-11-01, 0.025184
2010-11-02, 0.025188
2010-11-03, 0.025191
2010-11-04, 0.025195
2010-11-05, 0.025199
2010-11-08, 0.025210
2010-11-09, 0.025213
2010-11-10, 0.025217
2010-11-11, 0.025221
2010-11-12, 0.025224
2010-11-15, 0.025236
2010-11-22, 0.025262
2010-11-23, 0.025267
2010-11-24, 0.025271
2010-11-25, 0.025275
2010-11-26, 0.025279
2010-11-29, 0.025290
2010-11-30, 0.025293
2010-12-01, 0.025296
2010-12-02, 0.025298
2010-12-03, 0.025302
2010-12-06, 0.025312
2010-12-07, 0.025316
2010-12-08, 0.025319
2010-12-09, 0.025325
2010-12-10, 0.025330
2010-12-13, 0.025339
2010-12-14, 0.025344
2010-12-15, 0.025347
2010-12-16, 0.025351
2010-12-17, 0.025356
2010-12-20, 0.025368
2010-12-21, 0.025371
2010-12-22, 0.025373
2010-12-23, 0.025376
2010-12-24, 0.025381
2010-12-27, 0.025391
2010-12-28, 0.025394
2010-12-29, 0.025398
2010-12-30, 0.025402
2010-12-31, 0.025406
2011-01-03, 0.025415
2011-01-04, 0.025418
2011-01-05, 0.025422
2011-01-06, 0.025428
2011-01-07, 0.025432
2011-01-10, 0.025442
2011-01-11, 0.025446
2011-01-12, 0.025449
2011-01-13, 0.025452
2011-01-14, 0.025457
2011-01-17, 0.025465
2011-01-18, 0.025466
2011-01-19, 0.025470
2011-01-20, 0.025473
2011-01-21, 0.025475
2011-01-24, 0.025483
2011-01-25, 0.025486
2011-01-26, 0.025488
2011-01-27, 0.025491
2011-01-28, 0.025492
2011-01-31, 0.025500
2011-02-01, 0.025503
2011-02-02, 0.025507
2011-02-03, 0.025512
2011-02-04, 0.025518
2011-02-07, 0.025523
2011-02-08, 0.025526
2011-02-09, 0.025529
2011-02-10, 0.025532
2011-02-11, 0.025536
2011-02-14, 0.025545
2011-02-15, 0.025549
2011-02-16, 0.025552
2011-02-17, 0.025555
2011-02-18, 0.025558
2011-02-21, 0.025566
2011-02-22, 0.025568
2011-02-23, 0.025570
2011-02-24, 0.025573
2011-02-25, 0.025576
2011-02-28, 0.025586
2011-03-01, 0.025589
2011-03-02, 0.025592
2011-03-03, 0.025595
2011-03-04, 0.025599
2011-03-07, 0.025607
2011-03-08, 0.025611
2011-03-09, 0.025614
2011-03-10, 0.025618
2011-03-11, 0.025621
2011-03-14, 0.025630
2011-03-15, 0.025634
2011-03-16, 0.025639
2011-03-17, 0.025642
2011-03-18, 0.025645
2011-03-21, 0.025654
2011-03-22, 0.025657
2011-03-23, 0.025662
2011-03-24, 0.025666
2011-03-25, 0.025669
2011-03-28, 0.025679
2011-03-29, 0.025683
2011-03-30, 0.025686
2011-03-31, 0.025690
2011-04-01, 0.025694
2011-04-04, 0.025703
2011-04-05, 0.025707
2011-04-06, 0.025711
2011-04-07, 0.025714
2011-04-08, 0.025717
2011-04-11, 0.025728
2011-04-12, 0.025732
2011-04-13, 0.025736
2011-04-14, 0.025742
2011-04-15, 0.025746
2011-04-18, 0.025753
2011-04-19, 0.025757
2011-04-20, 0.025758
2011-04-21, 0.025760
2011-04-22, 0.025764
2011-04-25, 0.025775
2011-04-26, 0.025779
2011-04-27, 0.025782
2011-04-28, 0.025786
2011-04-29, 0.025792
2011-05-02, 0.025805
2011-05-03, 0.025808
2011-05-04, 0.025811
2011-05-05, 0.025815
2011-05-06, 0.025819
2011-05-09, 0.025831
2011-05-10, 0.025836
2011-05-11, 0.025840
2011-05-12, 0.025844
2011-05-13, 0.025847
2011-05-16, 0.025859
2011-05-17, 0.025861
2011-05-18, 0.025864
2011-05-20, 0.025871
2011-05-23, 0.025881
2011-05-24, 0.025884
2011-05-25, 0.025890
2011-05-26, 0.025894
2011-05-27, 0.025899
2011-05-30, 0.025909
2011-05-31, 0.025912
2011-06-01, 0.025915
2011-06-02, 0.025919
2011-06-03, 0.025923
2011-06-06, 0.025935
2011-06-07, 0.025939
2011-06-08, 0.025942
2011-06-09, 0.025947
2011-06-10, 0.025951
2011-06-13, 0.025963
2011-06-14, 0.025967
2011-06-15, 0.025970
2011-06-16, 0.025974
2011-06-17, 0.025978
2011-06-20, 0.025990
2011-06-21, 0.025994
2011-06-22, 0.025998
2011-06-23, 0.026002
2011-06-24, 0.026006
2011-06-27, 0.026019
2011-06-28, 0.026023
2011-06-29, 0.026026
2011-06-30, 0.026030
2011-07-01, 0.026035
2011-07-04, 0.026048
2011-07-05, 0.026052
2011-07-06, 0.026056
2011-07-07, 0.026061
2011-07-08, 0.026065
2011-07-11, 0.026078
2011-07-12, 0.026082
2011-07-13, 0.026086
2011-07-14, 0.026090
2011-07-15, 0.026095
2011-07-18, 0.026108
2011-07-19, 0.026112
2011-07-20, 0.026116
2011-07-21, 0.026122
2011-07-22, 0.026126
2011-07-25, 0.026139
2011-07-26, 0.026143
2011-07-27, 0.026147
2011-07-28, 0.026150
2011-07-29, 0.026155
2011-08-01, 0.026168
2011-08-02, 0.026172
2011-08-03, 0.026176
2011-08-04, 0.026184
2011-08-05, 0.026188
2011-08-08, 0.026203
2011-08-09, 0.026208
2011-08-10, 0.026213
2011-08-11, 0.026221
2011-08-12, 0.026226
2011-08-15, 0.026238
2011-08-16, 0.026242
2011-08-17, 0.026248
2011-08-18, 0.026253
2011-08-19, 0.026257
2011-08-22, 0.026268
2011-08-23, 0.026272
2011-08-24, 0.026275
2011-08-25, 0.026278
2011-08-26, 0.026281
2011-08-29, 0.026292
2011-09-02, 0.026307
2011-09-05, 0.026318
2011-09-06, 0.026323
2011-09-07, 0.026329
2011-09-08, 0.026334
2011-09-09, 0.026339
2011-09-12, 0.026350
2011-09-13, 0.026354
2011-09-14, 0.026357
2011-09-15, 0.026360
2011-09-16, 0.026364
2011-09-19, 0.026374
2011-09-20, 0.026378
2011-09-21, 0.026381
2011-09-22, 0.026386
2011-09-23, 0.026388
2011-09-26, 0.026396
2011-09-27, 0.026398
2011-09-28, 0.026402
2011-09-29, 0.026406
2011-09-30, 0.026410
2011-10-03, 0.026422
2011-10-04, 0.026425
2011-10-05, 0.026429
2011-10-06, 0.026434
2011-10-07, 0.026438
2011-10-10, 0.026450
2011-10-11, 0.026454
2011-10-12, 0.026458
2011-10-13, 0.026462
2011-10-14, 0.026467
2011-10-17, 0.026477
2011-10-18, 0.026479
2011-10-19, 0.026481
2011-10-20, 0.026484
2011-10-21, 0.026485
2011-10-24, 0.026490
2011-10-25, 0.026495
2011-10-26, 0.026498
2011-10-27, 0.026494
2011-10-28, 0.026495
2011-10-31, 0.026511
2011-11-01, 0.026517
2011-11-02, 0.026522
2011-11-03, 0.026525
2011-11-04, 0.026536
2011-11-10, 0.026567
2011-11-11, 0.026571
2011-11-14, 0.026584
2011-11-15, 0.026595
2011-11-16, 0.026603
2011-11-17, 0.026611
2011-11-18, 0.026618
2011-11-21, 0.026634
2011-11-22, 0.026654
2011-11-23, 0.026659
2011-11-24, 0.026665
2011-11-25, 0.026669
2011-11-28, 0.026681
2011-11-29, 0.026686
2011-11-30, 0.026690
2011-12-01, 0.026694
2011-12-02, 0.026705
2011-12-05, 0.026735
2011-12-06, 0.026774
2011-12-07, 0.026783
2011-12-08, 0.026790
2011-12-09, 0.026798
2011-12-12, 0.026830
2011-12-13, 0.026830
2011-12-14, 0.026831
2011-12-15, 0.026840
2011-12-16, 0.026849
2011-12-19, 0.026867
2011-12-20, 0.026862
2011-12-21, 0.026868
2011-12-22, 0.026880
2011-12-23, 0.026883
2011-12-26, 0.026909
2011-12-27, 0.026915
2011-12-28, 0.026918
2011-12-29, 0.026922
2011-12-30, 0.026924
2012-01-02, 0.026954
2012-01-03, 0.026962
2012-01-04, 0.026964
2012-01-05, 0.026971
2012-01-06, 0.026976
2012-01-09, 0.026997
2012-01-10, 0.027004
2012-01-11, 0.027015
2012-01-12, 0.027024
2012-01-13, 0.027032
2012-01-16, 0.027055
2012-01-17, 0.027064
2012-01-18, 0.027071
2012-01-19, 0.027079
2012-01-20, 0.027090
2012-01-23, 0.027105
2012-01-24, 0.027111
2012-01-25, 0.027121
2012-01-26, 0.027125
2012-01-27, 0.027133
2012-01-30, 0.027147
2012-01-31, 0.027153
2012-02-01, 0.027166
2012-02-02, 0.027172
2012-02-03, 0.027179
2012-02-06, 0.027197
2012-02-07, 0.027201
2012-02-08, 0.027207
2012-02-09, 0.027213
2012-02-10, 0.027219
2012-02-13, 0.027236
2012-02-14, 0.027244
2012-02-15, 0.027251
2012-02-16, 0.027254
2012-02-17, 0.027256
2012-02-20, 0.027272
2012-02-21, 0.027279
2012-02-22, 0.027290
2012-02-23, 0.027300
2012-02-24, 0.027306
2012-02-27, 0.027321
2012-02-28, 0.027321
2012-02-29, 0.027326
2012-03-01, 0.027333
2012-03-02, 0.027337
2012-03-05, 0.027351
2012-03-06, 0.027356
2012-03-07, 0.027360
2012-03-08, 0.027365
2012-03-09, 0.027372
2012-03-12, 0.027388
2012-03-13, 0.027394
2012-03-14, 0.027397
2012-03-15, 0.027402
2012-03-16, 0.027406
2012-03-19, 0.027422
2012-03-20, 0.027430
2012-03-21, 0.027432
2012-03-22, 0.027437
2012-03-23, 0.027435
2012-03-26, 0.027450
2012-03-27, 0.027457
2012-03-28, 0.027463
2012-03-29, 0.027468
2012-03-30, 0.027474
2012-04-02, 0.027493
2012-04-03, 0.027498
2012-04-04, 0.027505
2012-04-05, 0.027509
2012-04-06, 0.027514
2012-04-09, 0.027531
2012-04-10, 0.027536
2012-04-11, 0.027543
2012-04-12, 0.027548
2012-04-13, 0.027554
2012-04-16, 0.027571
2012-04-17, 0.027576
2012-04-18, 0.027582
2012-04-19, 0.027588
2012-04-20, 0.027594
2012-04-24, 0.027617
2012-04-25, 0.027623
2012-04-26, 0.027630
2012-04-27, 0.027636
2012-04-30, 0.027653
2012-05-02, 0.027666
2012-05-03, 0.027673
2012-05-04, 0.027678
2012-05-07, 0.027693
2012-05-08, 0.027699
2012-05-09, 0.027705
2012-05-10, 0.027713
2012-05-11, 0.027717
2012-05-14, 0.027735
2012-05-15, 0.027740
2012-05-16, 0.027749
2012-05-17, 0.027751
2012-05-18, 0.027758
2012-05-21, 0.027776
2012-05-22, 0.027782
2012-05-23, 0.027788
2012-05-24, 0.027793
2012-05-25, 0.027800
2012-05-28, 0.027817
2012-05-29, 0.027823
2012-05-30, 0.027832
2012-05-31, 0.027835
2012-06-01, 0.027841
2012-06-04, 0.027859
2012-06-05, 0.027865
2012-06-06, 0.027873
2012-06-07, 0.027879
2012-06-08, 0.027886
2012-06-11, 0.027905
2012-06-12, 0.027913
2012-06-13, 0.027920
2012-06-14, 0.027926
2012-06-15, 0.027933
2012-06-18, 0.027953
2012-06-19, 0.027960
2012-06-20, 0.027967
2012-06-21, 0.027974
2012-06-22, 0.027980
2012-06-25, 0.028000
2012-06-26, 0.028006
2012-06-27, 0.028013
2012-06-28, 0.028020
2012-06-29, 0.028027
2012-07-02, 0.028045
2012-07-03, 0.028051
2012-07-04, 0.028059
2012-07-05, 0.028065
2012-07-06, 0.028074
2012-07-09, 0.028090
2012-07-10, 0.028097
2012-07-11, 0.028103
2012-07-12, 0.028108
2012-07-13, 0.028114
2012-07-16, 0.028131
2012-07-17, 0.028137
2012-07-18, 0.028143
2012-07-19, 0.028147
2012-07-20, 0.028153
2012-07-23, 0.028168
2012-07-24, 0.028173
2012-07-25, 0.028179
2012-07-26, 0.028185
2012-07-27, 0.028190
2012-07-30, 0.028207
2012-07-31, 0.028212
2012-08-01, 0.028217
2012-08-02, 0.028222
2012-08-03, 0.028227
2012-08-06, 0.028242
2012-08-07, 0.028249
2012-08-08, 0.028253
2012-08-09, 0.028256
2012-08-10, 0.028260
2012-08-13, 0.028272
2012-08-14, 0.028278
2012-08-15, 0.028282
2012-08-16, 0.028293
2012-08-17, 0.028299
2012-08-22, 0.028320
2012-08-23, 0.028327
2012-08-24, 0.028332
2012-08-27, 0.028344
2012-08-28, 0.028349
2012-08-29, 0.028354
2012-08-31, 0.028363
2012-09-03, 0.028375
2012-09-04, 0.028385
2012-09-05, 0.028389
2012-09-06, 0.028394
2012-09-07, 0.028398
2012-09-10, 0.028410
2012-09-11, 0.028414
2012-09-12, 0.028418
2012-09-13, 0.028422
2012-09-14, 0.028426
2012-09-17, 0.028439
2012-09-18, 0.028442
2012-09-19, 0.028445
2012-09-20, 0.028450
2012-09-21, 0.028454
2012-09-24, 0.028466
2012-09-25, 0.028470
2012-09-26, 0.028476
2012-09-27, 0.028480
2012-09-28, 0.028484
2012-10-01, 0.028496
2012-10-02, 0.028501
2012-10-03, 0.028505
2012-10-04, 0.028510
2012-10-05, 0.028514
2012-10-08, 0.028524
2012-10-09, 0.028528
2012-10-10, 0.028532
2012-10-11, 0.028536
2012-10-12, 0.028539
2012-10-15, 0.028549
2012-10-16, 0.028553
2012-10-17, 0.028557
2012-10-18, 0.028562
2012-10-19, 0.028567
2012-10-22, 0.028577
2012-10-23, 0.028581
2012-10-24, 0.028586
2012-10-30, 0.028608
2012-10-31, 0.028612
2012-11-01, 0.028616
2012-11-02, 0.028618
2012-11-05, 0.028629
2012-11-06, 0.028632
2012-11-07, 0.028635
2012-11-08, 0.028640
2012-11-09, 0.028647
2012-11-12, 0.028660
2012-11-13, 0.028665
2012-11-14, 0.028668
2012-11-15, 0.028672
2012-11-16, 0.028675
2012-11-19, 0.028685
2012-11-20, 0.028689
2012-11-21, 0.028692
2012-11-22, 0.028696
2012-11-23, 0.028705
2012-11-26, 0.028714
2012-11-27, 0.028718
2012-11-28, 0.028722
2012-11-29, 0.028726
2012-11-30, 0.028730
2012-12-03, 0.028739
2012-12-04, 0.028743
2012-12-05, 0.028746
2012-12-06, 0.028749
2012-12-07, 0.028752
2012-12-10, 0.028761
2012-12-11, 0.028765
2012-12-12, 0.028768
2012-12-13, 0.028771
2012-12-14, 0.028774
2012-12-17, 0.028784
2012-12-18, 0.028787
2012-12-19, 0.028790
2012-12-20, 0.028793
2012-12-21, 0.028796
2012-12-24, 0.028804
2012-12-25, 0.028807
2012-12-26, 0.028810
2012-12-27, 0.028814
2012-12-28, 0.028817
2012-12-31, 0.028826
2013-01-02, 0.028833
2013-01-03, 0.028838
2013-01-04, 0.028842
2013-01-07, 0.028854
2013-01-08, 0.028858
2013-01-09, 0.028864
2013-01-10, 0.028869
2013-01-11, 0.028873
2013-01-14, 0.028885
2013-01-15, 0.028890
2013-01-16, 0.028894
2013-01-17, 0.028898
2013-01-18, 0.028902
2013-01-21, 0.028915
2013-01-22, 0.028920
2013-01-23, 0.028924
2013-01-24, 0.028929
2013-01-25, 0.028935
2013-01-28, 0.028947
2013-01-29, 0.028951
2013-01-30, 0.028955
2013-01-31, 0.028960
2013-02-01, 0.028965
2013-02-04, 0.028980
2013-02-05, 0.028985
2013-02-06, 0.028989
2013-02-07, 0.028993
2013-02-08, 0.028997
2013-02-11, 0.029009
2013-02-12, 0.029013
2013-02-13, 0.029017
2013-02-14, 0.029021
2013-02-15, 0.029024
2013-02-18, 0.029036
2013-02-19, 0.029040
2013-02-20, 0.029044
2013-02-21, 0.029050
2013-02-22, 0.029055
2013-02-25, 0.029067
2013-02-26, 0.029070
2013-02-27, 0.029074
2013-02-28, 0.029078
2013-03-01, 0.029082
2013-03-04, 0.029094
2013-03-05, 0.029098
2013-03-06, 0.029102
2013-03-07, 0.029106
2013-03-08, 0.029110
2013-03-11, 0.029121
2013-03-12, 0.029125
2013-03-13, 0.029129
2013-03-14, 0.029133
2013-03-15, 0.029138
2013-03-18, 0.029150
2013-03-19, 0.029154
2013-03-20, 0.029158
2013-03-21, 0.029162
2013-03-22, 0.029166
2013-03-25, 0.029178
2013-03-26, 0.029182
2013-03-27, 0.029185
2013-03-28, 0.029188
2013-03-29, 0.029192
2013-04-01, 0.029203
2013-04-02, 0.029207
2013-04-03, 0.029211
2013-04-04, 0.029215
2013-04-05, 0.029221
2013-04-08, 0.029233
2013-04-09, 0.029237
2013-04-10, 0.029241
2013-04-11, 0.029245
2013-04-12, 0.029250
2013-04-15, 0.029263
2013-04-16, 0.029267
2013-04-17, 0.029271
2013-04-18, 0.029279
2013-04-19, 0.029283
2013-04-22, 0.029294
2013-04-24, 0.029302
2013-04-25, 0.029306
2013-04-26, 0.029311
2013-04-29, 0.029322
2013-04-30, 0.029326
2013-05-02, 0.029335
2013-05-03, 0.029338
2013-05-06, 0.029349
2013-05-07, 0.029352
2013-05-08, 0.029356
2013-05-09, 0.029361
2013-05-10, 0.029366
2013-05-13, 0.029376
2013-05-14, 0.029379
2013-05-15, 0.029383
2013-05-16, 0.029389
2013-05-17, 0.029395
2013-05-20, 0.029404
2013-05-21, 0.029408
2013-05-22, 0.029413
2013-05-23, 0.029416
2013-05-24, 0.029419
2013-05-27, 0.029428
2013-05-28, 0.029429
2013-05-29, 0.029432
2013-05-30, 0.029435
2013-05-31, 0.029439
2013-06-03, 0.029448
2013-06-04, 0.029450
2013-06-05, 0.029452
2013-06-06, 0.029459
2013-06-07, 0.029462
2013-06-10, 0.029470
2013-06-11, 0.029474
2013-06-12, 0.029475
2013-06-13, 0.029479
2013-06-14, 0.029483
2013-06-17, 0.029491
2013-06-18, 0.029495
2013-06-19, 0.029498
2013-06-20, 0.029500
2013-06-21, 0.029503
2013-06-24, 0.029514
2013-06-25, 0.029517
2013-06-26, 0.029521
2013-06-27, 0.029529
2013-06-28, 0.029534
2013-07-01, 0.029540
2013-07-02, 0.029546
2013-07-03, 0.029552
2013-07-04, 0.029554
2013-07-05, 0.029560
2013-07-08, 0.029568
2013-07-09, 0.029571
2013-07-10, 0.029573
2013-07-11, 0.029577
2013-07-12, 0.029580
2013-07-15, 0.029585
2013-07-16, 0.029591
2013-07-17, 0.029596
2013-07-18, 0.029603
2013-07-19, 0.029608
2013-07-22, 0.029621
2013-07-23, 0.029625
2013-07-24, 0.029629
2013-07-25, 0.029634
2013-07-26, 0.029631
2013-07-29, 0.029641
2013-07-30, 0.029646
2013-07-31, 0.029652
2013-08-01, 0.029655
2013-08-02, 0.029661
2013-08-05, 0.029676
2013-08-06, 0.029683
2013-08-07, 0.029689
2013-08-12, 0.029717
2013-08-13, 0.029723
2013-08-14, 0.029729
2013-08-15, 0.029733
2013-08-16, 0.029739
2013-08-19, 0.029755
2013-08-20, 0.029760
2013-08-21, 0.029764
2013-08-22, 0.029770
2013-08-23, 0.029774
2013-08-26, 0.029784
2013-08-27, 0.029788
2013-08-28, 0.029794
2013-08-29, 0.029800
2013-09-02, 0.029823
2013-09-03, 0.029830
2013-09-04, 0.029835
2013-09-05, 0.029841
2013-09-06, 0.029847
2013-09-09, 0.029864
2013-09-10, 0.029872
2013-09-11, 0.029878
2013-09-12, 0.029888
2013-09-13, 0.029896
2013-09-16, 0.029913
2013-09-17, 0.029920
2013-09-18, 0.029926
2013-09-19, 0.029935
2013-09-20, 0.029946
2013-09-23, 0.029962
2013-09-24, 0.029969
2013-09-25, 0.029976
2013-09-26, 0.029982
2013-09-27, 0.029987
2013-09-30, 0.030001
2013-10-01, 0.030005
2013-10-02, 0.030013
2013-10-03, 0.030021
2013-10-04, 0.030027
2013-10-07, 0.030043
2013-10-08, 0.030050
2013-10-09, 0.030057
2013-10-10, 0.030065
2013-10-11, 0.030070
2013-10-14, 0.030086
2013-10-21, 0.030123
2013-10-22, 0.030130
2013-10-23, 0.030134
2013-10-24, 0.030139
2013-10-25, 0.030145
2013-10-28, 0.030161
2013-10-30, 0.030171
2013-10-31, 0.030177
2013-11-01, 0.030182
2013-11-04, 0.030195
2013-11-05, 0.030199
2013-11-06, 0.030204
2013-11-07, 0.030209
2013-11-08, 0.030214
2013-11-11, 0.030230
2013-11-12, 0.030231
2013-11-13, 0.030234
2013-11-14, 0.030238
2013-11-15, 0.030245
2013-11-18, 0.030260
2013-11-19, 0.030266
2013-11-20, 0.030271
2013-11-21, 0.030274
2013-11-22, 0.030279
2013-11-25, 0.030293
2013-11-26, 0.030301
2013-11-27, 0.030307
2013-11-28, 0.030312
2013-11-29, 0.030318
2013-12-02, 0.030336
2013-12-03, 0.030343
2013-12-04, 0.030349
2013-12-05, 0.030355
2013-12-06, 0.030360
2013-12-09, 0.030376
2013-12-10, 0.030382
2013-12-11, 0.030387
2013-12-12, 0.030392
2013-12-13, 0.030398
2013-12-16, 0.030414
2013-12-17, 0.030421
2013-12-18, 0.030427
2013-12-19, 0.030432
2013-12-20, 0.030438
2013-12-23, 0.030454
2013-12-24, 0.030459
2013-12-25, 0.030465
2013-12-26, 0.030471
2013-12-27, 0.030476
2013-12-30, 0.030489
2013-12-31, 0.030494
2014-01-02, 0.030506
2014-01-03, 0.030511
2014-01-06, 0.030530
2014-01-07, 0.030536
2014-01-08, 0.030542
2014-01-09, 0.030565
2014-01-10, 0.030571
2014-01-13, 0.030589
2014-01-14, 0.030595
2014-01-15, 0.030601
2014-01-16, 0.030607
2014-01-17, 0.030612
2014-01-20, 0.030631
2014-01-21, 0.030637
2014-01-22, 0.030643
2014-01-23, 0.030650
2014-01-24, 0.030656
2014-01-27, 0.030672
2014-01-28, 0.030678
2014-01-29, 0.030682
2014-01-30, 0.030688
2014-01-31, 0.030693
2014-02-03, 0.030706
2014-02-04, 0.030712
2014-02-05, 0.030719
2014-02-06, 0.030726
2014-02-07, 0.030734
2014-02-10, 0.030753
2014-02-11, 0.030760
2014-02-12, 0.030767
2014-02-13, 0.030774
2014-02-14, 0.030781
2014-02-17, 0.030807
2014-02-18, 0.030815
2014-02-19, 0.030823
2014-02-20, 0.030831
2014-02-21, 0.030838
2014-02-24, 0.030862
2014-02-25, 0.030870
2014-02-26, 0.030879
2014-02-27, 0.030887
2014-02-28, 0.030895
2014-03-03, 0.030920
2014-03-04, 0.030928
2014-03-05, 0.030938
2014-03-06, 0.030947
2014-03-07, 0.030955
2014-03-10, 0.030978
2014-03-11, 0.030985
2014-03-12, 0.030993
2014-03-13, 0.030999
2014-03-14, 0.031008
2014-03-17, 0.031030
2014-03-18, 0.031038
2014-03-19, 0.031047
2014-03-20, 0.031059
2014-03-21, 0.031067
2014-03-24, 0.031093
2014-03-25, 0.031101
2014-03-26, 0.031110
2014-03-27, 0.031119
2014-03-28, 0.031128
2014-03-31, 0.031153
2014-04-01, 0.031163
2014-04-02, 0.031173
2014-04-03, 0.031182
2014-04-04, 0.031191
2014-04-07, 0.031217
2014-04-08, 0.031228
2014-04-09, 0.031240
2014-04-10, 0.031253
2014-04-11, 0.031264
2014-04-14, 0.031288
2014-04-15, 0.031295
2014-04-16, 0.031305
2014-04-17, 0.031314
2014-04-18, 0.031323
2014-04-21, 0.031350
2014-04-22, 0.031361
2014-04-24, 0.031376
2014-04-25, 0.031384
2014-04-28, 0.031408
2014-04-29, 0.031418
2014-04-30, 0.031426
2014-05-02, 0.031442
2014-05-05, 0.031467
2014-05-06, 0.031474
2014-05-07, 0.031484
2014-05-08, 0.031491
2014-05-09, 0.031501
2014-05-12, 0.031524
2014-05-13, 0.031532
2014-05-14, 0.031540
2014-05-15, 0.031549
2014-05-16, 0.031557
2014-05-20, 0.031588
2014-05-21, 0.031595
2014-05-22, 0.031604
2014-05-23, 0.031612
2014-05-26, 0.031634
2014-05-27, 0.031643
2014-05-28, 0.031651
2014-05-29, 0.031658
2014-05-30, 0.031667
2014-06-02, 0.031693
2014-06-03, 0.031701
2014-06-04, 0.031710
2014-06-05, 0.031719
2014-06-06, 0.031727
2014-06-09, 0.031751
2014-06-10, 0.031762
2014-06-11, 0.031772
2014-06-12, 0.031783
2014-06-13, 0.031791
2014-06-16, 0.031810
2014-06-17, 0.031816
2014-06-18, 0.031824
2014-06-19, 0.031832
2014-06-20, 0.031839
2014-06-23, 0.031860
2014-06-24, 0.031867
2014-06-25, 0.031874
2014-06-26, 0.031881
2014-06-27, 0.031888
2014-06-30, 0.031908
2014-07-01, 0.031915
2014-07-02, 0.031922
2014-07-03, 0.031929
2014-07-04, 0.031935
2014-07-07, 0.031956
2014-07-08, 0.031964
2014-07-09, 0.031970
2014-07-10, 0.031977
2014-07-11, 0.031983
2014-07-14, 0.032003
2014-07-15, 0.032011
2014-07-16, 0.032017
2014-07-17, 0.032025
2014-07-18, 0.032033
2014-07-21, 0.032053
2014-07-22, 0.032059
2014-07-23, 0.032066
2014-07-24, 0.032073
2014-07-25, 0.032080
2014-07-31, 0.032120
2014-08-01, 0.032127
2014-08-04, 0.032147
2014-08-05, 0.032153
2014-08-06, 0.032159
2014-08-07, 0.032164
2014-08-08, 0.032171
2014-08-11, 0.032190
2014-08-12, 0.032196
2014-08-13, 0.032203
2014-08-14, 0.032209
2014-08-15, 0.032216
2014-08-18, 0.032236
2014-08-19, 0.032242
2014-08-20, 0.032249
2014-08-21, 0.032256
2014-08-22, 0.032263
2014-08-25, 0.032283
2014-08-26, 0.032289
2014-08-27, 0.032296
2014-08-28, 0.032303
2014-08-29, 0.032309
2014-09-01, 0.032329
2014-09-02, 0.032336
2014-09-03, 0.032342
2014-09-04, 0.032349
2014-09-05, 0.032356
2014-09-08, 0.032375
2014-09-09, 0.032382
2014-09-10, 0.032388
2014-09-11, 0.032395
2014-09-12, 0.032402
2014-09-15, 0.032421
2014-09-16, 0.032428
2014-09-17, 0.032435
2014-09-18, 0.032442
2014-09-19, 0.032449
2014-09-22, 0.032470
2014-09-23, 0.032477
2014-09-24, 0.032485
2014-09-25, 0.032492
2014-09-26, 0.032499
2014-09-29, 0.032521
2014-09-30, 0.032528
2014-10-01, 0.032535
2014-10-02, 0.032542
2014-10-03, 0.032549
2014-10-08, 0.032586
2014-10-09, 0.032593
2014-10-10, 0.032600
2014-10-13, 0.032623
2014-10-14, 0.032630
2014-10-15, 0.032638
2014-10-16, 0.032645
2014-10-17, 0.032652
2014-10-20, 0.032675
2014-10-21, 0.032683
2014-10-22, 0.032691
2014-10-23, 0.032698
2014-10-24, 0.032707
2014-10-27, 0.032732
2014-10-28, 0.032740
2014-10-30, 0.032755
2014-10-31, 0.032765
2014-11-03, 0.032789
2014-11-04, 0.032796
2014-11-05, 0.032805
2014-11-06, 0.032812
2014-11-07, 0.032822
2014-11-10, 0.032844
2014-11-11, 0.032856
2014-11-12, 0.032863
2014-11-13, 0.032870
2014-11-14, 0.032878
2014-11-17, 0.032900
2014-11-18, 0.032908
2014-11-19, 0.032915
2014-11-20, 0.032922
2014-11-21, 0.032930
2014-11-24, 0.032954
2014-11-25, 0.032960
2014-11-26, 0.032965
2014-11-27, 0.032975
2014-11-28, 0.032982
2014-12-01, 0.032998
2014-12-02, 0.033009
2014-12-03, 0.033016
2014-12-04, 0.033024
2014-12-05, 0.033033
2014-12-08, 0.033053
2014-12-09, 0.033063
2014-12-10, 0.033071
2014-12-11, 0.033077
2014-12-12, 0.033085
2014-12-15, 0.033107
2014-12-16, 0.033115
2014-12-17, 0.033123
2014-12-18, 0.033129
2014-12-19, 0.033137
2014-12-22, 0.033158
2014-12-23, 0.033166
2014-12-24, 0.033171
2014-12-25, 0.033179
2014-12-26, 0.033188
2014-12-29, 0.033203
2014-12-30, 0.033211
2014-12-31, 0.033219
2015-01-02, 0.033233
2015-01-05, 0.033256
2015-01-06, 0.033266
2015-01-07, 0.033275
2015-01-08, 0.033285
2015-01-09, 0.033293
2015-01-12, 0.033319
2015-01-13, 0.033330
2015-01-14, 0.033337
2015-01-15, 0.033344
2015-01-16, 0.033351
2015-01-19, 0.033373
2015-01-20, 0.033381
2015-01-21, 0.033389
2015-01-22, 0.033396
2015-01-23, 0.033404
2015-01-26, 0.033426
2015-01-27, 0.033434
2015-01-28, 0.033443
2015-01-29, 0.033451
2015-01-30, 0.033459
2015-02-02, 0.033482
2015-02-03, 0.033489
2015-02-04, 0.033496
2015-02-05, 0.033503
2015-02-06, 0.033510
2015-02-09, 0.033533
2015-02-10, 0.033540
2015-02-11, 0.033547
2015-02-12, 0.033552
2015-02-13, 0.033559
2015-02-16, 0.033583
2015-02-17, 0.033591
2015-02-18, 0.033599
2015-02-19, 0.033606
2015-02-20, 0.033614
2015-02-23, 0.033637
2015-02-24, 0.033644
2015-02-25, 0.033653
2015-02-26, 0.033661
2015-02-27, 0.033668
2015-03-02, 0.033690
2015-03-03, 0.033698
2015-03-04, 0.033706
2015-03-05, 0.033714
2015-03-06, 0.033721
2015-03-09, 0.033743
2015-03-10, 0.033750
2015-03-11, 0.033758
2015-03-12, 0.033765
2015-03-13, 0.033773
2015-03-16, 0.033795
2015-03-17, 0.033803
2015-03-18, 0.033812
2015-03-19, 0.033820
2015-03-20, 0.033828
2015-03-23, 0.033852
2015-03-24, 0.033860
2015-03-25, 0.033868
2015-03-26, 0.033876
2015-03-27, 0.033884
2015-03-30, 0.033908
2015-03-31, 0.033916
2015-04-01, 0.033924
2015-04-02, 0.033932
2015-04-03, 0.033940
2015-04-06, 0.033964
2015-04-07, 0.033972
2015-04-08, 0.033980
2015-04-09, 0.033988
2015-04-10, 0.033996
2015-04-13, 0.034021
2015-04-14, 0.034029
2015-04-15, 0.034037
2015-04-16, 0.034045
2015-04-17, 0.034054
2015-04-20, 0.034078
2015-04-21, 0.034086
2015-04-22, 0.034094
2015-04-24, 0.034111
2015-04-27, 0.034136
2015-04-28, 0.034144
2015-04-29, 0.034152
2015-04-30, 0.034161
2015-05-04, 0.034193
2015-05-05, 0.034202
2015-05-06, 0.034210
2015-05-07, 0.034219
2015-05-08, 0.034227
2015-05-11, 0.034252
2015-05-12, 0.034260
2015-05-13, 0.034269
2015-05-14, 0.034277
2015-05-15, 0.034286
2015-05-18, 0.034312
2015-05-20, 0.034330
2015-05-21, 0.034339
2015-05-22, 0.034348
2015-05-25, 0.034373
2015-05-26, 0.034381
2015-05-27, 0.034390
2015-05-28, 0.034399
2015-05-29, 0.034407
2015-06-01, 0.034433
2015-06-02, 0.034442
2015-06-03, 0.034450
2015-06-04, 0.034459
2015-06-05, 0.034468
2015-06-08, 0.034493
2015-06-09, 0.034502
2015-06-10, 0.034510
2015-06-11, 0.034519
2015-06-12, 0.034527
2015-06-15, 0.034553
2015-06-16, 0.034561
2015-06-17, 0.034570
2015-06-18, 0.034579
2015-06-19, 0.034588
2015-06-22, 0.034614
2015-06-23, 0.034622
2015-06-24, 0.034631
2015-06-25, 0.034640
2015-06-26, 0.034648
2015-06-29, 0.034676
2015-06-30, 0.034686
2015-07-01, 0.034694
2015-07-02, 0.034703
2015-07-03, 0.034712
2015-07-06, 0.034738
2015-07-07, 0.034747
2015-07-08, 0.034756
2015-07-09, 0.034765
2015-07-10, 0.034774
2015-07-13, 0.034800
2015-07-14, 0.034808
2015-07-15, 0.034817
2015-07-16, 0.034826
2015-07-20, 0.034861
2015-07-21, 0.034870
2015-07-22, 0.034879
2015-07-23, 0.034888
2015-07-24, 0.034896
2015-07-27, 0.034923
2015-07-28, 0.034931
2015-07-29, 0.034940
2015-07-30, 0.034949
2015-07-31, 0.034958
2015-08-03, 0.034984
2015-08-04, 0.034993
2015-08-05, 0.035002
2015-08-06, 0.035011
2015-08-07, 0.035020
2015-08-10, 0.035047
2015-08-11, 0.035056
2015-08-12, 0.035065
2015-08-13, 0.035073
2015-08-14, 0.035082
2015-08-17, 0.035109
2015-08-18, 0.035118
2015-08-19, 0.035127
2015-08-20, 0.035136
2015-08-21, 0.035144
2015-08-24, 0.035172
2015-08-25, 0.035181
2015-08-26, 0.035190
2015-08-27, 0.035199
2015-08-28, 0.035208
2015-08-31, 0.035235
2015-09-01, 0.035245
2015-09-02, 0.035254
2015-09-03, 0.035263
2015-09-04, 0.035272
2015-09-07, 0.035300
2015-09-08, 0.035309
2015-09-09, 0.035318
2015-09-10, 0.035327
2015-09-11, 0.035337
2015-09-14, 0.035364
2015-09-15, 0.035373
2015-09-16, 0.035383
2015-09-17, 0.035393
2015-09-18, 0.035402
2015-09-21, 0.035431
2015-09-22, 0.035440
2015-09-23, 0.035450
2015-09-28, 0.035497
2015-09-29, 0.035506
2015-09-30, 0.035515
2015-10-01, 0.035525
2015-10-02, 0.035534
2015-10-05, 0.035563
2015-10-06, 0.035573
2015-10-07, 0.035583
2015-10-08, 0.035592
2015-10-09, 0.035602
2015-10-12, 0.035631
2015-10-13, 0.035640
2015-10-14, 0.035651
2015-10-15, 0.035660
2015-10-16, 0.035671
2015-10-19, 0.035700
2015-10-20, 0.035710
2015-10-21, 0.035720
2015-10-22, 0.035730
2015-10-23, 0.035740
2015-10-26, 0.035769
2015-10-27, 0.035778
2015-10-28, 0.035788
2015-10-30, 0.035808
2015-11-02, 0.035837
2015-11-03, 0.035846
2015-11-04, 0.035857
2015-11-05, 0.035867
2015-11-06, 0.035877
2015-11-09, 0.035905
2015-11-10, 0.035915
2015-11-11, 0.035925
2015-11-12, 0.035935
2015-11-13, 0.035944
2015-11-16, 0.035973
2015-11-17, 0.035983
2015-11-18, 0.035993
2015-11-19, 0.036004
2015-11-20, 0.036013
2015-11-23, 0.036042
2015-11-24, 0.036052
2015-11-25, 0.036062
2015-11-26, 0.036072
2015-11-27, 0.036082
2015-11-30, 0.036111
2015-12-01, 0.036121
2015-12-02, 0.036131
2015-12-03, 0.036141
2015-12-04, 0.036151
2015-12-07, 0.036180
2015-12-08, 0.036190
2015-12-09, 0.036200
2015-12-10, 0.036210
2015-12-11, 0.036219
2015-12-14, 0.036249
2015-12-15, 0.036259
2015-12-16, 0.036269
2015-12-17, 0.036279
2015-12-18, 0.036289
2015-12-21, 0.036320
2015-12-22, 0.036330
2015-12-23, 0.036339
2015-12-24, 0.036349
2015-12-25, 0.036359
2015-12-28, 0.036389
2015-12-29, 0.036399
2015-12-30, 0.036409
2015-12-31, 0.036419
2016-01-05, 0.036471
2016-01-06, 0.036481
2016-01-07, 0.036492
2016-01-08, 0.036502
2016-01-11, 0.036532
2016-01-12, 0.036544
2016-01-13, 0.036554
2016-01-14, 0.036564
2016-01-15, 0.036575
2016-01-18, 0.036605
2016-01-19, 0.036617
2016-01-20, 0.036627
2016-01-21, 0.036637
2016-01-22, 0.036647
2016-01-25, 0.036678
2016-01-26, 0.036689
2016-01-27, 0.036699
2016-01-28, 0.036709
2016-01-29, 0.036720
2016-02-01, 0.036750
2016-02-02, 0.036761
2016-02-03, 0.036771
2016-02-04, 0.036782
2016-02-05, 0.036792
2016-02-08, 0.036823
2016-02-09, 0.036834
2016-02-10, 0.036844
2016-02-11, 0.036854
2016-02-12, 0.036864
2016-02-15, 0.036896
2016-02-16, 0.036906
2016-02-17, 0.036916
2016-02-18, 0.036927
2016-02-19, 0.036937
2016-02-22, 0.036968
2016-02-23, 0.036978
2016-02-24, 0.036988
2016-02-25, 0.036999
2016-02-26, 0.037010
2016-02-29, 0.037041
2016-03-01, 0.037052
2016-03-02, 0.037062
2016-03-03, 0.037072
2016-03-04, 0.037083
2016-03-07, 0.037114
2016-03-08, 0.037124
2016-03-09, 0.037136
2016-03-10, 0.037146
2016-03-11, 0.037157
2016-03-14, 0.037189
2016-03-15, 0.037199
2016-03-16, 0.037210
2016-03-17, 0.037221
2016-03-18, 0.037232
2016-03-21, 0.037263
2016-03-22, 0.037274
2016-03-23, 0.037284
2016-03-24, 0.037295
2016-03-25, 0.037305
2016-03-28, 0.037337
2016-03-29, 0.037347
2016-03-30, 0.037358
2016-03-31, 0.037368
2016-04-01, 0.037379
2016-04-04, 0.037411
2016-04-05, 0.037423
2016-04-06, 0.037435
2016-04-07, 0.037445
2016-04-08, 0.037456
2016-04-11, 0.037489
2016-04-12, 0.037500
2016-04-13, 0.037513
2016-04-14, 0.037526
2016-04-15, 0.037536
2016-04-18, 0.037568
2016-04-19, 0.037579
2016-04-20, 0.037590
2016-04-21, 0.037600
2016-04-22, 0.037615
2016-04-25, 0.037646
2016-04-26, 0.037656
2016-04-27, 0.037666
2016-04-28, 0.037676
2016-04-29, 0.037686
2016-05-02, 0.037717
2016-05-03, 0.037726
2016-05-04, 0.037737
2016-05-05, 0.037746
2016-05-06, 0.037757
2016-05-09, 0.037787
2016-05-10, 0.037797
2016-05-11, 0.037807
2016-05-12, 0.037817
2016-05-13, 0.037827
2016-05-16, 0.037855
2016-05-17, 0.037865
2016-05-18, 0.037876
2016-05-20, 0.037896
2016-05-23, 0.037926
2016-05-24, 0.037935
2016-05-25, 0.037945
2016-05-26, 0.037956
2016-05-27, 0.037965
2016-05-30, 0.037995
2016-05-31, 0.038005
2016-06-01, 0.038014
2016-06-02, 0.038024
2016-06-03, 0.038034
2016-06-06, 0.038063
2016-06-07, 0.038074
2016-06-08, 0.038083
2016-06-09, 0.038093
2016-06-10, 0.038102
2016-06-13, 0.038132
2016-06-14, 0.038142
2016-06-15, 0.038152
2016-06-16, 0.038161
2016-06-17, 0.038172
2016-06-20, 0.038201
2016-06-21, 0.038211
2016-06-22, 0.038222
2016-06-23, 0.038231
2016-06-24, 0.038241
2016-06-27, 0.038270
2016-06-28, 0.038280
2016-06-29, 0.038289
2016-06-30, 0.038299
2016-07-01, 0.038309
2016-07-04, 0.038338
2016-07-08, 0.038377
2016-07-11, 0.038405
2016-07-12, 0.038415
2016-07-13, 0.038425
2016-07-14, 0.038435
2016-07-15, 0.038445
2016-07-18, 0.038473
2016-07-19, 0.038483
2016-07-20, 0.038492
2016-07-21, 0.038501
2016-07-22, 0.038510
2016-07-25, 0.038539
2016-07-26, 0.038549
2016-07-27, 0.038558
2016-07-28, 0.038567
2016-07-29, 0.038577
2016-08-01, 0.038605
2016-08-02, 0.038614
2016-08-03, 0.038623
2016-08-04, 0.038633
2016-08-05, 0.038642
2016-08-08, 0.038670
2016-08-09, 0.038680
2016-08-10, 0.038689
2016-08-11, 0.038699
2016-08-12, 0.038708
2016-08-15, 0.038737
2016-08-16, 0.038746
2016-08-17, 0.038756
2016-08-18, 0.038765
2016-08-19, 0.038775
2016-08-22, 0.038803
2016-08-23, 0.038812
2016-08-24, 0.038822
2016-08-25, 0.038832
2016-08-26, 0.038841
2016-08-29, 0.038870
2016-08-31, 0.038889
2016-09-01, 0.038898
2016-09-02, 0.038908
2016-09-05, 0.038936
2016-09-06, 0.038946
2016-09-07, 0.038955
2016-09-08, 0.038965
2016-09-09, 0.038974
2016-09-16, 0.039040
2016-09-19, 0.039068
2016-09-20, 0.039077
2016-09-21, 0.039087
2016-09-22, 0.039096
2016-09-23, 0.039105
2016-09-26, 0.039133
2016-09-27, 0.039143
2016-09-28, 0.039152
2016-09-29, 0.039161
2016-09-30, 0.039171
2016-10-03, 0.039198
2016-10-04, 0.039207
2016-10-05, 0.039217
2016-10-06, 0.039226
2016-10-07, 0.039235
2016-10-10, 0.039263
2016-10-11, 0.039272
2016-10-12, 0.039280
2016-10-13, 0.039291
2016-10-14, 0.039300
2016-10-17, 0.039328
2016-10-18, 0.039337
2016-10-19, 0.039347
2016-10-20, 0.039356
2016-10-21, 0.039366
2016-10-24, 0.039394
2016-10-25, 0.039403
2016-10-26, 0.039413
2016-10-27, 0.039424
2016-10-28, 0.039434
2016-10-31, 0.039462
2016-11-01, 0.039471
2016-11-02, 0.039480
2016-11-03, 0.039490
2016-11-04, 0.039499
2016-11-07, 0.039526
2016-11-08, 0.039537
2016-11-09, 0.039546
2016-11-10, 0.039555
2016-11-11, 0.039564
2016-11-14, 0.039592
2016-11-15, 0.039601
2016-11-16, 0.039610
2016-11-17, 0.039619
2016-11-18, 0.039628
2016-11-21, 0.039655
2016-11-22, 0.039664
2016-11-23, 0.039673
2016-11-24, 0.039682
2016-11-25, 0.039691
2016-11-28, 0.039718
2016-11-29, 0.039727
2016-11-30, 0.039736
2016-12-01, 0.039745
2016-12-02, 0.039755
2016-12-05, 0.039782
2016-12-06, 0.039791
2016-12-07, 0.039801
2016-12-08, 0.039810
2016-12-09, 0.039819
2016-12-12, 0.039846
2016-12-13, 0.039855
2016-12-14, 0.039864
2016-12-15, 0.039873
2016-12-16, 0.039883
2016-12-19, 0.039909
2016-12-20, 0.039918
2016-12-21, 0.039927
2016-12-22, 0.039937
2016-12-23, 0.039946
2016-12-26, 0.039974
2016-12-27, 0.039983
2016-12-28, 0.039992
2016-12-29, 0.040002
2016-12-30, 0.040011
2017-01-02, 0.040037
2017-01-03, 0.040047
2017-01-04, 0.040056
2017-01-05, 0.040066
2017-01-06, 0.040075
2017-01-09, 0.040104
2017-01-10, 0.040113
2017-01-11, 0.040123
2017-01-12, 0.040133
2017-01-13, 0.040143
2017-01-16, 0.040172
2017-01-17, 0.040182
2017-01-18, 0.040192
2017-01-19, 0.040202
2017-01-20, 0.040212
2017-01-23, 0.040242
2017-01-24, 0.040252
2017-01-25, 0.040262
2017-01-26, 0.040272
2017-01-27, 0.040282
2017-01-30, 0.040313
2017-01-31, 0.040323
2017-02-01, 0.040333
2017-02-02, 0.040343
2017-02-03, 0.040354
2017-02-06, 0.040385
2017-02-07, 0.040396
2017-02-08, 0.040406
2017-02-09, 0.040417
2017-02-10, 0.040428
2017-02-13, 0.040459
2017-02-14, 0.040470
2017-02-15, 0.040480
2017-02-16, 0.040493
2017-02-17, 0.040503
2017-02-20, 0.040536
2017-02-21, 0.040546
2017-02-22, 0.040557
2017-02-23, 0.040568
2017-02-24, 0.040578
2017-02-27, 0.040611
2017-02-28, 0.040622
2017-03-01, 0.040632
2017-03-02, 0.040643
2017-03-03, 0.040654
2017-03-06, 0.040687
2017-03-07, 0.040698
2017-03-08, 0.040708
2017-03-09, 0.040719
2017-03-10, 0.040730
2017-03-13, 0.040762
2017-03-14, 0.040773
2017-03-15, 0.040784
2017-03-16, 0.040795
2017-03-17, 0.040806
2017-03-20, 0.040838
2017-03-21, 0.040849
2017-03-22, 0.040861
2017-03-23, 0.040872
2017-03-24, 0.040884
2017-03-27, 0.040918
2017-03-28, 0.040930
2017-03-29, 0.040942
2017-03-30, 0.040953
2017-03-31, 0.040965
2017-04-03, 0.041000
2017-04-04, 0.041012
2017-04-05, 0.041024
2017-04-06, 0.041035
2017-04-07, 0.041044
2017-04-10, 0.041080
2017-04-11, 0.041092
2017-04-12, 0.041103
2017-04-13, 0.041115
2017-04-14, 0.041127
2017-04-17, 0.041164
2017-04-18, 0.041176
2017-04-19, 0.041188
2017-04-20, 0.041200
2017-04-21, 0.041213
2017-04-24, 0.041250
2017-04-25, 0.041262
2017-04-26, 0.041275
2017-04-27, 0.041287
2017-04-28, 0.041300
2017-05-02, 0.041349
2017-05-03, 0.041362
2017-05-04, 0.041374
2017-05-05, 0.041387
2017-05-08, 0.041426
2017-05-09, 0.041439
2017-05-10, 0.041452
2017-05-11, 0.041465
2017-05-12, 0.041478
2017-05-15, 0.041517
2017-05-16, 0.041531
2017-05-17, 0.041543
2017-05-18, 0.041557
2017-05-22, 0.041610
2017-05-23, 0.041623
2017-05-24, 0.041636
2017-05-25, 0.041650
2017-05-26, 0.041663
2017-05-29, 0.041704
2017-05-30, 0.041717
2017-05-31, 0.041731
2017-06-01, 0.041744
2017-06-02, 0.041758
2017-06-05, 0.041798
2017-06-06, 0.041811
2017-06-07, 0.041825
2017-06-08, 0.041838
2017-06-09, 0.041852
2017-06-12, 0.041893
2017-06-13, 0.041906
2017-06-14, 0.041920
2017-06-15, 0.041933
2017-06-16, 0.041947
2017-06-19, 0.041988
2017-06-20, 0.042002
2017-06-21, 0.042016
2017-06-22, 0.042029
2017-06-23, 0.042043
2017-06-28, 0.042113
2017-06-29, 0.042127
2017-06-30, 0.042141
2017-07-03, 0.042184
2017-07-04, 0.042198
2017-07-05, 0.042212
2017-07-06, 0.042226
2017-07-07, 0.042241
2017-07-10, 0.042284
2017-07-11, 0.042298
2017-07-12, 0.042312
2017-07-13, 0.042326
2017-07-14, 0.042341
2017-07-17, 0.042384
2017-07-18, 0.042398
2017-07-19, 0.042412
2017-07-20, 0.042427
2017-07-21, 0.042441
2017-07-24, 0.042485
2017-07-25, 0.042499
2017-07-26, 0.042514
2017-07-27, 0.042528
2017-07-28, 0.042543
2017-07-31, 0.042586
2017-08-01, 0.042600
2017-08-02, 0.042614
2017-08-03, 0.042629
2017-08-04, 0.042643
2017-08-07, 0.042685
2017-08-08, 0.042700
2017-08-09, 0.042714
2017-08-10, 0.042728
2017-08-11, 0.042742
2017-08-14, 0.042785
2017-08-15, 0.042800
2017-08-16, 0.042814
2017-08-17, 0.042829
2017-08-18, 0.042843
2017-08-21, 0.042886
2017-08-22, 0.042901
2017-08-23, 0.042915
2017-08-24, 0.042929
2017-08-25, 0.042944
2017-08-28, 0.042987
2017-08-29, 0.043002
2017-08-31, 0.043031
2017-09-05, 0.043103
2017-09-06, 0.043118
2017-09-07, 0.043133
2017-09-08, 0.043147
2017-09-11, 0.043191
2017-09-12, 0.043206
2017-09-13, 0.043220
2017-09-14, 0.043235
2017-09-15, 0.043250
2017-09-18, 0.043294
2017-09-19, 0.043308
2017-09-20, 0.043323
2017-09-21, 0.043338
2017-09-22, 0.043352
2017-09-25, 0.043396
2017-09-26, 0.043411
2017-09-27, 0.043426
2017-09-28, 0.043440
2017-09-29, 0.043455
2017-10-02, 0.043499
2017-10-03, 0.043514
2017-10-04, 0.043529
2017-10-05, 0.043543
2017-10-06, 0.043558
2017-10-09, 0.043602
2017-10-10, 0.043617
2017-10-11, 0.043632
2017-10-12, 0.043647
2017-10-13, 0.043661
2017-10-16, 0.043705
2017-10-17, 0.043720
2017-10-18, 0.043735
2017-10-19, 0.043750
2017-10-20, 0.043764
2017-10-23, 0.043809
2017-10-24, 0.043824
2017-10-25, 0.043838
2017-10-26, 0.043853
2017-10-27, 0.043868
2017-10-30, 0.043912
2017-10-31, 0.043927
2017-11-01, 0.043942
2017-11-02, 0.043957
2017-11-03, 0.043971
2017-11-06, 0.044016
2017-11-07, 0.044030
2017-11-09, 0.044060
2017-11-10, 0.044075
2017-11-13, 0.044120
2017-11-14, 0.044134
2017-11-15, 0.044149
2017-11-17, 0.044179
2017-11-20, 0.044223
2017-11-21, 0.044238
2017-11-22, 0.044253
2017-11-23, 0.044268
2017-11-24, 0.044283
2017-11-27, 0.044327
2017-11-28, 0.044342
2017-11-29, 0.044357
2017-11-30, 0.044372
2017-12-01, 0.044386
2017-12-04, 0.044431
2017-12-05, 0.044446
2017-12-06, 0.044461
2017-12-07, 0.044476
2017-12-08, 0.044491
2017-12-11, 0.044535
2017-12-12, 0.044550
2017-12-13, 0.044565
2017-12-14, 0.044579
2017-12-15, 0.044594
2017-12-18, 0.044639
2017-12-19, 0.044655
2017-12-20, 0.044670
2017-12-21, 0.044686
2017-12-22, 0.044702
2017-12-25, 0.044748
2017-12-26, 0.044764
2017-12-27, 0.044779
2017-12-28, 0.044795
2017-12-29, 0.044810
2018-01-02, 0.044869
2018-01-03, 0.044885
2018-01-04, 0.044902
2018-01-05, 0.044917
2018-01-08, 0.044964
2018-01-09, 0.044980
2018-01-10, 0.044997
2018-01-11, 0.045012
2018-01-12, 0.045028
2018-01-15, 0.045076
2018-01-16, 0.045092
2018-01-17, 0.045108
2018-01-18, 0.045124
2018-01-19, 0.045139
2018-01-22, 0.045187
2018-01-23, 0.045202
2018-01-24, 0.045218
2018-01-25, 0.045234
2018-01-26, 0.045250
2018-01-29, 0.045297
2018-01-30, 0.045313
2018-01-31, 0.045329
2018-02-01, 0.045345
2018-02-02, 0.045360
2018-02-05, 0.045407
2018-02-06, 0.045422
2018-02-07, 0.045438
2018-02-08, 0.045454
2018-02-09, 0.045469
2018-02-12, 0.045516
2018-02-13, 0.045531
2018-02-14, 0.045547
2018-02-15, 0.045563
2018-02-16, 0.045579
2018-02-19, 0.045625
2018-02-20, 0.045641
2018-02-21, 0.045656
2018-02-22, 0.045672
2018-02-23, 0.045687
2018-02-26, 0.045734
2018-02-27, 0.045749
2018-02-28, 0.045765
2018-03-01, 0.045780
2018-03-02, 0.045796
2018-03-05, 0.045843
2018-03-06, 0.045858
2018-03-07, 0.045874
2018-03-08, 0.045890
2018-03-09, 0.045906
2018-03-12, 0.045953
2018-03-13, 0.045969
2018-03-14, 0.045984
2018-03-15, 0.046000
2018-03-16, 0.046016
2018-03-19, 0.046063
2018-03-20, 0.046079
2018-03-21, 0.046095
2018-03-22, 0.046111
2018-03-23, 0.046127
2018-03-26, 0.046173
2018-03-27, 0.046189
2018-03-28, 0.046205
2018-03-29, 0.046220
2018-03-30, 0.046236
2018-04-02, 0.046283
2018-04-03, 0.046299
2018-04-04, 0.046316
2018-04-05, 0.046332
2018-04-06, 0.046347
2018-04-09, 0.046395
2018-04-10, 0.046411
2018-04-11, 0.046427
2018-04-12, 0.046443
2018-04-13, 0.046459
2018-04-16, 0.046507
2018-04-17, 0.046523
2018-04-18, 0.046539
2018-04-19, 0.046556
2018-04-20, 0.046572
2018-04-24,0.046636
2018-04-25,0.046652
2018-04-26,0.046668
2018-04-27,0.046683
2018-04-30,0.046732
2018-05-02,0.046764
2018-05-03,0.046781
2018-05-04,0.046797
2018-05-07,0.046846
2018-05-08,0.046862
2018-05-09,0.046878
2018-05-10,0.046893
2018-05-11,0.046909
2018-05-14,0.046958
2018-05-15,0.046975
2018-05-16,0.046991
2018-05-17,0.047006
2018-05-18,0.047022
2018-05-21,0.047074
2018-05-22,0.047090
2018-05-23,0.047108
2018-05-24,0.047120
2018-05-25,0.047133
2018-05-28,0.047182
2018-05-29,0.047199
2018-05-30,0.047215
2018-05-31,0.047231
2018-06-01,0.047249
2018-06-04,0.047302
2018-06-05,0.047318
2018-06-06,0.047337
2018-06-07,0.047354
2018-06-08,0.047373
2018-06-11,0.047426
2018-06-12,0.047442
2018-06-13,0.047462
2018-06-14,0.047479
2018-06-18,0.047558
2018-06-19,0.047579
2018-06-20,0.047599
2018-06-21,0.047620
2018-06-22,0.047640
2018-06-25,0.047699
2018-06-26,0.047721
2018-06-27,0.047737
2018-06-28,0.047756
2018-06-29,0.047777
2018-07-02,0.047838
2018-07-03,0.047860
2018-07-04,0.047878
2018-07-05,0.047899
2018-07-06,0.047920
2018-07-09,0.047983
2018-07-10,0.048004
2018-07-11,0.048025
2018-07-12,0.048046
2018-07-13,0.048067
2018-07-16,0.048130
2018-07-17,0.048152
2018-07-18,0.048174
2018-07-19,0.048195
2018-07-20,0.048217
2018-07-23,0.048281
2018-07-24,0.048303
2018-07-25,0.048324
2018-07-26,0.048346
2018-07-27,0.048368
2018-07-30,0.048433
2018-07-31,0.048455
2018-08-01,0.048478
2018-08-02,0.048500
2018-08-03,0.048521
2018-08-06,0.048589
2018-08-07,0.048611
2018-08-08,0.048631
2018-08-09,0.048655
2018-08-10,0.048676
2018-08-13,0.048739
2018-08-14,0.048745
2018-08-15,0.048764
2018-08-16,0.048776
2018-08-17,0.048812
2018-08-20,0.048873
2018-08-27,0.049031
2018-08-28,0.049056
2018-08-29,0.049076
2018-08-31,0.049132
2018-09-03,0.049197
2018-09-04,0.049220
2018-09-05,0.049248
2018-09-06,0.049277
2018-09-07,0.049306
2018-09-10,0.049379
2018-09-11,0.049404
2018-09-12,0.049429
2018-09-13,0.049457
2018-09-14,0.049480
2018-09-17,0.049558
2018-09-18,0.049581
2018-09-19,0.049611
2018-09-20,0.049641
2018-09-21,0.049669
2018-09-24,0.049761
2018-09-25,0.049795
2018-09-26,0.049825
2018-09-27,0.049853
2018-09-28,0.049883
2018-10-01,0.049977
2018-10-02,0.050011
2018-10-03,0.050048
2018-10-04,0.050079
2018-10-05,0.050113
2018-10-08,0.050211
2018-10-09,0.050241
2018-10-10,0.050277
2018-10-11,0.050299
2018-10-12,0.050330
2018-10-15,0.050411
2018-10-16,0.050445
2018-10-17,0.050479
2018-10-18,0.050512
2018-10-19,0.050548
2018-10-22,0.050643
2018-10-23,0.050675
2018-10-24,0.050708
2018-10-25,0.050741
2018-10-26,0.050775
2018-10-30,0.050905
2018-10-31,0.050938
2018-11-01,0.050969
2018-11-02,0.051004
2018-11-05,0.051106
2018-11-06,0.051140
2018-11-07,0.051173
2018-11-08,0.051208
2018-11-09,0.051241
2018-11-12,0.051344
2018-11-13,0.051377
2018-11-14,0.051414
2018-11-15,0.051448
2018-11-16,0.051482
2018-11-19,0.051584
2018-11-20,0.051618
2018-11-21,0.051654
2018-11-22,0.051688
2018-11-23,0.051722
2018-11-26,0.051830
2018-11-27,0.051864
2018-11-28,0.051896
2018-11-29,0.051930
2018-11-30,0.051962
2018-12-03,0.052062
2018-12-04,0.052097
2018-12-05,0.052130
2018-12-06,0.052163
2018-12-07,0.052193
2018-12-10,0.052292
2018-12-11,0.052325
2018-12-12,0.052358
2018-12-13,0.052390
2018-12-14,0.052423
2018-12-17,0.052524
2018-12-18,0.052557
2018-12-19,0.052581
2018-12-20,0.052615
2018-12-21,0.052647
2018-12-24,0.052744
2018-12-25,0.052775
2018-12-26,0.052812
2018-12-27,0.052847
2018-12-28,0.052885
