2008-01-29, 0.000000
2008-01-30, 0.000000
2008-01-31, 0.009997
2008-02-01, 0.009861
2008-02-04, 0.010027
2008-02-05, 0.010147
2008-02-06, 0.010071
2008-02-07, 0.009916
2008-02-08, 0.009790
2008-02-11, 0.009734
2008-02-12, 0.009724
2008-02-13, 0.009860
2008-02-14, 0.010000
2008-02-15, 0.010083
2008-02-18, 0.009976
2008-02-19, 0.010066
2008-02-20, 0.010168
2008-02-21, 0.010109
2008-02-22, 0.010231
2008-02-25, 0.010159
2008-02-26, 0.010114
2008-02-27, 0.010136
2008-02-28, 0.010188
2008-02-29, 0.010159
2008-03-03, 0.010062
2008-03-04, 0.009940
2008-03-05, 0.009899
2008-03-06, 0.009929
2008-03-07, 0.009878
2008-03-10, 0.009778
2008-03-11, 0.009792
2008-03-12, 0.009944
2008-03-13, 0.010072
2008-03-14, 0.009903
2008-03-17, 0.009953
2008-03-18, 0.009625
2008-03-19, 0.009753
2008-03-20, 0.009780
2008-03-21, 0.009688
2008-03-24, 0.009695
2008-03-25, 0.009764
2008-03-26, 0.009794
2008-03-27, 0.009760
2008-03-28, 0.009773
2008-03-31, 0.009666
2008-04-01, 0.009575
2008-04-02, 0.009714
2008-04-03, 0.009832
2008-04-04, 0.009765
2008-04-07, 0.009779
2008-04-08, 0.009889
2008-04-09, 0.009911
2008-04-10, 0.009988
2008-04-11, 0.009934
2008-04-14, 0.009912
2008-04-15, 0.009859
2008-04-16, 0.009883
2008-04-17, 0.009887
2008-04-18, 0.009891
2008-04-21, 0.009963
2008-04-22, 0.010006
2008-04-24, 0.010041
2008-04-25, 0.010056
2008-04-28, 0.010101
2008-04-29, 0.010094
2008-04-30, 0.010049
2008-05-01, 0.010046
2008-05-02, 0.010046
2008-05-05, 0.010078
2008-05-06, 0.010077
2008-05-07, 0.010037
2008-05-08, 0.010042
2008-05-09, 0.009980
2008-05-12, 0.009935
2008-05-13, 0.009928
2008-05-14, 0.009929
2008-05-15, 0.009954
2008-05-16, 0.009972
2008-05-20, 0.009990
2008-05-21, 0.009918
2008-05-22, 0.009842
2008-05-23, 0.009811
2008-05-26, 0.009778
2008-05-27, 0.009695
2008-05-28, 0.009765
2008-05-29, 0.009770
2008-05-30, 0.009705
2008-06-02, 0.009767
2008-06-03, 0.009769
2008-06-04, 0.009804
2008-06-05, 0.009769
2008-06-06, 0.009808
2008-06-09, 0.009738
2008-06-10, 0.009643
2008-06-11, 0.009566
2008-06-12, 0.009580
2008-06-13, 0.009595
2008-06-16, 0.009592
2008-06-17, 0.009608
2008-06-18, 0.009612
2008-06-19, 0.009561
2008-06-20, 0.009570
2008-06-23, 0.009537
2008-06-24, 0.009490
2008-06-25, 0.009423
2008-06-26, 0.009448
2008-06-27, 0.009307
2008-06-30, 0.009132
2008-07-01, 0.009094
2008-07-02, 0.008785
2008-07-03, 0.008880
2008-07-04, 0.008943
2008-07-07, 0.008969
2008-07-08, 0.009046
2008-07-09, 0.009088
2008-07-10, 0.009247
2008-07-11, 0.009233
2008-07-14, 0.009137
2008-07-15, 0.009261
2008-07-16, 0.009223
2008-07-17, 0.009345
2008-07-18, 0.009619
2008-07-21, 0.009706
2008-07-22, 0.009754
2008-07-23, 0.009726
2008-07-24, 0.009780
2008-07-25, 0.009855
2008-07-28, 0.009781
2008-07-29, 0.009737
2008-07-30, 0.009771
2008-07-31, 0.010067
2008-08-01, 0.010260
2008-08-04, 0.010341
2008-08-05, 0.010413
2008-08-06, 0.010421
2008-08-07, 0.010411
2008-08-08, 0.010349
2008-08-11, 0.010267
2008-08-12, 0.010325
2008-08-13, 0.010351
2008-08-14, 0.010344
2008-08-15, 0.010385
2008-08-18, 0.010411
2008-08-19, 0.010443
2008-08-20, 0.010364
2008-08-21, 0.010304
2008-08-22, 0.010300
2008-08-25, 0.010351
2008-08-26, 0.010359
2008-08-27, 0.010271
2008-08-28, 0.010254
2008-08-29, 0.010243
2008-09-01, 0.010249
2008-09-02, 0.010212
2008-09-03, 0.010255
2008-09-04, 0.010236
2008-09-05, 0.010243
2008-09-08, 0.010216
2008-09-09, 0.010295
2008-09-10, 0.010254
2008-09-11, 0.010216
2008-09-12, 0.010166
2008-09-15, 0.010115
2008-09-16, 0.009955
2008-09-17, 0.009856
2008-09-18, 0.009811
2008-09-19, 0.009685
2008-09-22, 0.010151
2008-09-23, 0.010155
2008-09-24, 0.010036
2008-09-25, 0.009997
2008-09-26, 0.010039
2008-09-29, 0.010032
2008-10-03, 0.010011
2008-10-06, 0.009862
2008-10-07, 0.009656
2008-10-08, 0.009551
2008-10-09, 0.009412
2008-10-10, 0.009540
2008-10-13, 0.009346
2008-10-14, 0.009491
2008-10-15, 0.009560
2008-10-16, 0.009451
2008-10-17, 0.009244
2008-10-20, 0.009120
2008-10-21, 0.009176
2008-10-22, 0.009267
2008-10-23, 0.009167
2008-10-24, 0.009029
2008-10-27, 0.008841
2008-10-28, 0.008908
2008-10-30, 0.009100
2008-10-31, 0.009380
2008-11-03, 0.009531
2008-11-04, 0.009599
2008-11-05, 0.009662
2008-11-06, 0.009592
2008-11-07, 0.009511
2008-11-10, 0.009482
2008-11-11, 0.009522
2008-11-12, 0.009443
2008-11-13, 0.009395
2008-11-14, 0.009352
2008-11-17, 0.009425
2008-11-18, 0.009308
2008-11-19, 0.009235
2008-11-20, 0.009084
2008-11-21, 0.008935
2008-11-24, 0.009040
2008-11-25, 0.009401
2008-11-26, 0.009432
2008-11-27, 0.009428
2008-11-28, 0.009602
2008-12-01, 0.009674
2008-12-02, 0.009553
2008-12-03, 0.009532
2008-12-04, 0.009520
2008-12-05, 0.009598
2008-12-12, 0.009642
2008-12-15, 0.009737
2008-12-16, 0.009885
2008-12-17, 0.009934
2008-12-18, 0.010053
2008-12-19, 0.009981
2008-12-22, 0.009971
2008-12-23, 0.009972
2008-12-24, 0.009966
2008-12-25, 0.009948
2008-12-26, 0.009951
2008-12-29, 0.009994
2008-12-30, 0.010014
2008-12-31, 0.010029
2009-01-02, 0.010046
2009-01-05, 0.010140
2009-01-06, 0.010238
2009-01-07, 0.010386
2009-01-08, 0.010293
2009-01-09, 0.010099
2009-01-12, 0.010120
2009-01-13, 0.010074
2009-01-14, 0.010112
2009-01-15, 0.010099
2009-01-16, 0.010098
2009-01-19, 0.010178
2009-01-20, 0.010092
2009-01-21, 0.010058
2009-01-22, 0.010000
2009-01-23, 0.010034
2009-01-26, 0.009954
2009-01-27, 0.010079
2009-01-28, 0.010079
2009-01-29, 0.010201
2009-01-30, 0.010164
2009-02-02, 0.010119
2009-02-03, 0.010046
2009-02-04, 0.010093
2009-02-05, 0.010160
2009-02-06, 0.010139
2009-02-09, 0.010209
2009-02-10, 0.010280
2009-02-11, 0.010176
2009-02-12, 0.010061
2009-02-13, 0.010072
2009-02-16, 0.010115
2009-02-17, 0.010073
2009-02-18, 0.009955
2009-02-19, 0.009891
2009-02-20, 0.010012
2009-02-23, 0.009934
2009-02-24, 0.009983
2009-02-25, 0.009991
2009-02-26, 0.009991
2009-02-27, 0.009990
2009-03-02, 0.009935
2009-03-03, 0.009897
2009-03-04, 0.009914
2009-03-05, 0.009959
2009-03-06, 0.009871
2009-03-09, 0.009842
2009-03-10, 0.009831
2009-03-11, 0.009860
2009-03-12, 0.009950
2009-03-13, 0.009916
2009-03-16, 0.010085
2009-03-17, 0.010127
2009-03-18, 0.010075
2009-03-19, 0.010095
2009-03-20, 0.010229
2009-03-23, 0.010256
2009-03-24, 0.010432
2009-03-25, 0.010517
2009-03-26, 0.010553
2009-03-27, 0.010578
2009-03-30, 0.010569
2009-03-31, 0.010485
2009-04-01, 0.010590
2009-04-02, 0.010678
2009-04-03, 0.010835
2009-04-06, 0.010865
2009-04-07, 0.010927
2009-04-08, 0.010926
2009-04-09, 0.011060
2009-04-10, 0.011244
2009-04-13, 0.011331
2009-04-14, 0.011318
2009-04-15, 0.011256
2009-04-16, 0.011227
2009-04-17, 0.011378
2009-04-20, 0.011475
2009-04-21, 0.011426
2009-04-22, 0.011411
2009-04-24, 0.011480
2009-04-27, 0.011483
2009-04-28, 0.011498
2009-04-29, 0.011457
2009-04-30, 0.011576
2009-05-04, 0.011700
2009-05-05, 0.011796
2009-05-06, 0.012058
2009-05-07, 0.012108
2009-05-08, 0.012141
2009-05-11, 0.012089
2009-05-12, 0.012115
2009-05-13, 0.012153
2009-05-14, 0.012177
2009-05-15, 0.012238
2009-05-18, 0.012328
2009-05-20, 0.012359
2009-05-21, 0.012531
2009-05-22, 0.012497
2009-05-25, 0.012515
2009-05-26, 0.012522
2009-05-27, 0.012474
2009-05-28, 0.012541
2009-05-29, 0.012526
2009-06-01, 0.012535
2009-06-02, 0.012627
2009-06-03, 0.012681
2009-06-04, 0.012643
2009-06-05, 0.012558
2009-06-08, 0.012588
2009-06-09, 0.012500
2009-06-10, 0.012486
2009-06-11, 0.012613
2009-06-12, 0.012639
2009-06-15, 0.012652
2009-06-16, 0.012597
2009-06-17, 0.012597
2009-06-18, 0.012577
2009-06-19, 0.012613
2009-06-22, 0.012666
2009-06-23, 0.012642
2009-06-24, 0.012585
2009-06-25, 0.012638
2009-06-26, 0.012659
2009-06-29, 0.012733
2009-06-30, 0.012751
2009-07-01, 0.012763
2009-07-02, 0.012764
2009-07-03, 0.012782
2009-07-06, 0.012778
2009-07-07, 0.012760
2009-07-08, 0.012827
2009-07-09, 0.012809
2009-07-10, 0.012787
2009-07-13, 0.012708
2009-07-14, 0.012718
2009-07-15, 0.012704
2009-07-16, 0.012737
2009-07-17, 0.012842
2009-07-20, 0.012845
2009-07-21, 0.012895
2009-07-22, 0.012911
2009-07-23, 0.012923
2009-07-24, 0.012988
2009-07-27, 0.013109
2009-07-28, 0.013111
2009-07-29, 0.013159
2009-07-30, 0.013184
2009-07-31, 0.013360
2009-08-03, 0.013491
2009-08-04, 0.013677
2009-08-05, 0.013739
2009-08-06, 0.013691
2009-08-07, 0.013614
2009-08-10, 0.013708
2009-08-11, 0.013773
2009-08-12, 0.013689
2009-08-13, 0.013641
2009-08-14, 0.013789
2009-08-17, 0.013767
2009-08-18, 0.013712
2009-08-19, 0.013774
2009-08-20, 0.013840
2009-08-21, 0.013932
2009-08-24, 0.014032
2009-08-25, 0.014120
2009-08-26, 0.014215
2009-08-27, 0.014154
2009-08-28, 0.014205
2009-08-31, 0.014231
2009-09-01, 0.014202
2009-09-02, 0.014177
2009-09-03, 0.014090
2009-09-04, 0.014093
2009-09-07, 0.014099
2009-09-08, 0.014108
2009-09-09, 0.014075
2009-09-10, 0.014072
2009-09-11, 0.014080
2009-09-14, 0.014189
2009-09-15, 0.014246
2009-09-16, 0.014233
2009-09-17, 0.014295
2009-09-18, 0.014295
2009-09-23, 0.014323
2009-09-24, 0.014351
2009-09-25, 0.014353
2009-09-28, 0.014352
2009-09-29, 0.014361
2009-09-30, 0.014410
2009-10-01, 0.014396
2009-10-02, 0.014326
2009-10-05, 0.014226
2009-10-06, 0.014245
2009-10-07, 0.014365
2009-10-08, 0.014348
2009-10-09, 0.014415
2009-10-12, 0.014406
2009-10-13, 0.014446
2009-10-14, 0.014427
2009-10-15, 0.014462
2009-10-16, 0.014456
2009-10-19, 0.014396
2009-10-20, 0.014427
2009-10-21, 0.014459
2009-10-22, 0.014480
2009-10-23, 0.014498
2009-10-26, 0.014528
2009-10-27, 0.014505
2009-10-28, 0.014445
2009-10-30, 0.014397
2009-11-02, 0.014337
2009-11-03, 0.014232
2009-11-04, 0.014209
2009-11-05, 0.014204
2009-11-06, 0.014229
2009-11-09, 0.014237
2009-11-10, 0.014281
2009-11-11, 0.014306
2009-11-12, 0.014360
2009-11-13, 0.014364
2009-11-16, 0.014343
2009-11-17, 0.014353
2009-11-18, 0.014291
2009-11-19, 0.014254
2009-11-20, 0.014233
2009-11-23, 0.014199
2009-11-24, 0.014214
2009-11-25, 0.014223
2009-11-26, 0.014199
2009-12-01, 0.014180
2009-12-02, 0.014214
2009-12-03, 0.014298
2009-12-04, 0.014393
2009-12-07, 0.014408
2009-12-08, 0.014383
2009-12-09, 0.014386
2009-12-10, 0.014378
2009-12-11, 0.014397
2009-12-14, 0.014391
2009-12-15, 0.014418
2009-12-16, 0.014404
2009-12-17, 0.014454
2009-12-18, 0.014426
2009-12-21, 0.014434
2009-12-22, 0.014466
2009-12-23, 0.014493
2009-12-24, 0.014502
2009-12-25, 0.014500
2009-12-28, 0.014503
2009-12-29, 0.014523
2009-12-30, 0.014532
2009-12-31, 0.014519
2010-01-04, 0.014594
2010-01-05, 0.014595
2010-01-06, 0.014666
2010-01-07, 0.014664
2010-01-08, 0.014679
2010-01-11, 0.014706
2010-01-12, 0.014698
2010-01-13, 0.014667
2010-01-14, 0.014701
2010-01-15, 0.014704
2010-01-18, 0.014658
2010-01-19, 0.014696
2010-01-20, 0.014737
2010-01-21, 0.014805
2010-01-22, 0.014822
2010-01-25, 0.014707
2010-01-26, 0.014731
2010-01-27, 0.014724
2010-01-28, 0.014746
2010-01-29, 0.014789
2010-02-01, 0.014797
2010-02-02, 0.014843
2010-02-03, 0.014827
2010-02-04, 0.014850
2010-02-05, 0.014757
2010-02-08, 0.014631
2010-02-09, 0.014550
2010-02-10, 0.014581
2010-02-11, 0.014592
2010-02-12, 0.014580
2010-02-15, 0.014584
2010-02-16, 0.014601
2010-02-17, 0.014642
2010-02-18, 0.014747
2010-02-19, 0.014691
2010-02-22, 0.014699
2010-02-23, 0.014710
2010-02-24, 0.014634
2010-02-25, 0.014491
2010-02-26, 0.014441
2010-03-01, 0.014478
2010-03-02, 0.014593
2010-03-03, 0.014659
2010-03-04, 0.014651
2010-03-05, 0.014651
2010-03-08, 0.014706
2010-03-09, 0.014786
2010-03-10, 0.014791
2010-03-11, 0.014808
2010-03-12, 0.014815
2010-03-15, 0.014824
2010-03-16, 0.014801
2010-03-17, 0.014845
2010-03-18, 0.014918
2010-03-19, 0.014889
2010-03-22, 0.014872
2010-03-23, 0.014879
2010-03-24, 0.014924
2010-03-25, 0.014972
2010-03-26, 0.015060
2010-03-29, 0.015091
2010-03-30, 0.015122
2010-03-31, 0.015154
2010-04-01, 0.015160
2010-04-02, 0.015197
2010-04-05, 0.015246
2010-04-06, 0.015269
2010-04-07, 0.015264
2010-04-08, 0.015264
2010-04-09, 0.015239
2010-04-12, 0.015292
2010-04-13, 0.015284
2010-04-14, 0.015249
2010-04-15, 0.015329
2010-04-16, 0.015344
2010-04-19, 0.015357
2010-04-20, 0.015312
2010-04-21, 0.015378
2010-04-22, 0.015351
2010-04-26, 0.015324
2010-04-27, 0.015349
2010-04-28, 0.015304
2010-04-29, 0.015270
2010-04-30, 0.015320
2010-05-03, 0.015333
2010-05-04, 0.015335
2010-05-05, 0.015265
2010-05-06, 0.015216
2010-05-07, 0.015186
2010-05-10, 0.015058
2010-05-11, 0.015232
2010-05-12, 0.015205
2010-05-13, 0.015291
2010-05-14, 0.015311
2010-05-17, 0.015212
2010-05-18, 0.015196
2010-05-20, 0.015246
2010-05-21, 0.015146
2010-05-24, 0.015108
2010-05-25, 0.015129
2010-05-26, 0.014971
2010-05-27, 0.015071
2010-05-28, 0.015127
2010-05-31, 0.015199
2010-06-01, 0.015133
2010-06-02, 0.015128
2010-06-03, 0.015228
2010-06-04, 0.015296
2010-06-07, 0.015226
2010-06-08, 0.015180
2010-06-09, 0.015155
2010-06-10, 0.015183
2010-06-11, 0.015236
2010-06-14, 0.015259
2010-06-15, 0.015301
2010-06-16, 0.015340
2010-06-17, 0.015344
2010-06-18, 0.015394
2010-06-21, 0.015402
2010-06-22, 0.015431
2010-06-23, 0.015413
2010-06-24, 0.015395
2010-06-25, 0.015370
2010-06-28, 0.015377
2010-06-29, 0.015413
2010-06-30, 0.015356
2010-07-01, 0.015335
2010-07-02, 0.015293
2010-07-05, 0.015356
2010-07-06, 0.015388
2010-07-07, 0.015441
2010-07-08, 0.015420
2010-07-09, 0.015463
2010-07-12, 0.015438
2010-07-13, 0.015456
2010-07-14, 0.015520
2010-07-15, 0.015533
2010-07-16, 0.015542
2010-07-19, 0.015534
2010-07-20, 0.015539
2010-07-21, 0.015523
2010-07-22, 0.015603
2010-07-23, 0.015638
2010-07-26, 0.015630
2010-07-27, 0.015643
2010-07-28, 0.015691
2010-07-29, 0.015675
2010-07-30, 0.015689
2010-08-02, 0.015650
2010-08-03, 0.015699
2010-08-04, 0.015685
2010-08-05, 0.015702
2010-08-06, 0.015664
2010-08-09, 0.015668
2010-08-10, 0.015691
2010-08-11, 0.015660
2010-08-12, 0.015606
2010-08-13, 0.015620
2010-08-16, 0.015626
2010-08-17, 0.015632
2010-08-18, 0.015696
2010-08-19, 0.015726
2010-08-20, 0.015716
2010-08-23, 0.015692
2010-08-24, 0.015698
2010-08-25, 0.015668
2010-08-26, 0.015681
2010-08-27, 0.015709
2010-08-31, 0.015727
2010-09-01, 0.015739
2010-09-02, 0.015794
2010-09-03, 0.015803
2010-09-06, 0.015818
2010-09-07, 0.015809
2010-09-08, 0.015798
2010-09-13, 0.015793
2010-09-14, 0.015877
2010-09-15, 0.015884
2010-09-16, 0.015917
2010-09-17, 0.015951
2010-09-20, 0.015960
2010-09-21, 0.015960
2010-09-22, 0.015959
2010-09-23, 0.015981
2010-09-24, 0.015939
2010-09-27, 0.015962
2010-09-28, 0.015981
2010-09-29, 0.016011
2010-09-30, 0.016043
2010-10-01, 0.016061
2010-10-04, 0.016042
2010-10-05, 0.016060
2010-10-06, 0.016096
2010-10-07, 0.016137
2010-10-08, 0.016122
2010-10-11, 0.016131
2010-10-12, 0.016227
2010-10-13, 0.016256
2010-10-14, 0.016282
2010-10-15, 0.016271
2010-10-18, 0.016314
2010-10-19, 0.016323
2010-10-20, 0.016275
2010-10-21, 0.016256
2010-10-22, 0.016249
2010-10-25, 0.016297
2010-10-26, 0.016326
2010-10-27, 0.016324
2010-10-28, 0.016280
2010-11-01, 0.016231
2010-11-02, 0.016277
2010-11-03, 0.016239
2010-11-04, 0.016236
2010-11-05, 0.016319
2010-11-08, 0.016352
2010-11-09, 0.016342
2010-11-10, 0.016390
2010-11-11, 0.016356
2010-11-12, 0.016315
2010-11-15, 0.016250
2010-11-22, 0.016251
2010-11-23, 0.016178
2010-11-24, 0.016053
2010-11-25, 0.016098
2010-11-26, 0.016102
2010-11-29, 0.016046
2010-11-30, 0.015943
2010-12-01, 0.015966
2010-12-02, 0.016084
2010-12-03, 0.016121
2010-12-06, 0.016170
2010-12-07, 0.016197
2010-12-08, 0.016269
2010-12-09, 0.016239
2010-12-10, 0.016136
2010-12-13, 0.016066
2010-12-14, 0.016158
2010-12-15, 0.016191
2010-12-16, 0.016137
2010-12-17, 0.016055
2010-12-20, 0.015928
2010-12-21, 0.015908
2010-12-22, 0.016034
2010-12-23, 0.016096
2010-12-24, 0.016146
2010-12-27, 0.016161
2010-12-28, 0.016104
2010-12-29, 0.016141
2010-12-30, 0.016138
2010-12-31, 0.016141
2011-01-03, 0.016126
2011-01-04, 0.016200
2011-01-05, 0.016295
2011-01-06, 0.016337
2011-01-07, 0.016409
2011-01-10, 0.016350
2011-01-11, 0.016331
2011-01-12, 0.016360
2011-01-13, 0.016339
2011-01-14, 0.016389
2011-01-17, 0.016307
2011-01-18, 0.016259
2011-01-19, 0.016266
2011-01-20, 0.016254
2011-01-21, 0.016168
2011-01-24, 0.016155
2011-01-25, 0.016159
2011-01-26, 0.016201
2011-01-27, 0.016211
2011-01-28, 0.016196
2011-01-31, 0.016054
2011-02-01, 0.016080
2011-02-02, 0.016231
2011-02-03, 0.016309
2011-02-04, 0.016228
2011-02-07, 0.016288
2011-02-08, 0.016325
2011-02-09, 0.016310
2011-02-10, 0.016334
2011-02-11, 0.016222
2011-02-14, 0.016196
2011-02-15, 0.016244
2011-02-16, 0.016269
2011-02-17, 0.016276
2011-02-18, 0.016320
2011-02-21, 0.016390
2011-02-22, 0.016328
2011-02-23, 0.016241
2011-02-24, 0.016157
2011-02-25, 0.015974
2011-02-28, 0.016011
2011-03-01, 0.015926
2011-03-02, 0.015821
2011-03-03, 0.015723
2011-03-04, 0.015860
2011-03-07, 0.016016
2011-03-08, 0.015916
2011-03-09, 0.015981
2011-03-10, 0.016103
2011-03-11, 0.016248
2011-03-14, 0.016293
2011-03-15, 0.016389
2011-03-16, 0.016301
2011-03-17, 0.016374
2011-03-18, 0.016351
2011-03-21, 0.016364
2011-03-22, 0.016391
2011-03-23, 0.016426
2011-03-24, 0.016353
2011-03-25, 0.016315
2011-03-28, 0.016360
2011-03-29, 0.016367
2011-03-30, 0.016313
2011-03-31, 0.016369
2011-04-01, 0.016386
2011-04-04, 0.016454
2011-04-05, 0.016612
2011-04-06, 0.016668
2011-04-07, 0.016695
2011-04-08, 0.016698
2011-04-11, 0.016684
2011-04-12, 0.016673
2011-04-13, 0.016688
2011-04-14, 0.016700
2011-04-15, 0.016684
2011-04-18, 0.016697
2011-04-19, 0.016682
2011-04-20, 0.016696
2011-04-21, 0.016729
2011-04-22, 0.016741
2011-04-25, 0.016759
2011-04-26, 0.016779
2011-04-27, 0.016765
2011-04-28, 0.016745
2011-04-29, 0.016771
2011-05-02, 0.016813
2011-05-03, 0.016845
2011-05-04, 0.016835
2011-05-05, 0.016878
2011-05-06, 0.016873
2011-05-09, 0.016869
2011-05-10, 0.016853
2011-05-11, 0.016820
2011-05-12, 0.016773
2011-05-13, 0.016795
2011-05-16, 0.016757
2011-05-17, 0.016724
2011-05-18, 0.016735
2011-05-20, 0.016678
2011-05-23, 0.016581
2011-05-24, 0.016602
2011-05-25, 0.016659
2011-05-26, 0.016691
2011-05-27, 0.016675
2011-05-30, 0.016563
2011-05-31, 0.016568
2011-06-01, 0.016686
2011-06-02, 0.016736
2011-06-03, 0.016703
2011-06-06, 0.016655
2011-06-07, 0.016701
2011-06-08, 0.016778
2011-06-09, 0.016764
2011-06-10, 0.016749
2011-06-13, 0.016737
2011-06-14, 0.016759
2011-06-15, 0.016623
2011-06-16, 0.016509
2011-06-17, 0.016473
2011-06-20, 0.016593
2011-06-21, 0.016515
2011-06-22, 0.016622
2011-06-23, 0.016554
2011-06-24, 0.016557
2011-06-27, 0.016661
2011-06-28, 0.016660
2011-06-29, 0.016766
2011-06-30, 0.016762
2011-07-01, 0.016793
2011-07-04, 0.016790
2011-07-05, 0.016830
2011-07-06, 0.016866
2011-07-07, 0.016823
2011-07-08, 0.016846
2011-07-11, 0.016862
2011-07-12, 0.016812
2011-07-13, 0.016754
2011-07-14, 0.016782
2011-07-15, 0.016786
2011-07-18, 0.016778
2011-07-19, 0.016727
2011-07-20, 0.016679
2011-07-21, 0.016669
2011-07-22, 0.016552
2011-07-25, 0.016525
2011-07-26, 0.016557
2011-07-27, 0.016628
2011-07-28, 0.016648
2011-07-29, 0.016687
2011-08-01, 0.016683
2011-08-02, 0.016713
2011-08-03, 0.016672
2011-08-04, 0.016677
2011-08-05, 0.016585
2011-08-08, 0.016395
2011-08-09, 0.016021
2011-08-10, 0.015971
2011-08-11, 0.015850
2011-08-12, 0.015657
2011-08-15, 0.015946
2011-08-16, 0.016039
2011-08-17, 0.016053
2011-08-18, 0.016212
2011-08-19, 0.015816
2011-08-22, 0.015765
2011-08-23, 0.016058
2011-08-24, 0.015926
2011-08-25, 0.016040
2011-08-26, 0.016107
2011-08-29, 0.016120
2011-09-02, 0.016214
2011-09-05, 0.016363
2011-09-06, 0.016258
2011-09-07, 0.016307
2011-09-08, 0.016407
2011-09-09, 0.016455
2011-09-12, 0.016476
2011-09-13, 0.016388
2011-09-14, 0.016526
2011-09-15, 0.016565
2011-09-16, 0.016598
2011-09-19, 0.016692
2011-09-20, 0.016729
2011-09-21, 0.016913
2011-09-22, 0.016949
2011-09-23, 0.016747
2011-09-26, 0.016575
2011-09-27, 0.016662
2011-09-28, 0.016773
2011-09-29, 0.016873
2011-09-30, 0.016896
2011-10-03, 0.016836
2011-10-04, 0.016882
2011-10-05, 0.016788
2011-10-06, 0.016783
2011-10-07, 0.016761
2011-10-10, 0.016770
2011-10-11, 0.016846
2011-10-12, 0.016877
2011-10-13, 0.016930
2011-10-14, 0.016914
2011-10-17, 0.016920
2011-10-18, 0.016893
2011-10-19, 0.016871
2011-10-20, 0.016837
2011-10-21, 0.016713
2011-10-24, 0.016681
2011-10-25, 0.016624
2011-10-26, 0.016651
2011-10-27, 0.016591
2011-10-28, 0.016648
2011-10-31, 0.016693
2011-11-01, 0.016636
2011-11-02, 0.016502
2011-11-03, 0.016573
2011-11-04, 0.016649
2011-11-10, 0.016670
2011-11-11, 0.016580
2011-11-14, 0.016639
2011-11-15, 0.016633
2011-11-16, 0.016599
2011-11-17, 0.016628
2011-11-18, 0.016548
2011-11-21, 0.016528
2011-11-22, 0.016410
2011-11-23, 0.016286
2011-11-24, 0.016187
2011-11-25, 0.016114
2011-11-28, 0.016037
2011-11-29, 0.016232
2011-11-30, 0.016225
2011-12-01, 0.016414
2011-12-02, 0.016480
2011-12-05, 0.016592
2011-12-06, 0.016646
2011-12-07, 0.016581
2011-12-08, 0.016606
2011-12-09, 0.016557
2011-12-12, 0.016500
2011-12-13, 0.016379
2011-12-14, 0.016335
2011-12-15, 0.016228
2011-12-16, 0.016285
2011-12-19, 0.016321
2011-12-20, 0.016235
2011-12-21, 0.016251
2011-12-22, 0.016306
2011-12-23, 0.016270
2011-12-26, 0.016299
2011-12-27, 0.016341
2011-12-28, 0.016351
2011-12-29, 0.016322
2011-12-30, 0.016249
2012-01-02, 0.016270
2012-01-03, 0.016271
2012-01-04, 0.016371
2012-01-05, 0.016333
2012-01-06, 0.016205
2012-01-09, 0.016139
2012-01-10, 0.015951
2012-01-11, 0.016119
2012-01-12, 0.016199
2012-01-13, 0.016316
2012-01-16, 0.016241
2012-01-17, 0.016359
2012-01-18, 0.016506
2012-01-19, 0.016561
2012-01-20, 0.016659
2012-01-23, 0.016664
2012-01-24, 0.016731
2012-01-25, 0.016708
2012-01-26, 0.016731
2012-01-27, 0.016907
2012-01-30, 0.016919
2012-01-31, 0.017013
2012-02-01, 0.017031
2012-02-02, 0.017059
2012-02-03, 0.017107
2012-02-06, 0.017170
2012-02-07, 0.017185
2012-02-08, 0.017209
2012-02-09, 0.017227
2012-02-10, 0.017187
2012-02-13, 0.017144
2012-02-14, 0.017247
2012-02-15, 0.017221
2012-02-16, 0.017215
2012-02-17, 0.017234
2012-02-20, 0.017347
2012-02-21, 0.017411
2012-02-22, 0.017384
2012-02-23, 0.017396
2012-02-24, 0.017340
2012-02-27, 0.017279
2012-02-28, 0.017203
2012-02-29, 0.017298
2012-03-01, 0.017364
2012-03-02, 0.017425
2012-03-05, 0.017438
2012-03-06, 0.017386
2012-03-07, 0.017335
2012-03-08, 0.017391
2012-03-09, 0.017426
2012-03-12, 0.017373
2012-03-13, 0.017342
2012-03-14, 0.017377
2012-03-15, 0.017439
2012-03-16, 0.017461
2012-03-19, 0.017509
2012-03-20, 0.017580
2012-03-21, 0.017542
2012-03-22, 0.017602
2012-03-23, 0.017612
2012-03-26, 0.017638
2012-03-27, 0.017682
2012-03-28, 0.017701
2012-03-29, 0.017657
2012-03-30, 0.017657
2012-04-02, 0.017736
2012-04-03, 0.017764
2012-04-04, 0.017830
2012-04-05, 0.017796
2012-04-06, 0.017809
2012-04-09, 0.017766
2012-04-10, 0.017734
2012-04-11, 0.017639
2012-04-12, 0.017622
2012-04-13, 0.017547
2012-04-16, 0.017570
2012-04-17, 0.017547
2012-04-18, 0.017614
2012-04-19, 0.017594
2012-04-20, 0.017595
2012-04-24, 0.017620
2012-04-25, 0.017613
2012-04-26, 0.017660
2012-04-27, 0.017738
2012-04-30, 0.017772
2012-05-02, 0.017730
2012-05-03, 0.017683
2012-05-04, 0.017666
2012-05-07, 0.017675
2012-05-08, 0.017617
2012-05-09, 0.017662
2012-05-10, 0.017563
2012-05-11, 0.017587
2012-05-14, 0.017600
2012-05-15, 0.017576
2012-05-16, 0.017519
2012-05-17, 0.017537
2012-05-18, 0.017458
2012-05-21, 0.017398
2012-05-22, 0.017365
2012-05-23, 0.017388
2012-05-24, 0.017304
2012-05-25, 0.017262
2012-05-28, 0.017214
2012-05-29, 0.017287
2012-05-30, 0.017373
2012-05-31, 0.017294
2012-06-01, 0.017290
2012-06-04, 0.017285
2012-06-05, 0.017372
2012-06-06, 0.017383
2012-06-07, 0.017423
2012-06-08, 0.017505
2012-06-11, 0.017506
2012-06-12, 0.017571
2012-06-13, 0.017602
2012-06-14, 0.017670
2012-06-15, 0.017714
2012-06-18, 0.017757
2012-06-19, 0.017760
2012-06-20, 0.017810
2012-06-21, 0.017886
2012-06-22, 0.017984
2012-06-25, 0.018034
2012-06-26, 0.017980
2012-06-27, 0.018003
2012-06-28, 0.018172
2012-06-29, 0.018116
2012-07-02, 0.018194
2012-07-03, 0.018204
2012-07-04, 0.018247
2012-07-05, 0.018267
2012-07-06, 0.018251
2012-07-09, 0.018303
2012-07-10, 0.018327
2012-07-11, 0.018343
2012-07-12, 0.018341
2012-07-13, 0.018301
2012-07-16, 0.018322
2012-07-17, 0.018336
2012-07-18, 0.018335
2012-07-19, 0.018330
2012-07-20, 0.018351
2012-07-23, 0.018342
2012-07-24, 0.018283
2012-07-25, 0.018363
2012-07-26, 0.018410
2012-07-27, 0.018493
2012-07-30, 0.018602
2012-07-31, 0.018645
2012-08-01, 0.018613
2012-08-02, 0.018658
2012-08-03, 0.018602
2012-08-06, 0.018665
2012-08-07, 0.018692
2012-08-08, 0.018693
2012-08-09, 0.018660
2012-08-10, 0.018615
2012-08-13, 0.018593
2012-08-14, 0.018631
2012-08-15, 0.018596
2012-08-16, 0.018603
2012-08-17, 0.018636
2012-08-22, 0.018654
2012-08-23, 0.018689
2012-08-24, 0.018672
2012-08-27, 0.018650
2012-08-28, 0.018663
2012-08-29, 0.018700
2012-08-31, 0.018701
2012-09-03, 0.018755
2012-09-04, 0.018772
2012-09-05, 0.018760
2012-09-06, 0.018789
2012-09-07, 0.018822
2012-09-10, 0.018835
2012-09-11, 0.018848
2012-09-12, 0.018835
2012-09-13, 0.018848
2012-09-14, 0.018813
2012-09-17, 0.018892
2012-09-18, 0.018888
2012-09-19, 0.018887
2012-09-20, 0.018877
2012-09-21, 0.018891
2012-09-24, 0.018922
2012-09-25, 0.018914
2012-09-26, 0.018938
2012-09-27, 0.018949
2012-09-28, 0.018917
2012-10-01, 0.018875
2012-10-02, 0.018910
2012-10-03, 0.018919
2012-10-04, 0.018939
2012-10-05, 0.018827
2012-10-08, 0.018906
2012-10-09, 0.018911
2012-10-10, 0.018958
2012-10-11, 0.018991
2012-10-12, 0.019062
2012-10-15, 0.019035
2012-10-16, 0.019041
2012-10-17, 0.019072
2012-10-18, 0.019076
2012-10-19, 0.019069
2012-10-22, 0.019065
2012-10-23, 0.019058
2012-10-24, 0.019046
2012-10-30, 0.019084
2012-10-31, 0.019089
2012-11-01, 0.019105
2012-11-02, 0.019094
2012-11-05, 0.019070
2012-11-06, 0.019098
2012-11-07, 0.019057
2012-11-08, 0.019049
2012-11-09, 0.019081
2012-11-12, 0.019047
2012-11-13, 0.019030
2012-11-14, 0.019027
2012-11-15, 0.019023
2012-11-16, 0.019001
2012-11-19, 0.019019
2012-11-20, 0.018974
2012-11-21, 0.018969
2012-11-22, 0.019045
2012-11-23, 0.019064
2012-11-26, 0.019041
2012-11-27, 0.019133
2012-11-28, 0.019152
2012-11-29, 0.019150
2012-11-30, 0.019252
2012-12-03, 0.019290
2012-12-04, 0.019342
2012-12-05, 0.019362
2012-12-06, 0.019419
2012-12-07, 0.019486
2012-12-10, 0.019542
2012-12-11, 0.019605
2012-12-12, 0.019718
2012-12-13, 0.019641
2012-12-14, 0.019633
2012-12-17, 0.019609
2012-12-18, 0.019616
2012-12-19, 0.019620
2012-12-20, 0.019597
2012-12-21, 0.019551
2012-12-24, 0.019645
2012-12-25, 0.019802
2012-12-26, 0.019883
2012-12-27, 0.019918
2012-12-28, 0.019956
2012-12-31, 0.019939
2013-01-02, 0.019912
2013-01-03, 0.020019
2013-01-04, 0.020075
2013-01-07, 0.020097
2013-01-08, 0.020182
2013-01-09, 0.020255
2013-01-10, 0.020332
2013-01-11, 0.020374
2013-01-14, 0.020414
2013-01-15, 0.020502
2013-01-16, 0.020553
2013-01-17, 0.020654
2013-01-18, 0.020715
2013-01-21, 0.020732
2013-01-22, 0.020791
2013-01-23, 0.020837
2013-01-24, 0.020906
2013-01-25, 0.020887
2013-01-28, 0.020837
2013-01-29, 0.020605
2013-01-30, 0.020526
2013-01-31, 0.020362
2013-02-01, 0.020335
2013-02-04, 0.020348
2013-02-05, 0.020454
2013-02-06, 0.020439
2013-02-07, 0.020398
2013-02-08, 0.020337
2013-02-11, 0.020308
2013-02-12, 0.020324
2013-02-13, 0.020338
2013-02-14, 0.020348
2013-02-15, 0.020199
2013-02-18, 0.020248
2013-02-19, 0.020294
2013-02-20, 0.020312
2013-02-21, 0.020328
2013-02-22, 0.020209
2013-02-25, 0.020115
2013-02-26, 0.020174
2013-02-27, 0.020262
2013-02-28, 0.020371
2013-03-01, 0.020469
2013-03-04, 0.020476
2013-03-05, 0.020554
2013-03-06, 0.020631
2013-03-07, 0.020699
2013-03-08, 0.020725
2013-03-11, 0.020746
2013-03-12, 0.020800
2013-03-13, 0.020879
2013-03-14, 0.020877
2013-03-15, 0.020873
2013-03-18, 0.020882
2013-03-19, 0.020877
2013-03-20, 0.020826
2013-03-21, 0.020874
2013-03-22, 0.020868
2013-03-25, 0.020896
2013-03-26, 0.020885
2013-03-27, 0.020939
2013-03-28, 0.020925
2013-03-29, 0.020991
2013-04-01, 0.021053
2013-04-02, 0.021058
2013-04-03, 0.021090
2013-04-04, 0.021042
2013-04-05, 0.021012
2013-04-08, 0.020980
2013-04-09, 0.021088
2013-04-10, 0.021051
2013-04-11, 0.021033
2013-04-12, 0.021121
2013-04-15, 0.021134
2013-04-16, 0.021159
2013-04-17, 0.021015
2013-04-18, 0.020992
2013-04-19, 0.020865
2013-04-22, 0.020879
2013-04-24, 0.020956
2013-04-25, 0.021035
2013-04-26, 0.021013
2013-04-29, 0.021024
2013-04-30, 0.021072
2013-05-02, 0.021174
2013-05-03, 0.021384
2013-05-06, 0.021434
2013-05-07, 0.021485
2013-05-08, 0.021448
2013-05-09, 0.021529
2013-05-10, 0.021486
2013-05-13, 0.021483
2013-05-14, 0.021513
2013-05-15, 0.021675
2013-05-16, 0.021744
2013-05-17, 0.021808
2013-05-20, 0.021875
2013-05-21, 0.021741
2013-05-22, 0.021872
2013-05-23, 0.021939
2013-05-24, 0.021855
2013-05-27, 0.021860
2013-05-28, 0.021885
2013-05-29, 0.021955
2013-05-30, 0.021775
2013-05-31, 0.021747
2013-06-03, 0.021587
2013-06-04, 0.020636
2013-06-05, 0.021088
2013-06-06, 0.020945
2013-06-07, 0.020477
2013-06-10, 0.020792
2013-06-11, 0.020616
2013-06-12, 0.020435
2013-06-13, 0.020686
2013-06-14, 0.020712
2013-06-17, 0.021080
2013-06-18, 0.020943
2013-06-19, 0.020834
2013-06-20, 0.021000
2013-06-21, 0.020415
2013-06-24, 0.020312
2013-06-25, 0.019937
2013-06-26, 0.019960
2013-06-27, 0.020322
2013-06-28, 0.020538
2013-07-01, 0.020519
2013-07-02, 0.020644
2013-07-03, 0.020615
2013-07-04, 0.020251
2013-07-05, 0.020440
2013-07-08, 0.020138
2013-07-09, 0.019989
2013-07-10, 0.020063
2013-07-11, 0.019891
2013-07-12, 0.019885
2013-07-15, 0.020161
2013-07-16, 0.020482
2013-07-17, 0.020425
2013-07-18, 0.020632
2013-07-19, 0.020617
2013-07-22, 0.020421
2013-07-23, 0.020397
2013-07-24, 0.020374
2013-07-25, 0.020223
2013-07-26, 0.020261
2013-07-29, 0.020118
2013-07-30, 0.020141
2013-07-31, 0.020348
2013-08-01, 0.020228
2013-08-02, 0.020246
2013-08-05, 0.020290
2013-08-06, 0.020321
2013-08-07, 0.020274
2013-08-12, 0.020250
2013-08-13, 0.020432
2013-08-14, 0.020460
2013-08-15, 0.020483
2013-08-16, 0.020310
2013-08-19, 0.020338
2013-08-20, 0.020130
2013-08-21, 0.020078
2013-08-22, 0.019810
2013-08-23, 0.019646
2013-08-26, 0.019637
2013-08-27, 0.019725
2013-08-28, 0.019367
2013-08-29, 0.019429
2013-09-02, 0.019521
2013-09-03, 0.019765
2013-09-04, 0.019626
2013-09-05, 0.019602
2013-09-06, 0.019550
2013-09-09, 0.019643
2013-09-10, 0.019959
2013-09-11, 0.020136
2013-09-12, 0.020145
2013-09-13, 0.020304
2013-09-16, 0.020252
2013-09-17, 0.020623
2013-09-18, 0.020721
2013-09-19, 0.020701
2013-09-20, 0.021228
2013-09-23, 0.021067
2013-09-24, 0.020991
2013-09-25, 0.020992
2013-09-26, 0.020982
2013-09-27, 0.020912
2013-09-30, 0.020818
2013-10-01, 0.020806
2013-10-02, 0.020984
2013-10-03, 0.020917
2013-10-04, 0.021051
2013-10-07, 0.021072
2013-10-08, 0.021030
2013-10-09, 0.020982
2013-10-10, 0.020892
2013-10-11, 0.021007
2013-10-14, 0.021094
2013-10-21, 0.021109
2013-10-22, 0.021303
2013-10-23, 0.021378
2013-10-24, 0.021298
2013-10-25, 0.021374
2013-10-28, 0.021462
2013-10-30, 0.021459
2013-10-31, 0.021390
2013-11-01, 0.021282
2013-11-04, 0.021199
2013-11-05, 0.021177
2013-11-06, 0.020999
2013-11-07, 0.021114
2013-11-08, 0.021068
2013-11-11, 0.020791
2013-11-12, 0.020596
2013-11-13, 0.020582
2013-11-14, 0.020641
2013-11-15, 0.020852
2013-11-18, 0.020946
2013-11-19, 0.021077
2013-11-20, 0.020945
2013-11-21, 0.020990
2013-11-22, 0.020919
2013-11-25, 0.021047
2013-11-26, 0.021170
2013-11-27, 0.020997
2013-11-28, 0.020964
2013-11-29, 0.020916
2013-12-02, 0.021043
2013-12-03, 0.020980
2013-12-04, 0.020800
2013-12-05, 0.020801
2013-12-06, 0.020665
2013-12-09, 0.020828
2013-12-10, 0.020915
2013-12-11, 0.020898
2013-12-12, 0.020872
2013-12-13, 0.020817
2013-12-16, 0.020935
2013-12-17, 0.021034
2013-12-18, 0.020442
2013-12-19, 0.020497
2013-12-20, 0.020261
2013-12-23, 0.020355
2013-12-24, 0.020183
2013-12-25, 0.020233
2013-12-26, 0.019881
2013-12-27, 0.019648
2013-12-30, 0.019597
2013-12-31, 0.019987
2014-01-02, 0.019927
2014-01-03, 0.019715
2014-01-06, 0.019659
2014-01-07, 0.019917
2014-01-08, 0.020017
2014-01-09, 0.019861
2014-01-10, 0.019795
2014-01-13, 0.020005
2014-01-14, 0.020059
2014-01-15, 0.020034
2014-01-16, 0.020063
2014-01-17, 0.019945
2014-01-20, 0.019825
2014-01-21, 0.019833
2014-01-22, 0.019929
2014-01-23, 0.020006
2014-01-24, 0.019766
2014-01-27, 0.019604
2014-01-28, 0.019625
2014-01-29, 0.019434
2014-01-30, 0.019138
2014-01-31, 0.019230
2014-02-03, 0.019102
2014-02-04, 0.019061
2014-02-05, 0.019176
2014-02-06, 0.019099
2014-02-07, 0.019346
2014-02-10, 0.019413
2014-02-11, 0.019405
2014-02-12, 0.019446
2014-02-13, 0.019480
2014-02-14, 0.019313
2014-02-17, 0.019520
2014-02-18, 0.019575
2014-02-19, 0.019480
2014-02-20, 0.019440
2014-02-21, 0.019487
2014-02-24, 0.019473
2014-02-25, 0.019498
2014-02-26, 0.019230
2014-02-27, 0.019130
2014-02-28, 0.019177
2014-03-03, 0.019296
2014-03-04, 0.019054
2014-03-05, 0.019327
2014-03-06, 0.019369
2014-03-07, 0.019436
2014-03-10, 0.019322
2014-03-11, 0.019213
2014-03-12, 0.019203
2014-03-13, 0.019201
2014-03-14, 0.019218
2014-03-17, 0.019186
2014-03-18, 0.019296
2014-03-19, 0.019510
2014-03-20, 0.019488
2014-03-21, 0.019460
2014-03-24, 0.019375
2014-03-25, 0.019257
2014-03-26, 0.019432
2014-03-27, 0.019913
2014-03-28, 0.019908
2014-03-31, 0.020183
2014-04-01, 0.020317
2014-04-02, 0.020486
2014-04-03, 0.020518
2014-04-04, 0.020609
2014-04-07, 0.020730
2014-04-08, 0.020725
2014-04-09, 0.020869
2014-04-10, 0.020781
2014-04-11, 0.020820
2014-04-14, 0.020768
2014-04-15, 0.020885
2014-04-16, 0.020792
2014-04-17, 0.020764
2014-04-18, 0.020850
2014-04-21, 0.020869
2014-04-22, 0.020927
2014-04-24, 0.020949
2014-04-25, 0.020848
2014-04-28, 0.020840
2014-04-29, 0.020978
2014-04-30, 0.020981
2014-05-02, 0.021092
2014-05-05, 0.021206
2014-05-06, 0.021224
2014-05-07, 0.021229
2014-05-08, 0.021197
2014-05-09, 0.021242
2014-05-12, 0.021238
2014-05-13, 0.021230
2014-05-14, 0.021191
2014-05-15, 0.021205
2014-05-16, 0.021156
2014-05-20, 0.021160
2014-05-21, 0.021177
2014-05-22, 0.021275
2014-05-23, 0.021391
2014-05-26, 0.021424
2014-05-27, 0.021503
2014-05-28, 0.021418
2014-05-29, 0.021474
2014-05-30, 0.021581
2014-06-02, 0.021660
2014-06-03, 0.021607
2014-06-04, 0.021632
2014-06-05, 0.021576
2014-06-06, 0.021668
2014-06-09, 0.021791
2014-06-10, 0.021808
2014-06-11, 0.021869
2014-06-12, 0.021691
2014-06-13, 0.021740
2014-06-16, 0.021683
2014-06-17, 0.021547
2014-06-18, 0.021574
2014-06-19, 0.021567
2014-06-20, 0.021614
2014-06-23, 0.021591
2014-06-24, 0.021672
2014-06-25, 0.021658
2014-06-26, 0.021659
2014-06-27, 0.021626
2014-06-30, 0.021657
2014-07-01, 0.021664
2014-07-02, 0.021529
2014-07-03, 0.021469
2014-07-04, 0.021485
2014-07-07, 0.021516
2014-07-08, 0.021573
2014-07-09, 0.021590
2014-07-10, 0.021548
2014-07-11, 0.021468
2014-07-14, 0.021513
2014-07-15, 0.021599
2014-07-16, 0.021641
2014-07-17, 0.021693
2014-07-18, 0.021657
2014-07-21, 0.021675
2014-07-22, 0.021745
2014-07-23, 0.021857
2014-07-24, 0.021862
2014-07-25, 0.021996
2014-07-31, 0.022005
2014-08-01, 0.021857
2014-08-04, 0.021887
2014-08-05, 0.021828
2014-08-06, 0.021741
2014-08-07, 0.021655
2014-08-08, 0.021612
2014-08-11, 0.021609
2014-08-12, 0.021485
2014-08-13, 0.021529
2014-08-14, 0.021498
2014-08-15, 0.021526
2014-08-18, 0.021473
2014-08-19, 0.021537
2014-08-20, 0.021625
2014-08-21, 0.021598
2014-08-22, 0.021622
2014-08-25, 0.021647
2014-08-26, 0.021700
2014-08-27, 0.021769
2014-08-28, 0.021718
2014-08-29, 0.021750
2014-09-01, 0.021716
2014-09-02, 0.021764
2014-09-03, 0.021773
2014-09-04, 0.021838
2014-09-05, 0.021913
2014-09-08, 0.021940
2014-09-09, 0.021936
2014-09-10, 0.021746
2014-09-11, 0.021731
2014-09-12, 0.021687
2014-09-15, 0.021603
2014-09-16, 0.021615
2014-09-17, 0.021639
2014-09-18, 0.021644
2014-09-19, 0.021534
2014-09-22, 0.021499
2014-09-23, 0.021501
2014-09-24, 0.021519
2014-09-25, 0.021408
2014-09-26, 0.021366
2014-09-29, 0.021326
2014-09-30, 0.021262
2014-10-01, 0.021321
2014-10-02, 0.021296
2014-10-03, 0.021309
2014-10-08, 0.021309
2014-10-09, 0.021231
2014-10-10, 0.021383
2014-10-13, 0.021258
2014-10-14, 0.021355
2014-10-15, 0.021336
2014-10-16, 0.021357
2014-10-17, 0.021312
2014-10-20, 0.021415
2014-10-21, 0.021487
2014-10-22, 0.021650
2014-10-23, 0.021699
2014-10-24, 0.021822
2014-10-27, 0.021802
2014-10-28, 0.021825
2014-10-30, 0.021813
2014-10-31, 0.021879
2014-11-03, 0.021961
2014-11-04, 0.021945
2014-11-05, 0.022023
2014-11-06, 0.021913
2014-11-07, 0.021809
2014-11-10, 0.021881
2014-11-11, 0.021813
2014-11-12, 0.021921
2014-11-13, 0.022097
2014-11-14, 0.022146
2014-11-17, 0.022210
2014-11-18, 0.022158
2014-11-19, 0.022240
2014-11-20, 0.022283
2014-11-21, 0.022432
2014-11-24, 0.022519
2014-11-25, 0.022516
2014-11-26, 0.022550
2014-11-27, 0.022673
2014-11-28, 0.022745
2014-12-01, 0.022845
2014-12-02, 0.022834
2014-12-03, 0.022715
2014-12-04, 0.022733
2014-12-05, 0.022852
2014-12-08, 0.022748
2014-12-09, 0.022718
2014-12-10, 0.022608
2014-12-11, 0.022683
2014-12-12, 0.022738
2014-12-15, 0.022623
2014-12-16, 0.022601
2014-12-17, 0.022269
2014-12-18, 0.022440
2014-12-19, 0.022659
2014-12-22, 0.022665
2014-12-23, 0.022815
2014-12-24, 0.022775
2014-12-25, 0.022808
2014-12-26, 0.022804
2014-12-29, 0.022828
2014-12-30, 0.022753
2014-12-31, 0.022783
2015-01-02, 0.022958
2015-01-05, 0.022886
2015-01-06, 0.022961
2015-01-07, 0.023008
2015-01-08, 0.022991
2015-01-09, 0.023093
2015-01-12, 0.023118
2015-01-13, 0.023193
2015-01-14, 0.023234
2015-01-15, 0.023215
2015-01-16, 0.023285
2015-01-19, 0.023292
2015-01-20, 0.023314
2015-01-21, 0.023436
2015-01-22, 0.023526
2015-01-23, 0.023597
2015-01-26, 0.023610
2015-01-27, 0.023659
2015-01-28, 0.023649
2015-01-29, 0.023605
2015-01-30, 0.023461
2015-02-02, 0.023523
2015-02-03, 0.023614
2015-02-04, 0.023381
2015-02-05, 0.023264
2015-02-06, 0.023216
2015-02-09, 0.023166
2015-02-10, 0.023108
2015-02-11, 0.022994
2015-02-12, 0.023053
2015-02-13, 0.023272
2015-02-16, 0.023275
2015-02-17, 0.023315
2015-02-18, 0.023184
2015-02-19, 0.023272
2015-02-20, 0.023353
2015-02-23, 0.023281
2015-02-24, 0.023310
2015-02-25, 0.023353
2015-02-26, 0.023355
2015-02-27, 0.023295
2015-03-02, 0.023154
2015-03-03, 0.023148
2015-03-04, 0.023190
2015-03-05, 0.022987
2015-03-06, 0.022853
2015-03-09, 0.022806
2015-03-10, 0.022838
2015-03-11, 0.022568
2015-03-12, 0.022658
2015-03-13, 0.022679
2015-03-16, 0.022522
2015-03-17, 0.022656
2015-03-18, 0.022858
2015-03-19, 0.022850
2015-03-20, 0.023053
2015-03-23, 0.023113
2015-03-24, 0.023225
2015-03-25, 0.023045
2015-03-26, 0.023104
2015-03-27, 0.022982
2015-03-30, 0.022913
2015-03-31, 0.023016
2015-04-01, 0.022900
2015-04-02, 0.022933
2015-04-03, 0.022964
2015-04-06, 0.023077
2015-04-07, 0.023160
2015-04-08, 0.023102
2015-04-09, 0.023122
2015-04-10, 0.023191
2015-04-13, 0.023114
2015-04-14, 0.023060
2015-04-15, 0.023098
2015-04-16, 0.022993
2015-04-17, 0.023080
2015-04-20, 0.023105
2015-04-21, 0.023105
2015-04-22, 0.023263
2015-04-24, 0.023220
2015-04-27, 0.023349
2015-04-28, 0.023448
2015-04-29, 0.023458
2015-04-30, 0.023435
2015-05-04, 0.023282
2015-05-05, 0.023249
2015-05-06, 0.023230
2015-05-07, 0.023134
2015-05-08, 0.023173
2015-05-11, 0.023304
2015-05-12, 0.023367
2015-05-13, 0.023414
2015-05-14, 0.023552
2015-05-15, 0.023609
2015-05-18, 0.023649
2015-05-20, 0.023742
2015-05-21, 0.023630
2015-05-22, 0.023541
2015-05-25, 0.023483
2015-05-26, 0.023375
2015-05-27, 0.023356
2015-05-28, 0.023412
2015-05-29, 0.023377
2015-06-01, 0.023317
2015-06-02, 0.023112
2015-06-03, 0.023217
2015-06-04, 0.023378
2015-06-05, 0.023292
2015-06-08, 0.023283
2015-06-09, 0.022885
2015-06-10, 0.022930
2015-06-11, 0.023099
2015-06-12, 0.023214
2015-06-15, 0.023209
2015-06-16, 0.023036
2015-06-17, 0.023159
2015-06-18, 0.023240
2015-06-19, 0.023314
2015-06-22, 0.023373
2015-06-23, 0.023478
2015-06-24, 0.023445
2015-06-25, 0.023524
2015-06-26, 0.023452
2015-06-29, 0.023483
2015-06-30, 0.023339
2015-07-01, 0.023358
2015-07-02, 0.023284
2015-07-03, 0.023318
2015-07-06, 0.023271
2015-07-07, 0.023398
2015-07-08, 0.023318
2015-07-09, 0.023201
2015-07-10, 0.023366
2015-07-13, 0.023441
2015-07-14, 0.023484
2015-07-15, 0.023451
2015-07-16, 0.023422
2015-07-20, 0.023429
2015-07-21, 0.023294
2015-07-22, 0.023297
2015-07-23, 0.023285
2015-07-24, 0.023065
2015-07-27, 0.023111
2015-07-28, 0.023013
2015-07-29, 0.023064
2015-07-30, 0.023093
2015-07-31, 0.023090
2015-08-03, 0.023265
2015-08-04, 0.023112
2015-08-05, 0.023084
2015-08-06, 0.023066
2015-08-07, 0.023161
2015-08-10, 0.023120
2015-08-11, 0.023047
2015-08-12, 0.023246
2015-08-13, 0.023079
2015-08-14, 0.022951
2015-08-17, 0.022977
2015-08-18, 0.022959
2015-08-19, 0.022813
2015-08-20, 0.022787
2015-08-21, 0.022724
2015-08-24, 0.022633
2015-08-25, 0.022405
2015-08-26, 0.022659
2015-08-27, 0.022669
2015-08-28, 0.022770
2015-08-31, 0.022761
2015-09-01, 0.022795
2015-09-02, 0.022661
2015-09-03, 0.022664
2015-09-04, 0.022665
2015-09-07, 0.022570
2015-09-08, 0.022472
2015-09-09, 0.022510
2015-09-10, 0.022501
2015-09-11, 0.022452
2015-09-14, 0.022375
2015-09-15, 0.022330
2015-09-16, 0.022555
2015-09-17, 0.022677
2015-09-18, 0.022740
2015-09-21, 0.022741
2015-09-22, 0.022864
2015-09-23, 0.022806
2015-09-28, 0.022795
2015-09-29, 0.022628
2015-09-30, 0.022755
2015-10-01, 0.022734
2015-10-02, 0.022793
2015-10-05, 0.022775
2015-10-06, 0.023093
2015-10-07, 0.023100
2015-10-08, 0.023310
2015-10-09, 0.023301
2015-10-12, 0.023380
2015-10-13, 0.023355
2015-10-14, 0.023240
2015-10-15, 0.023381
2015-10-16, 0.023349
2015-10-19, 0.023262
2015-10-20, 0.023362
2015-10-21, 0.023453
2015-10-22, 0.023361
2015-10-23, 0.023420
2015-10-26, 0.023429
2015-10-27, 0.023297
2015-10-28, 0.023242
2015-10-30, 0.023211
2015-11-02, 0.023347
2015-11-03, 0.023954
2015-11-04, 0.023857
2015-11-05, 0.023946
2015-11-06, 0.023834
2015-11-09, 0.023742
2015-11-10, 0.023763
2015-11-11, 0.023691
2015-11-12, 0.023774
2015-11-13, 0.023829
2015-11-16, 0.023814
2015-11-17, 0.023742
2015-11-18, 0.023760
2015-11-19, 0.023684
2015-11-20, 0.023671
2015-11-23, 0.023727
2015-11-24, 0.023600
2015-11-25, 0.023222
2015-11-26, 0.023259
2015-11-27, 0.022994
2015-11-30, 0.023083
2015-12-01, 0.023056
2015-12-02, 0.023289
2015-12-03, 0.023262
2015-12-04, 0.023130
2015-12-07, 0.023012
2015-12-08, 0.022961
2015-12-09, 0.022845
2015-12-10, 0.023088
2015-12-11, 0.022751
2015-12-14, 0.022422
2015-12-15, 0.022327
2015-12-16, 0.022739
2015-12-17, 0.022843
2015-12-18, 0.022946
2015-12-21, 0.022815
2015-12-22, 0.022952
2015-12-23, 0.022894
2015-12-24, 0.023029
2015-12-25, 0.023044
2015-12-28, 0.023055
2015-12-29, 0.023118
2015-12-30, 0.023121
2015-12-31, 0.023013
2016-01-05, 0.022644
2016-01-06, 0.022614
2016-01-07, 0.022694
2016-01-08, 0.022780
2016-01-11, 0.022674
2016-01-12, 0.022762
2016-01-13, 0.022865
2016-01-14, 0.022957
2016-01-15, 0.022895
2016-01-18, 0.022817
2016-01-19, 0.022842
2016-01-20, 0.022834
2016-01-21, 0.022587
2016-01-22, 0.022471
2016-01-25, 0.022709
2016-01-26, 0.022734
2016-01-27, 0.022984
2016-01-28, 0.022964
2016-01-29, 0.023033
2016-02-01, 0.023283
2016-02-02, 0.023281
2016-02-03, 0.023050
2016-02-04, 0.023206
2016-02-05, 0.023451
2016-02-08, 0.023370
2016-02-09, 0.023006
2016-02-10, 0.022925
2016-02-11, 0.023010
2016-02-12, 0.022947
2016-02-15, 0.022902
2016-02-16, 0.022900
2016-02-17, 0.022920
2016-02-18, 0.023235
2016-02-19, 0.023261
2016-02-22, 0.023141
2016-02-23, 0.023469
2016-02-24, 0.023545
2016-02-25, 0.023267
2016-02-26, 0.023422
2016-02-29, 0.023455
2016-03-01, 0.023567
2016-03-02, 0.023585
2016-03-03, 0.023744
2016-03-04, 0.023824
2016-03-07, 0.023926
2016-03-08, 0.023950
2016-03-09, 0.024002
2016-03-10, 0.024241
2016-03-11, 0.024233
2016-03-14, 0.024324
2016-03-15, 0.024388
2016-03-16, 0.024139
2016-03-17, 0.024138
2016-03-18, 0.024484
2016-03-21, 0.024698
2016-03-22, 0.024755
2016-03-23, 0.024447
2016-03-24, 0.024279
2016-03-25, 0.024431
2016-03-28, 0.024433
2016-03-29, 0.024399
2016-03-30, 0.024457
2016-03-31, 0.024708
2016-04-01, 0.024788
2016-04-04, 0.024602
2016-04-05, 0.024834
2016-04-06, 0.024739
2016-04-07, 0.024575
2016-04-08, 0.024496
2016-04-11, 0.024660
2016-04-12, 0.024921
2016-04-13, 0.024866
2016-04-14, 0.025179
2016-04-15, 0.025206
2016-04-18, 0.025235
2016-04-19, 0.025374
2016-04-20, 0.025399
2016-04-21, 0.025274
2016-04-22, 0.025294
2016-04-25, 0.025317
2016-04-26, 0.025216
2016-04-27, 0.025364
2016-04-28, 0.025329
2016-04-29, 0.025325
2016-05-02, 0.025322
2016-05-03, 0.025157
2016-05-04, 0.024821
2016-05-05, 0.024638
2016-05-06, 0.024439
2016-05-09, 0.024369
2016-05-10, 0.024506
2016-05-11, 0.024485
2016-05-12, 0.024486
2016-05-13, 0.024404
2016-05-16, 0.024339
2016-05-17, 0.024216
2016-05-18, 0.024277
2016-05-20, 0.024285
2016-05-23, 0.024097
2016-05-24, 0.024214
2016-05-25, 0.024567
2016-05-26, 0.024522
2016-05-27, 0.024489
2016-05-30, 0.024523
2016-05-31, 0.024622
2016-06-01, 0.024584
2016-06-02, 0.024484
2016-06-03, 0.024377
2016-06-06, 0.024596
2016-06-07, 0.024683
2016-06-08, 0.024577
2016-06-09, 0.024682
2016-06-10, 0.024554
2016-06-13, 0.024450
2016-06-14, 0.024416
2016-06-15, 0.024364
2016-06-16, 0.024472
2016-06-17, 0.024275
2016-06-20, 0.024399
2016-06-21, 0.024639
2016-06-22, 0.024673
2016-06-23, 0.024659
2016-06-24, 0.024780
2016-06-27, 0.024441
2016-06-28, 0.024465
2016-06-29, 0.024633
2016-06-30, 0.024573
2016-07-01, 0.024650
2016-07-04, 0.024730
2016-07-08, 0.024789
2016-07-11, 0.024728
2016-07-12, 0.024944
2016-07-13, 0.025221
2016-07-14, 0.025253
2016-07-15, 0.025368
2016-07-18, 0.025384
2016-07-19, 0.024587
2016-07-20, 0.024375
2016-07-21, 0.024196
2016-07-22, 0.023757
2016-07-25, 0.023790
2016-07-26, 0.024102
2016-07-27, 0.024040
2016-07-28, 0.024205
2016-07-29, 0.024196
2016-08-01, 0.024254
2016-08-02, 0.024383
2016-08-03, 0.024255
2016-08-04, 0.024130
2016-08-05, 0.024344
2016-08-08, 0.024306
2016-08-09, 0.024609
2016-08-10, 0.024758
2016-08-11, 0.024673
2016-08-12, 0.024829
2016-08-15, 0.024733
2016-08-16, 0.024760
2016-08-17, 0.024660
2016-08-18, 0.024788
2016-08-19, 0.024779
2016-08-22, 0.024805
2016-08-23, 0.024741
2016-08-24, 0.024671
2016-08-25, 0.024472
2016-08-26, 0.024580
2016-08-29, 0.024669
2016-08-31, 0.024521
2016-09-01, 0.024591
2016-09-02, 0.024576
2016-09-05, 0.024728
2016-09-06, 0.024840
2016-09-07, 0.024845
2016-09-08, 0.024808
2016-09-09, 0.024870
2016-09-16, 0.024821
2016-09-19, 0.024735
2016-09-20, 0.024927
2016-09-21, 0.024896
2016-09-22, 0.024958
2016-09-23, 0.025193
2016-09-26, 0.025165
2016-09-27, 0.024760
2016-09-28, 0.024871
2016-09-29, 0.024999
2016-09-30, 0.024873
2016-10-03, 0.024786
2016-10-04, 0.024881
2016-10-05, 0.024838
2016-10-06, 0.024937
2016-10-07, 0.024938
2016-10-10, 0.024940
2016-10-11, 0.024923
2016-10-12, 0.024884
2016-10-13, 0.024892
2016-10-14, 0.024775
2016-10-17, 0.024880
2016-10-18, 0.024891
2016-10-19, 0.025039
2016-10-20, 0.025153
2016-10-21, 0.025196
2016-10-24, 0.025158
2016-10-25, 0.025337
2016-10-26, 0.025242
2016-10-27, 0.025270
2016-10-28, 0.025163
2016-10-31, 0.025157
2016-11-01, 0.025190
2016-11-02, 0.025038
2016-11-03, 0.025013
2016-11-04, 0.024925
2016-11-07, 0.024610
2016-11-08, 0.024786
2016-11-09, 0.024852
2016-11-10, 0.024824
2016-11-11, 0.024815
2016-11-14, 0.024673
2016-11-15, 0.024612
2016-11-16, 0.024729
2016-11-17, 0.024644
2016-11-18, 0.024702
2016-11-21, 0.024781
2016-11-22, 0.024764
2016-11-23, 0.024790
2016-11-24, 0.024674
2016-11-25, 0.024524
2016-11-28, 0.024557
2016-11-29, 0.024682
2016-11-30, 0.024584
2016-12-01, 0.024482
2016-12-02, 0.024297
2016-12-05, 0.024390
2016-12-06, 0.024360
2016-12-07, 0.024605
2016-12-08, 0.024719
2016-12-09, 0.024733
2016-12-12, 0.024675
2016-12-13, 0.024732
2016-12-14, 0.024861
2016-12-15, 0.024860
2016-12-16, 0.025007
2016-12-19, 0.024958
2016-12-20, 0.024940
2016-12-21, 0.025023
2016-12-22, 0.024995
2016-12-23, 0.024957
2016-12-26, 0.024910
2016-12-27, 0.024940
2016-12-28, 0.024912
2016-12-29, 0.025048
2016-12-30, 0.025069
2017-01-02, 0.025070
2017-01-03, 0.025028
2017-01-04, 0.024845
2017-01-05, 0.024775
2017-01-06, 0.024835
2017-01-09, 0.024940
2017-01-10, 0.024971
2017-01-11, 0.024915
2017-01-12, 0.024850
2017-01-13, 0.025256
2017-01-16, 0.025318
2017-01-17, 0.025305
2017-01-18, 0.025436
2017-01-19, 0.025527
2017-01-20, 0.025443
2017-01-23, 0.025544
2017-01-24, 0.025522
2017-01-25, 0.025771
2017-01-26, 0.025598
2017-01-27, 0.025728
2017-01-30, 0.025708
2017-01-31, 0.026171
2017-02-01, 0.026148
2017-02-02, 0.026238
2017-02-03, 0.026293
2017-02-06, 0.026457
2017-02-07, 0.026280
2017-02-08, 0.026338
2017-02-09, 0.026508
2017-02-10, 0.026635
2017-02-13, 0.026417
2017-02-14, 0.026584
2017-02-15, 0.026626
2017-02-16, 0.026542
2017-02-17, 0.026601
2017-02-20, 0.026716
2017-02-21, 0.026689
2017-02-22, 0.026732
2017-02-23, 0.026687
2017-02-24, 0.026780
2017-02-27, 0.026668
2017-02-28, 0.026579
2017-03-01, 0.026522
2017-03-02, 0.026830
2017-03-03, 0.026910
2017-03-06, 0.026859
2017-03-07, 0.026975
2017-03-08, 0.026867
2017-03-09, 0.026710
2017-03-10, 0.026627
2017-03-13, 0.026749
2017-03-14, 0.026734
2017-03-15, 0.026714
2017-03-16, 0.026788
2017-03-17, 0.026893
2017-03-20, 0.026921
2017-03-21, 0.026981
2017-03-22, 0.026886
2017-03-23, 0.026767
2017-03-24, 0.026761
2017-03-27, 0.026874
2017-03-28, 0.026798
2017-03-29, 0.026864
2017-03-30, 0.026784
2017-03-31, 0.026825
2017-04-03, 0.026789
2017-04-04, 0.026805
2017-04-05, 0.026850
2017-04-06, 0.026943
2017-04-07, 0.026876
2017-04-10, 0.026890
2017-04-11, 0.027392
2017-04-12, 0.027321
2017-04-13, 0.027340
2017-04-14, 0.027192
2017-04-17, 0.027250
2017-04-18, 0.027332
2017-04-19, 0.027460
2017-04-20, 0.027375
2017-04-21, 0.027510
2017-04-24, 0.027602
2017-04-25, 0.027924
2017-04-26, 0.027966
2017-04-27, 0.027935
2017-04-28, 0.027869
2017-05-02, 0.027955
2017-05-03, 0.027941
2017-05-04, 0.027874
2017-05-05, 0.027772
2017-05-08, 0.027862
2017-05-09, 0.027867
2017-05-10, 0.028072
2017-05-11, 0.028171
2017-05-12, 0.027942
2017-05-15, 0.027980
2017-05-16, 0.028111
2017-05-17, 0.028266
2017-05-18, 0.028286
2017-05-22, 0.028223
2017-05-23, 0.028435
2017-05-24, 0.028670
2017-05-25, 0.028715
2017-05-26, 0.028661
2017-05-29, 0.028584
2017-05-30, 0.028625
2017-05-31, 0.028556
2017-06-01, 0.028581
2017-06-02, 0.028575
2017-06-05, 0.028780
2017-06-06, 0.028763
2017-06-07, 0.028792
2017-06-08, 0.028741
2017-06-09, 0.028775
2017-06-12, 0.028939
2017-06-13, 0.029086
2017-06-14, 0.028985
2017-06-15, 0.029026
2017-06-16, 0.028933
2017-06-19, 0.028884
2017-06-20, 0.029085
2017-06-21, 0.029065
2017-06-22, 0.029081
2017-06-23, 0.029167
2017-06-28, 0.029125
2017-06-29, 0.029306
2017-06-30, 0.029222
2017-07-03, 0.029267
2017-07-04, 0.029276
2017-07-05, 0.029454
2017-07-06, 0.029359
2017-07-07, 0.029326
2017-07-10, 0.029286
2017-07-11, 0.029455
2017-07-12, 0.029696
2017-07-13, 0.029713
2017-07-14, 0.029740
2017-07-17, 0.029891
2017-07-18, 0.030037
2017-07-19, 0.029927
2017-07-20, 0.030172
2017-07-21, 0.030072
2017-07-24, 0.030068
2017-07-25, 0.030050
2017-07-26, 0.030060
2017-07-27, 0.030032
2017-07-28, 0.030168
2017-07-31, 0.030078
2017-08-01, 0.030061
2017-08-02, 0.029891
2017-08-03, 0.029897
2017-08-04, 0.029910
2017-08-07, 0.030095
2017-08-08, 0.030210
2017-08-09, 0.030175
2017-08-10, 0.030042
2017-08-11, 0.029968
2017-08-14, 0.029864
2017-08-15, 0.030180
2017-08-16, 0.029979
2017-08-17, 0.029980
2017-08-18, 0.029982
2017-08-21, 0.029966
2017-08-22, 0.030133
2017-08-23, 0.030121
2017-08-24, 0.030144
2017-08-25, 0.030258
2017-08-28, 0.030376
2017-08-29, 0.030518
2017-08-31, 0.030491
2017-09-05, 0.030469
2017-09-06, 0.030298
2017-09-07, 0.030361
2017-09-08, 0.030345
2017-09-11, 0.030245
2017-09-12, 0.030403
2017-09-13, 0.030381
2017-09-14, 0.030305
2017-09-15, 0.030321
2017-09-18, 0.030290
2017-09-19, 0.030190
2017-09-20, 0.030031
2017-09-21, 0.030069
2017-09-22, 0.029943
2017-09-25, 0.029995
2017-09-26, 0.029806
2017-09-27, 0.029982
2017-09-28, 0.029642
2017-09-29, 0.029813
2017-10-02, 0.029834
2017-10-03, 0.029896
2017-10-04, 0.029891
2017-10-05, 0.030004
2017-10-06, 0.029988
2017-10-09, 0.029944
2017-10-10, 0.029670
2017-10-11, 0.029861
2017-10-12, 0.029865
2017-10-13, 0.030057
2017-10-16, 0.030122
2017-10-17, 0.030141
2017-10-18, 0.030171
2017-10-19, 0.030142
2017-10-20, 0.030308
2017-10-23, 0.030285
2017-10-24, 0.030115
2017-10-25, 0.030103
2017-10-26, 0.030225
2017-10-27, 0.030099
2017-10-30, 0.030091
2017-10-31, 0.030217
2017-11-01, 0.030360
2017-11-02, 0.030675
2017-11-03, 0.030739
2017-11-06, 0.030458
2017-11-07, 0.030649
2017-11-09, 0.030292
2017-11-10, 0.030190
2017-11-13, 0.030118
2017-11-14, 0.030110
2017-11-15, 0.030296
2017-11-17, 0.030098
2017-11-20, 0.029971
2017-11-21, 0.029591
2017-11-22, 0.029593
2017-11-23, 0.029689
2017-11-24, 0.029570
2017-11-27, 0.029544
2017-11-28, 0.029620
2017-11-29, 0.029412
2017-11-30, 0.029409
2017-12-01, 0.029602
2017-12-04, 0.029572
2017-12-05, 0.029794
2017-12-06, 0.029970
2017-12-07, 0.029857
2017-12-08, 0.029946
2017-12-11, 0.030110
2017-12-12, 0.030256
2017-12-13, 0.030185
2017-12-14, 0.030066
2017-12-15, 0.030234
2017-12-18, 0.030194
2017-12-19, 0.030259
2017-12-20, 0.030274
2017-12-21, 0.030305
2017-12-22, 0.030397
2017-12-25, 0.030431
2017-12-26, 0.030496
2017-12-27, 0.030520
2017-12-28, 0.030567
2017-12-29, 0.030813
2018-01-02, 0.030930
2018-01-03, 0.031137
2018-01-04, 0.031014
2018-01-05, 0.030951
2018-01-08, 0.031085
2018-01-09, 0.031031
2018-01-10, 0.030914
2018-01-11, 0.030792
2018-01-12, 0.030940
2018-01-15, 0.030918
2018-01-16, 0.030756
2018-01-17, 0.030929
2018-01-18, 0.031143
2018-01-19, 0.031158
2018-01-22, 0.031009
2018-01-23, 0.031229
2018-01-24, 0.031363
2018-01-25, 0.031603
2018-01-26, 0.031664
2018-01-29, 0.031944
2018-01-30, 0.031868
2018-01-31, 0.031734
2018-02-01, 0.031816
2018-02-02, 0.031715
2018-02-05, 0.031670
2018-02-06, 0.031504
2018-02-07, 0.031390
2018-02-08, 0.031466
2018-02-09, 0.031349
2018-02-12, 0.031288
2018-02-13, 0.031414
2018-02-14, 0.031388
2018-02-15, 0.031228
2018-02-16, 0.031603
2018-02-19, 0.031695
2018-02-20, 0.031635
2018-02-21, 0.031319
2018-02-22, 0.031695
2018-02-23, 0.031779
2018-02-26, 0.031890
2018-02-27, 0.032007
2018-02-28, 0.032002
2018-03-01, 0.032037
2018-03-02, 0.031890
2018-03-05, 0.031808
2018-03-06, 0.031761
2018-03-07, 0.031765
2018-03-08, 0.031806
2018-03-09, 0.031733
2018-03-12, 0.031764
2018-03-13, 0.031954
2018-03-14, 0.031854
2018-03-15, 0.031791
2018-03-16, 0.031724
2018-03-19, 0.031709
2018-03-20, 0.031485
2018-03-21, 0.031582
2018-03-22, 0.031785
2018-03-23, 0.031707
2018-03-26, 0.031575
2018-03-27, 0.031511
2018-03-28, 0.031485
2018-03-29, 0.031297
2018-03-30, 0.031507
2018-04-02, 0.031593
2018-04-03, 0.031526
2018-04-04, 0.031581
2018-04-05, 0.031525
2018-04-06, 0.031575
2018-04-09, 0.031475
2018-04-10, 0.031349
2018-04-11, 0.031094
2018-04-12, 0.030877
2018-04-13, 0.031059
2018-04-16, 0.031026
2018-04-17, 0.031125
2018-04-18, 0.030936
2018-04-19, 0.031390
2018-04-20, 0.031458
2018-04-24,0.031365
2018-04-25,0.031325
2018-04-26,0.031054
2018-04-27,0.031010
2018-04-30,0.031103
2018-05-02,0.030747
2018-05-03,0.030742
2018-05-04,0.030478
2018-05-07,0.030390
2018-05-08,0.030127
2018-05-09,0.029977
2018-05-10,0.030133
2018-05-11,0.030445
2018-05-14,0.030384
2018-05-15,0.030551
2018-05-16,0.030243
2018-05-17,0.030282
2018-05-18,0.030208
2018-05-21,0.030256
2018-05-22,0.030178
2018-05-23,0.030370
2018-05-24,0.030127
2018-05-25,0.030039
2018-05-28,0.030308
2018-05-29,0.030871
2018-05-30,0.030834
2018-05-31,0.030719
2018-06-01,0.030250
2018-06-04,0.029954
2018-06-05,0.029877
2018-06-06,0.029683
2018-06-07,0.029551
2018-06-08,0.029881
2018-06-11,0.029501
2018-06-12,0.029561
2018-06-13,0.029403
2018-06-14,0.029085
2018-06-18,0.029228
2018-06-19,0.029080
2018-06-20,0.029205
2018-06-21,0.029251
2018-06-22,0.029301
2018-06-25,0.029454
2018-06-26,0.029219
2018-06-27,0.029196
2018-06-28,0.029508
2018-06-29,0.029625
2018-07-02,0.029688
2018-07-03,0.029759
2018-07-04,0.029637
2018-07-05,0.029698
2018-07-06,0.029971
2018-07-09,0.029970
2018-07-10,0.030110
2018-07-11,0.029603
2018-07-12,0.028831
2018-07-13,0.028493
2018-07-16,0.028539
2018-07-17,0.028480
2018-07-18,0.028744
2018-07-19,0.028904
2018-07-20,0.028942
2018-07-23,0.029090
2018-07-24,0.029399
2018-07-25,0.028894
2018-07-26,0.029284
2018-07-27,0.029242
2018-07-30,0.029325
2018-07-31,0.029402
2018-08-01,0.029522
2018-08-02,0.029594
2018-08-03,0.029084
2018-08-06,0.029259
2018-08-07,0.028993
2018-08-08,0.029164
2018-08-09,0.029353
2018-08-10,0.029353
2018-08-13,0.028885
2018-08-14,0.028317
2018-08-15,0.028457
2018-08-16,0.028043
2018-08-17,0.027610
2018-08-20,0.027683
2018-08-27,0.027868
2018-08-28,0.027999
2018-08-29,0.028432
2018-08-31,0.028342
2018-09-03,0.028254
2018-09-04,0.028517
2018-09-05,0.028529
2018-09-06,0.028466
2018-09-07,0.028510
2018-09-10,0.028691
2018-09-11,0.028464
2018-09-12,0.028521
2018-09-13,0.028501
2018-09-14,0.028853
2018-09-17,0.029139
2018-09-18,0.028999
2018-09-19,0.029019
2018-09-20,0.029308
2018-09-21,0.029229
2018-09-24,0.029498
2018-09-25,0.029775
2018-09-26,0.029710
2018-09-27,0.029716
2018-09-28,0.029991
2018-10-01,0.030097
2018-10-02,0.029923
2018-10-03,0.029818
2018-10-04,0.029546
2018-10-05,0.029047
2018-10-08,0.029103
2018-10-09,0.029264
2018-10-10,0.029370
2018-10-11,0.029057
2018-10-12,0.029103
2018-10-15,0.029452
2018-10-16,0.030026
2018-10-17,0.030011
2018-10-18,0.030267
2018-10-19,0.030057
2018-10-22,0.029750
2018-10-23,0.029454
2018-10-24,0.029065
2018-10-25,0.028967
2018-10-26,0.029156
2018-10-30,0.028884
2018-10-31,0.028865
2018-11-01,0.028916
2018-11-02,0.029179
2018-11-05,0.029563
2018-11-06,0.029829
2018-11-07,0.029916
2018-11-08,0.030029
2018-11-09,0.029667
2018-11-12,0.029476
2018-11-13,0.029254
2018-11-14,0.029470
2018-11-15,0.029520
2018-11-16,0.029629
2018-11-19,0.029700
2018-11-20,0.029803
2018-11-21,0.029337
2018-11-22,0.029374
2018-11-23,0.029386
2018-11-26,0.029500
2018-11-27,0.029789
2018-11-28,0.029746
2018-11-29,0.029836
2018-11-30,0.030025
2018-12-03,0.030075
2018-12-04,0.030034
2018-12-05,0.029793
2018-12-06,0.029731
2018-12-07,0.029566
2018-12-10,0.029680
2018-12-11,0.029454
2018-12-12,0.029379
2018-12-13,0.029053
2018-12-14,0.029206
2018-12-17,0.029046
2018-12-18,0.028965
2018-12-19,0.029196
2018-12-20,0.029520
2018-12-21,0.029553
2018-12-24,0.029596
2018-12-25,0.029552
2018-12-26,0.029468
2018-12-27,0.029526
2018-12-28,0.029518
